-- --------------------------------------------------------
-- 主机:                           127.0.0.1
-- 服务器版本:                        5.7.14 - MySQL Community Server (GPL)
-- 服务器操作系统:                      Win64
-- HeidiSQL 版本:                  9.4.0.5125
-- --------------------------------------------------------

/*!40101 SET @OLD_CHARACTER_SET_CLIENT=@@CHARACTER_SET_CLIENT */;
/*!40101 SET NAMES utf8 */;
/*!50503 SET NAMES utf8mb4 */;
/*!40014 SET @OLD_FOREIGN_KEY_CHECKS=@@FOREIGN_KEY_CHECKS, FOREIGN_KEY_CHECKS=0 */;
/*!40101 SET @OLD_SQL_MODE=@@SQL_MODE, SQL_MODE='NO_AUTO_VALUE_ON_ZERO' */;


-- 导出 ylife 的数据库结构
DROP DATABASE IF EXISTS `ylife`;
CREATE DATABASE IF NOT EXISTS `ylife` /*!40100 DEFAULT CHARACTER SET utf8 */;
USE `ylife`;

-- 导出  表 ylife.admin_deposit 结构
DROP TABLE IF EXISTS `admin_deposit`;
CREATE TABLE IF NOT EXISTS `admin_deposit` (
  `id` int(11) NOT NULL AUTO_INCREMENT,
  `order_id` int(11) NOT NULL COMMENT '订单id',
  `user_id` int(11) DEFAULT '0' COMMENT '头寸用户',
  `admin_id` int(11) NOT NULL COMMENT '账号',
  `amount` decimal(11,2) NOT NULL DEFAULT '0.00' COMMENT '金额',
  `created_at` datetime DEFAULT NULL COMMENT '创建时间',
  PRIMARY KEY (`id`)
) ENGINE=InnoDB DEFAULT CHARSET=utf8 COMMENT='管理员保证金记录表';

-- 正在导出表  ylife.admin_deposit 的数据：~0 rows (大约)
/*!40000 ALTER TABLE `admin_deposit` DISABLE KEYS */;
/*!40000 ALTER TABLE `admin_deposit` ENABLE KEYS */;

-- 导出  表 ylife.admin_menu 结构
DROP TABLE IF EXISTS `admin_menu`;
CREATE TABLE IF NOT EXISTS `admin_menu` (
  `id` int(11) NOT NULL AUTO_INCREMENT COMMENT '序号',
  `name` varchar(30) NOT NULL COMMENT '菜单名',
  `pid` int(11) DEFAULT '0' COMMENT '父ID',
  `level` smallint(6) DEFAULT '1' COMMENT '层级',
  `sort` int(11) DEFAULT '1' COMMENT '排序值',
  `url` varchar(250) DEFAULT '' COMMENT '跳转链接',
  `icon` varchar(250) DEFAULT NULL COMMENT '图标',
  `is_show` tinyint(4) DEFAULT '1' COMMENT '是否显示',
  `category` tinyint(4) DEFAULT '1' COMMENT '菜单分类',
  `state` tinyint(4) DEFAULT '1' COMMENT '状态',
  `created_at` datetime DEFAULT NULL,
  `created_by` int(11) DEFAULT NULL,
  `updated_at` datetime DEFAULT NULL,
  `updated_by` int(11) DEFAULT NULL,
  PRIMARY KEY (`id`)
) ENGINE=InnoDB AUTO_INCREMENT=55 DEFAULT CHARSET=utf8 COMMENT='菜单表';

-- 正在导出表  ylife.admin_menu 的数据：~54 rows (大约)
/*!40000 ALTER TABLE `admin_menu` DISABLE KEYS */;
INSERT INTO `admin_menu` (`id`, `name`, `pid`, `level`, `sort`, `url`, `icon`, `is_show`, `category`, `state`, `created_at`, `created_by`, `updated_at`, `updated_by`) VALUES
	(1, '系统管理', 0, 1, 1, 'system', '<i class="Hui-iconfont">&#xe62e;</i>', 1, 1, 1, '2016-08-22 17:54:31', 1, '2016-10-28 15:03:56', 1),
	(2, '系统设置', 1, 2, 2, 'system/setting', '', 1, 1, 1, '2016-08-22 17:54:58', 1, '2016-08-22 17:54:58', 1),
	(3, '系统菜单', 1, 2, 3, 'system/menu', '', 1, 1, 1, '2016-08-22 17:55:35', 1, '2016-08-22 18:59:43', 1),
	(4, '系统日志', 1, 2, 4, 'system/logList', '', 1, 1, 1, '2016-08-22 18:42:11', 1, '2016-09-02 11:40:45', 1),
	(5, '管理员管理', 0, 1, 3, 'admin', '<i class="Hui-iconfont">&#xe62d;</i>', 1, 1, 1, '2016-08-22 18:43:29', 1, '2016-10-28 15:03:56', 1),
	(6, '管理员列表', 5, 2, 2, 'admin/list', '', 1, 1, 1, '2016-08-22 18:46:24', 1, '2016-08-22 18:46:24', 1),
	(7, '角色列表', 5, 2, 3, 'admin/roleList', '', 1, 1, 1, '2016-08-22 18:46:50', 1, '2016-08-30 18:25:01', 1),
	(8, '权限列表', 5, 2, 4, 'admin/permissionList', '', 1, 1, 1, '2016-08-22 18:47:10', 1, '2016-08-30 18:24:58', 1),
	(9, '会员管理', 0, 1, 3, 'user', '<i class="Hui-iconfont">&#xe60d;</i>', 1, 1, 1, '2016-08-22 18:47:49', 1, '2016-10-28 15:03:56', 1),
	(10, '会员列表', 9, 2, 2, 'user/list', '', 1, 1, 1, '2016-08-22 18:48:13', 1, '2016-08-27 19:45:26', 1),
	(11, '经纪人管理', 0, 1, 8, 'retail', '<i class="Hui-iconfont">&#xe616;</i>', 1, 1, 1, '2016-08-22 18:48:55', 1, '2017-03-13 15:10:53', 1),
	(12, '代理商列表', 11, 2, 2, 'retail/list', '', 1, 1, -1, '2016-08-22 18:49:15', 1, '2016-11-28 16:49:54', 1),
	(13, '体验券管理', 0, 1, 7, 'coupon', '<i class="Hui-iconfont">&#xe613;</i>', 1, 1, 1, '2016-08-22 18:49:39', 1, '2016-10-28 15:07:00', 1),
	(14, '体验券列表', 13, 2, 2, 'coupon/list', '', 1, 1, 1, '2016-08-22 18:49:54', 1, '2016-10-28 15:07:04', 1),
	(15, '产品管理', 0, 1, 5, 'product', '<i class="Hui-iconfont">&#xe620;</i>', 1, 1, 1, '2016-08-22 18:51:04', 1, '2016-10-28 15:03:56', 1),
	(16, '产品列表', 15, 2, 2, 'product/list', '', 1, 1, 1, '2016-08-22 18:51:18', 1, '2016-08-22 18:51:18', 1),
	(17, '分销管理', 0, 1, 6, 'sale', '<i class="Hui-iconfont">&#xe622;</i>', 1, 1, -1, '2016-08-22 18:51:35', 1, '2016-10-28 15:03:56', 1),
	(18, '经纪人列表', 17, 2, 2, 'sale/managerList', '', 1, 1, -1, '2016-08-22 18:52:10', 1, '2016-10-28 15:48:01', 1),
	(19, '订单管理', 0, 1, 4, 'order', '<i class="Hui-iconfont">&#xe61a;</i>', 1, 1, 1, '2016-08-22 19:00:05', 1, '2016-10-28 15:03:56', 1),
	(20, '用户持有体验券', 13, 2, 3, 'coupon/ownerList', '', 1, 1, 1, '2016-10-27 14:50:18', 1, '2016-10-28 15:27:50', 1),
	(21, '会员持仓列表', 9, 2, 3, 'user/positionList', '', 1, 1, 1, '2016-10-27 15:32:31', 1, '2016-10-28 09:27:38', 1),
	(22, '会员赠金', 9, 2, 4, 'user/giveList', '', 1, 1, 1, '2016-10-27 15:33:45', 1, '2016-10-27 19:55:55', 1),
	(23, '会员出金', 9, 2, 5, 'user/withdrawList', '', 1, 1, 1, '2016-10-27 15:34:11', 1, '2016-10-27 19:55:59', 1),
	(24, '会员充值记录', 9, 2, 6, 'user/chargeRecordList', '', 1, 1, 1, '2016-10-27 15:36:04', 1, '2016-10-27 19:56:07', 1),
	(25, '订单列表', 19, 2, 2, 'order/list', '', 1, 1, 1, '2016-10-27 21:10:41', 1, '2016-10-27 21:10:41', 1),
	(26, '风险管理', 0, 1, 9, 'risk', '<i class="Hui-iconfont">&#xe65a;</i>', 1, 1, 1, '2016-10-29 10:45:01', 1, '2016-10-29 10:50:36', 1),
	(27, '风险控制', 26, 2, 2, 'risk/center', '', 1, 1, 1, '2016-10-29 10:45:37', 1, '2016-10-29 10:45:37', 1),
	(28, '审核经纪人', 9, 2, 7, 'user/verifyManager', '', 1, 1, -1, '2016-10-31 17:06:34', 1, '2016-10-31 17:06:34', 1),
	(29, '经纪人列表', 11, 2, 3, 'sale/managerList', '', 1, 1, 1, '2016-11-30 18:00:01', 1, '2016-11-30 18:00:01', 1),
	(30, '审核经纪人', 11, 2, 4, 'user/verifyManager', '', 1, 1, 1, '2016-11-30 18:00:25', 1, '2016-11-30 18:00:25', 1),
	(31, '代理商返点统计', 11, 2, 5, 'sale/managerRebateList', '', 1, 1, -1, '2016-12-06 15:50:40', 1, '2016-12-06 16:07:32', 1),
	(32, '总返点记录列表', 11, 2, 6, 'user/rebateList', '', 1, 1, -1, '2016-12-06 15:51:19', 1, '2016-12-06 16:07:37', 1),
	(33, '结算会员', 5, 2, 5, 'admin/settle', '', 1, 1, -1, '2017-03-10 16:34:17', 1, '2017-03-10 16:34:56', 1),
	(34, '运营中心', 5, 2, 6, 'admin/operate', '', 1, 1, -1, '2017-03-10 16:35:00', 1, '2017-03-10 16:35:00', 1),
	(35, '微会员', 5, 2, 7, 'admin/member', '', 1, 1, -1, '2017-03-10 16:35:15', 1, '2017-03-10 16:35:15', 1),
	(36, '微圈', 5, 2, 8, 'admin/ring', '', 1, 1, -1, '2017-03-10 16:36:01', 1, '2017-03-10 16:36:01', 1),
	(37, '组织架构', 0, 1, 2, 'group', '<i class="Hui-iconfont"></i>', 1, 1, 1, '2017-03-13 15:00:41', 1, '2017-03-13 15:03:36', 1),
	(38, '结算会员', 0, 1, 10, 'admin/settle', '', 1, 1, -1, '2017-03-13 15:03:08', 1, '2017-03-13 15:03:08', 1),
	(39, '结算会员', 37, 2, 2, 'admin/settle', '', 1, 1, 1, '2017-03-13 15:03:49', 1, '2017-03-13 15:03:57', 1),
	(40, '运营中心', 37, 2, 3, 'admin/operate', '', 1, 1, 1, '2017-03-13 15:04:14', 1, '2017-03-13 15:04:14', 1),
	(41, '微会员', 37, 2, 4, 'admin/member', '', 1, 1, 1, '2017-03-13 15:04:25', 1, '2017-03-13 15:04:25', 1),
	(42, '微圈', 37, 2, 5, 'admin/ring', '', 1, 1, 1, '2017-03-13 15:04:40', 1, '2017-03-13 15:04:40', 1),
	(43, '记录管理', 0, 1, 11, 'record', '<i class="Hui-iconfont"></i>', 1, 1, 1, '2017-03-13 15:13:14', 1, '2017-03-13 15:20:52', 1),
	(44, '手续费提现记录', 43, 2, 2, 'record/feeRecord', '', 1, 1, 1, '2017-03-13 15:19:02', 1, '2017-03-13 15:19:02', 1),
	(45, '保证金操作记录', 43, 2, 3, 'record/depositRecord', '', 1, 1, 1, '2017-03-13 15:19:27', 1, '2017-03-13 15:19:27', 1),
	(46, '经纪人返点记录', 43, 2, 4, 'user/managerRebateList', '', 1, 1, 1, '2017-03-13 15:20:16', 1, '2017-03-14 14:42:48', 1),
	(47, '管理员返点记录', 43, 2, 5, 'user/adminRebateList', '', 1, 1, 1, '2017-03-14 14:43:05', 1, '2017-03-14 14:43:05', 1),
	(48, '微会员公众号记录', 43, 2, 6, 'record/ringWechatList', '', 1, 1, 1, '2017-03-14 18:07:23', 1, '2017-03-15 17:42:52', 1),
	(49, '管理员列表', 37, 2, 6, 'admin/myAdminuserList', '', 1, 1, 1, '2017-03-15 11:55:23', 1, '2017-03-15 11:55:23', 1),
	(50, '用户头寸统计记录', 43, 2, 7, 'record/depositList', '', 1, 1, 1, '2017-03-16 14:03:46', 1, '2017-03-16 14:04:52', 1),
	(51, '系统公告', 1, 2, 5, 'article/notice', '', 1, 1, 1, '2017-03-22 18:30:23', 1, '2017-03-22 18:30:23', 1),
	(52, '赠金记录', 9, 2, 8, 'user/giveMoneyList', '', 1, 1, 1, '2017-03-28 14:42:15', 1, '2017-03-28 14:42:15', 1),
	(53, '公众号消息列表', 43, 2, 8, 'record/newsWechat', '', 1, 1, 1, '2017-04-08 09:40:56', 1, '2017-04-08 09:40:56', 1),
	(54, '变更经纪人列表', 11, 2, 7, 'user/updateManager', '', 1, 1, 1, '2017-04-13 18:02:13', 1, '2017-04-13 18:02:13', 1);
/*!40000 ALTER TABLE `admin_menu` ENABLE KEYS */;

-- 导出  表 ylife.admin_user 结构
DROP TABLE IF EXISTS `admin_user`;
CREATE TABLE IF NOT EXISTS `admin_user` (
  `id` int(11) NOT NULL AUTO_INCREMENT,
  `username` varchar(30) NOT NULL COMMENT '账号',
  `password` varchar(80) NOT NULL COMMENT '密码',
  `realname` varchar(30) NOT NULL DEFAULT '' COMMENT '真名',
  `pid` int(11) DEFAULT '0' COMMENT '上级',
  `power` int(11) DEFAULT '10000' COMMENT '权力值',
  `mobile` varchar(11) DEFAULT NULL COMMENT '手机号',
  `state` tinyint(4) DEFAULT '1' COMMENT '状态',
  `created_at` datetime DEFAULT NULL,
  `created_by` int(11) DEFAULT NULL,
  `updated_at` datetime DEFAULT NULL,
  `updated_by` int(11) DEFAULT NULL,
  PRIMARY KEY (`id`),
  UNIQUE KEY `username` (`username`) USING BTREE
) ENGINE=InnoDB AUTO_INCREMENT=9 DEFAULT CHARSET=utf8 COMMENT='后台用户表';

-- 正在导出表  ylife.admin_user 的数据：~8 rows (大约)
/*!40000 ALTER TABLE `admin_user` DISABLE KEYS */;
INSERT INTO `admin_user` (`id`, `username`, `password`, `realname`, `pid`, `power`, `mobile`, `state`, `created_at`, `created_by`, `updated_at`, `updated_by`) VALUES
	(1, 'ChisWill', '$2y$13$e5m2stZQfqCLLeTZbsO5Ve658hnPf1OJGDEqSvwUAD8MlNGGpqcxy', 'ChisWill', 0, 10000, '13915922200', 1, '2016-08-06 23:36:12', 0, '2017-04-11 18:13:22', 1),
	(2, 'admin', '$2y$13$e5m2stZQfqCLLeTZbsO5Ve658hnPf1OJGDEqSvwUAD8MlNGGpqcxy', 'admin', 0, 9999, '13825060143', 1, '2016-10-26 17:41:00', 2, '2017-04-21 14:11:21', 2),
	(3, '结算会员', '$2y$13$.tK1.88Oa.cPYPBTc25FRezudlaW78DNPOSyQcHKNwCdoRDQ3Nf8G', '结算会员', 2, 9998, '13915922200', 1, '2017-03-13 11:47:26', 2, '2017-03-13 11:47:26', 2),
	(4, '运营中心', '$2y$13$.tK1.88Oa.cPYPBTc25FRezudlaW78DNPOSyQcHKNwCdoRDQ3Nf8G', '运营中心', 3, 9997, '13915922200', 1, '2017-03-13 11:48:08', 2, '2017-03-13 11:48:08', 2),
	(5, '微会员', '$2y$13$.tK1.88Oa.cPYPBTc25FRezudlaW78DNPOSyQcHKNwCdoRDQ3Nf8G', '微会员', 4, 9996, '18697999997', 1, '2017-03-13 11:48:51', 2, '2017-04-26 13:22:32', 5),
	(6, '微圈', '$2y$13$S5MYW08iV/W9ujUQP5Gl1uHhdRx.5iBwAWVvVX0v8sTXOAwWbRRFy', '微圈', 5, 9995, '13945677777', 1, '2017-04-26 16:03:39', 2, '2017-04-26 16:03:39', 2),
	(7, '客服', '$2y$13$.tK1.88Oa.cPYPBTc25FRezudlaW78DNPOSyQcHKNwCdoRDQ3Nf8G', '客服', 0, 9999, '13915922200', 1, '2017-03-15 11:58:08', 2, '2017-04-10 13:50:14', 7),
	(8, '财务', '$2y$13$.tK1.88Oa.cPYPBTc25FRezudlaW78DNPOSyQcHKNwCdoRDQ3Nf8G', '财务', 0, 9999, '13915922200', 1, '2017-03-16 16:37:17', 2, '2017-04-25 12:08:11', 8);
/*!40000 ALTER TABLE `admin_user` ENABLE KEYS */;

-- 导出  表 ylife.article 结构
DROP TABLE IF EXISTS `article`;
CREATE TABLE IF NOT EXISTS `article` (
  `id` int(11) NOT NULL AUTO_INCREMENT,
  `title` varchar(50) NOT NULL COMMENT '标题',
  `content` text NOT NULL COMMENT '内容',
  `publish_time` datetime NOT NULL COMMENT '发生时间',
  `category` tinyint(4) DEFAULT '1' COMMENT '分类',
  `admin_id` int(10) DEFAULT '0' COMMENT '公众号id',
  `state` tinyint(4) DEFAULT '1' COMMENT '状态',
  `created_at` datetime DEFAULT NULL COMMENT '发布时间',
  `created_by` int(11) DEFAULT NULL COMMENT '发布人',
  `updated_at` datetime DEFAULT NULL COMMENT '更新时间',
  `updated_by` int(11) DEFAULT NULL COMMENT '修改人',
  PRIMARY KEY (`id`)
) ENGINE=InnoDB AUTO_INCREMENT=3 DEFAULT CHARSET=utf8 COMMENT='资讯表';

-- 正在导出表  ylife.article 的数据：~2 rows (大约)
/*!40000 ALTER TABLE `article` DISABLE KEYS */;
INSERT INTO `article` (`id`, `title`, `content`, `publish_time`, `category`, `admin_id`, `state`, `created_at`, `created_by`, `updated_at`, `updated_by`) VALUES
	(1, '通知', '<p>尊敬的客户：</p><p>&nbsp;&nbsp;&nbsp;&nbsp;&nbsp;&nbsp;&nbsp; 平台服务器将在明天（4月17日）上午9点到12点进行升级维护，所以明天开盘时间推迟到中午12点，给各位带来不便，深表歉意 &nbsp;&nbsp;&nbsp;&nbsp;&nbsp;&nbsp;&nbsp;&nbsp;&nbsp;&nbsp;&nbsp;&nbsp;&nbsp;&nbsp;&nbsp;&nbsp;&nbsp;&nbsp;&nbsp;&nbsp;&nbsp;&nbsp;&nbsp;&nbsp;&nbsp;&nbsp;&nbsp;&nbsp;&nbsp;&nbsp;&nbsp;&nbsp;&nbsp;&nbsp;&nbsp;&nbsp;&nbsp;&nbsp; <br/></p><p>&nbsp;&nbsp;&nbsp;&nbsp;&nbsp;&nbsp;&nbsp;&nbsp;&nbsp;&nbsp;&nbsp;&nbsp;&nbsp;&nbsp;&nbsp;&nbsp;&nbsp;&nbsp;&nbsp;&nbsp;&nbsp;&nbsp;&nbsp;&nbsp;&nbsp;&nbsp;&nbsp;&nbsp;&nbsp;&nbsp;&nbsp;&nbsp;&nbsp;&nbsp;&nbsp;&nbsp;&nbsp;&nbsp;&nbsp;&nbsp;&nbsp;&nbsp;&nbsp;&nbsp;&nbsp;&nbsp;&nbsp;&nbsp;&nbsp;&nbsp;&nbsp;&nbsp;&nbsp;&nbsp;&nbsp;&nbsp;&nbsp;&nbsp;&nbsp;&nbsp;&nbsp;&nbsp;&nbsp;&nbsp; 交易中心<br/>&nbsp;&nbsp;&nbsp;&nbsp;&nbsp;&nbsp;&nbsp;&nbsp;&nbsp;&nbsp;&nbsp;&nbsp;&nbsp;&nbsp;&nbsp;&nbsp;&nbsp;&nbsp;&nbsp;&nbsp;&nbsp;&nbsp;&nbsp;&nbsp;&nbsp;&nbsp;&nbsp;&nbsp;&nbsp;&nbsp;&nbsp;&nbsp;&nbsp;&nbsp;&nbsp;&nbsp;&nbsp;&nbsp;&nbsp;&nbsp;&nbsp;&nbsp;&nbsp;&nbsp;&nbsp;&nbsp;&nbsp;&nbsp;&nbsp;&nbsp;&nbsp;&nbsp;&nbsp;&nbsp;<span style="font-size: 16px;"></span>&nbsp;&nbsp;&nbsp;&nbsp;&nbsp;&nbsp;&nbsp; 2017年4月16日</p><p><br/></p>', '2017-04-16 19:14:23', 1, 0, -1, '2017-03-22 18:32:25', 2, '2017-04-17 12:24:15', 1),
	(2, '测试消息', '<p>尊敬的客户：</p><p>&nbsp;&nbsp;&nbsp;&nbsp;&nbsp;&nbsp;&nbsp; 平台测试服务器将在明天（4月9日）凌晨4点到6点进行升级维护，给各位带来不便，深表歉意 &nbsp;&nbsp;&nbsp;&nbsp;&nbsp;&nbsp;&nbsp;&nbsp;&nbsp;&nbsp;&nbsp;&nbsp;&nbsp;&nbsp;&nbsp;&nbsp;&nbsp;&nbsp;&nbsp;&nbsp;&nbsp;&nbsp;&nbsp;&nbsp;&nbsp;&nbsp;&nbsp;&nbsp;&nbsp;&nbsp;&nbsp;&nbsp;&nbsp;&nbsp;&nbsp;&nbsp;&nbsp;&nbsp; <br/></p><p>&nbsp;&nbsp;&nbsp;&nbsp;&nbsp;&nbsp;&nbsp;&nbsp;&nbsp;&nbsp;&nbsp;&nbsp;&nbsp;&nbsp;&nbsp;&nbsp;&nbsp;&nbsp;&nbsp;&nbsp;&nbsp;&nbsp;&nbsp;&nbsp;&nbsp;&nbsp;&nbsp;&nbsp;&nbsp;&nbsp;&nbsp;&nbsp;&nbsp;&nbsp;&nbsp;&nbsp;&nbsp;&nbsp;&nbsp;&nbsp;&nbsp;&nbsp;&nbsp;&nbsp;&nbsp;&nbsp;&nbsp;&nbsp;&nbsp;&nbsp;&nbsp;&nbsp;&nbsp;&nbsp;&nbsp;&nbsp;&nbsp; 交易中心<br/>&nbsp;&nbsp;&nbsp;&nbsp;&nbsp;&nbsp;&nbsp;&nbsp;&nbsp;&nbsp;&nbsp;&nbsp;&nbsp;&nbsp;&nbsp;&nbsp;&nbsp;&nbsp;&nbsp;&nbsp;&nbsp;&nbsp;&nbsp;&nbsp;&nbsp;&nbsp;&nbsp;&nbsp;&nbsp;&nbsp;&nbsp;&nbsp;&nbsp;&nbsp;&nbsp;&nbsp;&nbsp;&nbsp;&nbsp;&nbsp;&nbsp;&nbsp;&nbsp;&nbsp;&nbsp;&nbsp;&nbsp;&nbsp;&nbsp;&nbsp;&nbsp;&nbsp;&nbsp;&nbsp;<span style="font-size: 16px;"></span> 2017年4月8日</p><p><br/></p>', '2017-04-08 09:46:18', 2, 5, 1, '2017-04-08 09:46:18', 1, '2017-04-08 09:46:18', 1);
/*!40000 ALTER TABLE `article` ENABLE KEYS */;

-- 导出  表 ylife.auth_assignment 结构
DROP TABLE IF EXISTS `auth_assignment`;
CREATE TABLE IF NOT EXISTS `auth_assignment` (
  `item_name` varchar(64) COLLATE utf8_unicode_ci NOT NULL,
  `user_id` varchar(64) COLLATE utf8_unicode_ci NOT NULL,
  `created_at` int(11) DEFAULT NULL,
  PRIMARY KEY (`item_name`,`user_id`),
  CONSTRAINT `auth_assignment_ibfk_1` FOREIGN KEY (`item_name`) REFERENCES `auth_item` (`name`) ON DELETE CASCADE ON UPDATE CASCADE
) ENGINE=InnoDB DEFAULT CHARSET=utf8 COLLATE=utf8_unicode_ci;

-- 正在导出表  ylife.auth_assignment 的数据：~7 rows (大约)
/*!40000 ALTER TABLE `auth_assignment` DISABLE KEYS */;
INSERT INTO `auth_assignment` (`item_name`, `user_id`, `created_at`) VALUES
	('客服', '7', 1489550288),
	('微会员', '5', 1489376931),
	('微圈', '6', 1489377117),
	('结算会员', '3', 1489376846),
	('财务', '8', 1489653437),
	('超级管理员', '2', 1472551696),
	('运营中心', '4', 1489376888);
/*!40000 ALTER TABLE `auth_assignment` ENABLE KEYS */;

-- 导出  表 ylife.auth_item 结构
DROP TABLE IF EXISTS `auth_item`;
CREATE TABLE IF NOT EXISTS `auth_item` (
  `name` varchar(64) COLLATE utf8_unicode_ci NOT NULL,
  `type` int(11) NOT NULL,
  `description` text COLLATE utf8_unicode_ci,
  `rule_name` varchar(64) COLLATE utf8_unicode_ci DEFAULT NULL,
  `data` text COLLATE utf8_unicode_ci,
  `created_at` int(11) DEFAULT NULL,
  `updated_at` int(11) DEFAULT NULL,
  PRIMARY KEY (`name`),
  KEY `rule_name` (`rule_name`),
  KEY `idx-auth_item-type` (`type`),
  CONSTRAINT `auth_item_ibfk_1` FOREIGN KEY (`rule_name`) REFERENCES `auth_rule` (`name`) ON DELETE SET NULL ON UPDATE CASCADE
) ENGINE=InnoDB DEFAULT CHARSET=utf8 COLLATE=utf8_unicode_ci;

-- 正在导出表  ylife.auth_item 的数据：~87 rows (大约)
/*!40000 ALTER TABLE `auth_item` DISABLE KEYS */;
INSERT INTO `auth_item` (`name`, `type`, `description`, `rule_name`, `data`, `created_at`, `updated_at`) VALUES
	('frontendAdminAddPermission', 2, '添加权限', NULL, NULL, 1472525853, 1472525853),
	('frontendAdminAjaxDeleteAdmin', 2, '删除管理员', NULL, NULL, 1477473346, 1477473346),
	('frontendAdminAjaxDeleteRole', 2, '删除角色', NULL, NULL, 1472525853, 1472525853),
	('frontendAdminAjaxRoleInfo', 2, '查看角色权限', NULL, NULL, 1472543566, 1472543566),
	('frontendAdminAjaxSubUser', 2, 'ajax获取此类型上级用户', NULL, NULL, 1489398916, 1489398916),
	('frontendAdminAjaxUpdatePermission', 2, '修改权限', NULL, NULL, 1472525853, 1472525853),
	('frontendAdminCreateAdmin', 2, '创建/修改用户关联', NULL, NULL, 1489398916, 1489398916),
	('frontendAdminCreateRole', 2, '创建角色', NULL, NULL, 1472525853, 1472525853),
	('frontendAdminDepositWithdraw', 2, '保证金修改', NULL, NULL, 1489398916, 1489398916),
	('frontendAdminEditPoint', 2, '组织架构成员的返点修改', NULL, NULL, 1489398916, 1489398916),
	('frontendAdminEditRole', 2, '编辑角色', NULL, NULL, 1472525853, 1472525853),
	('frontendAdminFeeWithdraw', 2, '手续费提现', NULL, NULL, 1489398916, 1489398916),
	('frontendAdminList', 2, '管理员列表', NULL, NULL, 1472525853, 1472525853),
	('frontendAdminMember', 2, '微会员', NULL, NULL, 1489398916, 1489398916),
	('frontendAdminMyAdminuserList', 2, '我的管理员列表', NULL, NULL, 1489570588, 1489570588),
	('frontendAdminOperate', 2, '运营中心', NULL, NULL, 1489398916, 1489398916),
	('frontendAdminPermissionList', 2, '权限列表', NULL, NULL, 1472525853, 1472525853),
	('frontendAdminRing', 2, '微圈', NULL, NULL, 1489398916, 1489398916),
	('frontendAdminRoleList', 2, '角色列表', NULL, NULL, 1472525853, 1472525853),
	('frontendAdminSaveAdmin', 2, '创建/修改管理员', NULL, NULL, 1477473346, 1477473346),
	('frontendAdminSettle', 2, '结算会员', NULL, NULL, 1489398916, 1489398916),
	('frontendArticleDeleteArticle', 2, '删除资讯', NULL, NULL, 1477837454, 1477837454),
	('frontendArticleList', 2, '资讯列表', NULL, NULL, 1472720497, 1472723714),
	('frontendArticleNotice', 2, '系统公告', NULL, NULL, 1490178644, 1490178644),
	('frontendArticleSaveArticle', 2, '添加/编辑资讯', NULL, NULL, 1477837454, 1477837454),
	('frontendCouponCreateCoupon', 2, '添加体验券', NULL, NULL, 1477837454, 1477837454),
	('frontendCouponList', 2, '体验券列表', NULL, NULL, 1477837454, 1477837454),
	('frontendCouponOwnerList', 2, '会员体验券列表', NULL, NULL, 1477837454, 1477837512),
	('frontendOrderList', 2, '订单列表', NULL, NULL, 1477837454, 1477837454),
	('frontendOrderSellOrder', 2, '手动平仓', NULL, NULL, 1480586668, 1480586668),
	('frontendProductAddProduct', 2, '添加特殊产品', NULL, NULL, 1490178644, 1490178644),
	('frontendProductAddStock', 2, '添加股票', NULL, NULL, 1480586668, 1480586668),
	('frontendProductAjaxAllDown', 2, '一键下架产品', NULL, NULL, 1477837454, 1477837454),
	('frontendProductAjaxAllUp', 2, '一键上架产品', NULL, NULL, 1477837454, 1477837454),
	('frontendProductDeletePrice', 2, '删除产品价格', NULL, NULL, 1477837454, 1477837504),
	('frontendProductList', 2, '产品列表', NULL, NULL, 1477837454, 1477837454),
	('frontendProductSetTradePrice', 2, '设置交易价格', NULL, NULL, 1477837454, 1477837454),
	('frontendProductSetTradeTime', 2, '设置交易时间', NULL, NULL, 1477837454, 1477837454),
	('frontendRecordAddRingWechat', 2, '创建微会员公众号', NULL, NULL, 1489547723, 1489547723),
	('frontendRecordDepositList', 2, '用户头寸统计记录', NULL, NULL, 1489646692, 1489646692),
	('frontendRecordDepositRecord', 2, '保证金操作记录', NULL, NULL, 1489398916, 1489398916),
	('frontendRecordFeeRecord', 2, '手续费提现记录', NULL, NULL, 1489398916, 1489398916),
	('frontendRecordNewsWechat', 2, '公众号消息列表', NULL, NULL, 1491615676, 1491615676),
	('frontendRecordRingWechatList', 2, '微会员公众号记录', NULL, NULL, 1489547723, 1489547723),
	('frontendRecordSaveNewsWechat', 2, '添加/编辑公众号消息', NULL, NULL, 1491615676, 1491615676),
	('frontendRecordSendMessage', 2, '推送微信图文消息', NULL, NULL, 1491615676, 1491615676),
	('frontendRetailList', 2, '代理商列表', NULL, NULL, 1480586668, 1480586668),
	('frontendRetailSaveRetail', 2, '添加/编辑会员单位', NULL, NULL, 1480586668, 1480586668),
	('frontendRiskCenter', 2, '风险控制', NULL, NULL, 1477837454, 1477837454),
	('frontendSaleEditPoint', 2, '修改经纪人返点%', NULL, NULL, 1480586668, 1480586668),
	('frontendSaleManagerList', 2, '经纪人列表', NULL, NULL, 1477837454, 1477837454),
	('frontendSaleManagerRebateList', 2, '代理商返点统计', NULL, NULL, 1481010977, 1481010977),
	('frontendSystemAddSetting', 2, '添加系统设置', NULL, NULL, 1472720497, 1472720497),
	('frontendSystemDeleteSetting', 2, '删除系统设置', NULL, NULL, 1472720497, 1472720497),
	('frontendSystemDestroy', 2, '一键销毁数据', NULL, NULL, 1480586668, 1480586668),
	('frontendSystemLogDetail', 2, '查看日志详情', NULL, NULL, 1472794349, 1472794349),
	('frontendSystemLogList', 2, '系统日志', NULL, NULL, 1472794349, 1472794349),
	('frontendSystemMenu', 2, '系统菜单', NULL, NULL, 1472525853, 1472525853),
	('frontendSystemSaveSetting', 2, '修改系统设置', NULL, NULL, 1472720497, 1472720497),
	('frontendSystemSetting', 2, '系统设置', NULL, NULL, 1472525853, 1472525853),
	('frontendUserAdminRebateList', 2, '管理员返点记录列表', NULL, NULL, 1489474473, 1489474473),
	('frontendUserChargeRecordList', 2, '会员充值记录', NULL, NULL, 1477837454, 1477837454),
	('frontendUserDeleteUser', 2, '冻结/恢复用户', NULL, NULL, 1477837454, 1477837454),
	('frontendUserEditUserPass', 2, '修改会员密码', NULL, NULL, 1477837454, 1477837454),
	('frontendUserGiveList', 2, '会员赠金', NULL, NULL, 1477837454, 1477837454),
	('frontendUserGiveMoneyList', 2, '赠金记录', NULL, NULL, 1490683373, 1490683373),
	('frontendUserList', 2, '会员列表', NULL, NULL, 1477837454, 1477837454),
	('frontendUserManagerRebateList', 2, '经纪人返点记录列表', NULL, NULL, 1489474473, 1489474473),
	('frontendUserPositionList', 2, '会员持仓列表', NULL, NULL, 1477837454, 1477837454),
	('frontendUserPush', 2, 'push', NULL, NULL, 1491615676, 1491615676),
	('frontendUserRebateList', 2, '返点记录列表', NULL, NULL, 1480586668, 1480586668),
	('frontendUserSendCoupon', 2, '赠送优惠券', NULL, NULL, 1477837454, 1477837454),
	('frontendUserUpdateManager', 2, '变更会员经纪人', NULL, NULL, 1492077798, 1492077798),
	('frontendUserUserExcel', 2, '用户信息导出', NULL, NULL, 1491472479, 1491472479),
	('frontendUserVerifyManager', 2, '审核经纪人', NULL, NULL, 1477921692, 1477921692),
	('frontendUserVerifyWithdraw', 2, '会员出金操作', NULL, NULL, 1477837454, 1477837454),
	('frontendUserWithdrawList', 2, '会员出金管理', NULL, NULL, 1477837454, 1477837454),
	('公共功能', 1, 'frontend', NULL, NULL, 1489547291, 1490925667),
	('后台管理员', 1, 'frontend', NULL, NULL, 1477837542, 1492077809),
	('客服', 1, 'frontend', NULL, NULL, 1489132145, 1492077823),
	('微会员', 1, 'frontend', NULL, NULL, 1489131952, 1491615774),
	('微圈', 1, 'frontend', NULL, NULL, 1489132055, 1489474554),
	('系统管理员', 1, 'frontend', NULL, NULL, 1472433243, 1491472500),
	('结算会员', 1, 'frontend', NULL, NULL, 1480500162, 1489547785),
	('财务', 1, 'frontend', NULL, NULL, 1489653376, 1491805238),
	('超级管理员', 1, 'frontend', NULL, NULL, 1472448576, 1489547806),
	('运营中心', 1, 'frontend', NULL, NULL, 1489131915, 1489547796);
/*!40000 ALTER TABLE `auth_item` ENABLE KEYS */;

-- 导出  表 ylife.auth_item_child 结构
DROP TABLE IF EXISTS `auth_item_child`;
CREATE TABLE IF NOT EXISTS `auth_item_child` (
  `parent` varchar(64) COLLATE utf8_unicode_ci NOT NULL,
  `child` varchar(64) COLLATE utf8_unicode_ci NOT NULL,
  PRIMARY KEY (`parent`,`child`),
  KEY `child` (`child`),
  CONSTRAINT `auth_item_child_ibfk_1` FOREIGN KEY (`parent`) REFERENCES `auth_item` (`name`) ON DELETE CASCADE ON UPDATE CASCADE,
  CONSTRAINT `auth_item_child_ibfk_2` FOREIGN KEY (`child`) REFERENCES `auth_item` (`name`) ON DELETE CASCADE ON UPDATE CASCADE
) ENGINE=InnoDB DEFAULT CHARSET=utf8 COLLATE=utf8_unicode_ci;

-- 正在导出表  ylife.auth_item_child 的数据：~193 rows (大约)
/*!40000 ALTER TABLE `auth_item_child` DISABLE KEYS */;
INSERT INTO `auth_item_child` (`parent`, `child`) VALUES
	('系统管理员', 'frontendAdminAjaxRoleInfo'),
	('后台管理员', 'frontendAdminAjaxSubUser'),
	('客服', 'frontendAdminAjaxSubUser'),
	('结算会员', 'frontendAdminAjaxSubUser'),
	('财务', 'frontendAdminAjaxSubUser'),
	('运营中心', 'frontendAdminAjaxSubUser'),
	('后台管理员', 'frontendAdminCreateAdmin'),
	('客服', 'frontendAdminCreateAdmin'),
	('微会员', 'frontendAdminCreateAdmin'),
	('结算会员', 'frontendAdminCreateAdmin'),
	('财务', 'frontendAdminCreateAdmin'),
	('运营中心', 'frontendAdminCreateAdmin'),
	('系统管理员', 'frontendAdminCreateRole'),
	('后台管理员', 'frontendAdminDepositWithdraw'),
	('客服', 'frontendAdminDepositWithdraw'),
	('财务', 'frontendAdminDepositWithdraw'),
	('后台管理员', 'frontendAdminEditPoint'),
	('客服', 'frontendAdminEditPoint'),
	('微会员', 'frontendAdminEditPoint'),
	('结算会员', 'frontendAdminEditPoint'),
	('财务', 'frontendAdminEditPoint'),
	('运营中心', 'frontendAdminEditPoint'),
	('系统管理员', 'frontendAdminEditRole'),
	('后台管理员', 'frontendAdminFeeWithdraw'),
	('客服', 'frontendAdminFeeWithdraw'),
	('财务', 'frontendAdminFeeWithdraw'),
	('后台管理员', 'frontendAdminMember'),
	('客服', 'frontendAdminMember'),
	('结算会员', 'frontendAdminMember'),
	('财务', 'frontendAdminMember'),
	('运营中心', 'frontendAdminMember'),
	('后台管理员', 'frontendAdminMyAdminuserList'),
	('客服', 'frontendAdminMyAdminuserList'),
	('财务', 'frontendAdminMyAdminuserList'),
	('后台管理员', 'frontendAdminOperate'),
	('客服', 'frontendAdminOperate'),
	('结算会员', 'frontendAdminOperate'),
	('财务', 'frontendAdminOperate'),
	('后台管理员', 'frontendAdminRing'),
	('客服', 'frontendAdminRing'),
	('微会员', 'frontendAdminRing'),
	('结算会员', 'frontendAdminRing'),
	('财务', 'frontendAdminRing'),
	('运营中心', 'frontendAdminRing'),
	('后台管理员', 'frontendAdminSettle'),
	('客服', 'frontendAdminSettle'),
	('财务', 'frontendAdminSettle'),
	('系统管理员', 'frontendArticleNotice'),
	('系统管理员', 'frontendArticleSaveArticle'),
	('后台管理员', 'frontendOrderList'),
	('客服', 'frontendOrderList'),
	('微会员', 'frontendOrderList'),
	('微圈', 'frontendOrderList'),
	('结算会员', 'frontendOrderList'),
	('财务', 'frontendOrderList'),
	('运营中心', 'frontendOrderList'),
	('后台管理员', 'frontendProductAjaxAllDown'),
	('后台管理员', 'frontendProductAjaxAllUp'),
	('后台管理员', 'frontendProductDeletePrice'),
	('后台管理员', 'frontendProductList'),
	('后台管理员', 'frontendProductSetTradePrice'),
	('后台管理员', 'frontendProductSetTradeTime'),
	('公共功能', 'frontendRecordAddRingWechat'),
	('后台管理员', 'frontendRecordAddRingWechat'),
	('客服', 'frontendRecordAddRingWechat'),
	('财务', 'frontendRecordAddRingWechat'),
	('公共功能', 'frontendRecordDepositList'),
	('客服', 'frontendRecordDepositList'),
	('财务', 'frontendRecordDepositList'),
	('后台管理员', 'frontendRecordDepositRecord'),
	('客服', 'frontendRecordDepositRecord'),
	('微会员', 'frontendRecordDepositRecord'),
	('结算会员', 'frontendRecordDepositRecord'),
	('财务', 'frontendRecordDepositRecord'),
	('运营中心', 'frontendRecordDepositRecord'),
	('后台管理员', 'frontendRecordFeeRecord'),
	('客服', 'frontendRecordFeeRecord'),
	('微会员', 'frontendRecordFeeRecord'),
	('结算会员', 'frontendRecordFeeRecord'),
	('财务', 'frontendRecordFeeRecord'),
	('运营中心', 'frontendRecordFeeRecord'),
	('后台管理员', 'frontendRecordNewsWechat'),
	('客服', 'frontendRecordNewsWechat'),
	('微会员', 'frontendRecordNewsWechat'),
	('财务', 'frontendRecordNewsWechat'),
	('公共功能', 'frontendRecordRingWechatList'),
	('客服', 'frontendRecordRingWechatList'),
	('财务', 'frontendRecordRingWechatList'),
	('客服', 'frontendRecordSaveNewsWechat'),
	('微会员', 'frontendRecordSaveNewsWechat'),
	('财务', 'frontendRecordSaveNewsWechat'),
	('后台管理员', 'frontendRecordSendMessage'),
	('客服', 'frontendRecordSendMessage'),
	('微会员', 'frontendRecordSendMessage'),
	('财务', 'frontendRecordSendMessage'),
	('后台管理员', 'frontendRetailList'),
	('后台管理员', 'frontendRetailSaveRetail'),
	('后台管理员', 'frontendRiskCenter'),
	('后台管理员', 'frontendSaleEditPoint'),
	('客服', 'frontendSaleEditPoint'),
	('微圈', 'frontendSaleEditPoint'),
	('系统管理员', 'frontendSaleEditPoint'),
	('后台管理员', 'frontendSaleManagerList'),
	('客服', 'frontendSaleManagerList'),
	('微会员', 'frontendSaleManagerList'),
	('微圈', 'frontendSaleManagerList'),
	('系统管理员', 'frontendSaleManagerList'),
	('结算会员', 'frontendSaleManagerList'),
	('财务', 'frontendSaleManagerList'),
	('运营中心', 'frontendSaleManagerList'),
	('后台管理员', 'frontendSaleManagerRebateList'),
	('系统管理员', 'frontendSaleManagerRebateList'),
	('系统管理员', 'frontendSystemSaveSetting'),
	('系统管理员', 'frontendSystemSetting'),
	('公共功能', 'frontendUserAdminRebateList'),
	('后台管理员', 'frontendUserAdminRebateList'),
	('客服', 'frontendUserAdminRebateList'),
	('微会员', 'frontendUserAdminRebateList'),
	('微圈', 'frontendUserAdminRebateList'),
	('结算会员', 'frontendUserAdminRebateList'),
	('财务', 'frontendUserAdminRebateList'),
	('运营中心', 'frontendUserAdminRebateList'),
	('公共功能', 'frontendUserChargeRecordList'),
	('后台管理员', 'frontendUserChargeRecordList'),
	('客服', 'frontendUserChargeRecordList'),
	('微会员', 'frontendUserChargeRecordList'),
	('微圈', 'frontendUserChargeRecordList'),
	('结算会员', 'frontendUserChargeRecordList'),
	('财务', 'frontendUserChargeRecordList'),
	('运营中心', 'frontendUserChargeRecordList'),
	('后台管理员', 'frontendUserDeleteUser'),
	('客服', 'frontendUserDeleteUser'),
	('结算会员', 'frontendUserDeleteUser'),
	('财务', 'frontendUserDeleteUser'),
	('后台管理员', 'frontendUserEditUserPass'),
	('客服', 'frontendUserEditUserPass'),
	('结算会员', 'frontendUserEditUserPass'),
	('财务', 'frontendUserEditUserPass'),
	('后台管理员', 'frontendUserGiveList'),
	('后台管理员', 'frontendUserGiveMoneyList'),
	('后台管理员', 'frontendUserList'),
	('客服', 'frontendUserList'),
	('微会员', 'frontendUserList'),
	('微圈', 'frontendUserList'),
	('结算会员', 'frontendUserList'),
	('财务', 'frontendUserList'),
	('运营中心', 'frontendUserList'),
	('公共功能', 'frontendUserManagerRebateList'),
	('后台管理员', 'frontendUserManagerRebateList'),
	('客服', 'frontendUserManagerRebateList'),
	('微会员', 'frontendUserManagerRebateList'),
	('微圈', 'frontendUserManagerRebateList'),
	('结算会员', 'frontendUserManagerRebateList'),
	('财务', 'frontendUserManagerRebateList'),
	('运营中心', 'frontendUserManagerRebateList'),
	('后台管理员', 'frontendUserPositionList'),
	('客服', 'frontendUserPositionList'),
	('微会员', 'frontendUserPositionList'),
	('微圈', 'frontendUserPositionList'),
	('结算会员', 'frontendUserPositionList'),
	('财务', 'frontendUserPositionList'),
	('运营中心', 'frontendUserPositionList'),
	('后台管理员', 'frontendUserRebateList'),
	('微会员', 'frontendUserRebateList'),
	('微圈', 'frontendUserRebateList'),
	('系统管理员', 'frontendUserRebateList'),
	('结算会员', 'frontendUserRebateList'),
	('财务', 'frontendUserRebateList'),
	('运营中心', 'frontendUserRebateList'),
	('后台管理员', 'frontendUserUpdateManager'),
	('客服', 'frontendUserUpdateManager'),
	('微会员', 'frontendUserUserExcel'),
	('系统管理员', 'frontendUserUserExcel'),
	('后台管理员', 'frontendUserVerifyManager'),
	('客服', 'frontendUserVerifyManager'),
	('微会员', 'frontendUserVerifyManager'),
	('微圈', 'frontendUserVerifyManager'),
	('结算会员', 'frontendUserVerifyManager'),
	('财务', 'frontendUserVerifyManager'),
	('运营中心', 'frontendUserVerifyManager'),
	('后台管理员', 'frontendUserVerifyWithdraw'),
	('客服', 'frontendUserVerifyWithdraw'),
	('财务', 'frontendUserVerifyWithdraw'),
	('后台管理员', 'frontendUserWithdrawList'),
	('客服', 'frontendUserWithdrawList'),
	('微会员', 'frontendUserWithdrawList'),
	('财务', 'frontendUserWithdrawList'),
	('微会员', '公共功能'),
	('结算会员', '公共功能'),
	('超级管理员', '公共功能'),
	('运营中心', '公共功能'),
	('超级管理员', '后台管理员'),
	('超级管理员', '系统管理员');
/*!40000 ALTER TABLE `auth_item_child` ENABLE KEYS */;

-- 导出  表 ylife.auth_rule 结构
DROP TABLE IF EXISTS `auth_rule`;
CREATE TABLE IF NOT EXISTS `auth_rule` (
  `name` varchar(64) COLLATE utf8_unicode_ci NOT NULL,
  `data` text COLLATE utf8_unicode_ci,
  `created_at` int(11) DEFAULT NULL,
  `updated_at` int(11) DEFAULT NULL,
  PRIMARY KEY (`name`)
) ENGINE=InnoDB DEFAULT CHARSET=utf8 COLLATE=utf8_unicode_ci;

-- 正在导出表  ylife.auth_rule 的数据：~0 rows (大约)
/*!40000 ALTER TABLE `auth_rule` DISABLE KEYS */;
/*!40000 ALTER TABLE `auth_rule` ENABLE KEYS */;

-- 导出  表 ylife.bank 结构
DROP TABLE IF EXISTS `bank`;
CREATE TABLE IF NOT EXISTS `bank` (
  `number` int(11) NOT NULL,
  `name` varchar(255) DEFAULT NULL COMMENT '名称',
  `state` tinyint(4) DEFAULT '0' COMMENT '0无效1有效'
) ENGINE=InnoDB DEFAULT CHARSET=utf8;

-- 正在导出表  ylife.bank 的数据：~87 rows (大约)
/*!40000 ALTER TABLE `bank` DISABLE KEYS */;
INSERT INTO `bank` (`number`, `name`, `state`) VALUES
	(102, '中国工商银行', 1),
	(103, '中国农业银行', 1),
	(104, '中国银行', 1),
	(105, '中国建设银行', 1),
	(201, '国家开发银行', 0),
	(202, '中国进出口银行', 0),
	(203, '中国农业发展银行', 0),
	(301, '交通银行', 1),
	(302, '中信银行', 0),
	(303, '中国光大银行', 1),
	(304, '华夏银行', 0),
	(305, '中国民生银行', 1),
	(306, '广东发展银行', 0),
	(307, '深圳发展银行', 0),
	(308, '招商银行', 1),
	(309, '兴业银行', 0),
	(310, '上海浦东发展银行', 1),
	(313, '城市商业银行', 0),
	(314, '农村商业银行', 0),
	(315, '恒丰银行', 0),
	(316, '浙商银行', 0),
	(317, '农村合作银行', 0),
	(318, '渤海银行股份有限公司', 0),
	(319, '徽商银行股份有限公司', 0),
	(320, '镇银行有限责任公司', 0),
	(401, '城市信用社', 0),
	(402, '农村信用社（含北京农村商业银行）', 0),
	(403, '中国邮政储蓄银行', 1),
	(501, '汇丰银行', 0),
	(502, '东亚银行', 0),
	(503, '南洋商业银行', 0),
	(504, '恒生银行（中国）有限公司', 0),
	(505, '中国银行（香港）有限公司', 0),
	(506, '集友银行有限公司', 0),
	(507, '创业银行有限公司', 0),
	(509, '星展银行（中国）有限公司', 0),
	(510, '永亨银行（中国）有限公司', 0),
	(512, '永隆银行', 0),
	(531, '花旗银行（中国）有限公司', 0),
	(532, '美国银行有限公司', 0),
	(533, '摩根大通银行（中国）有限公司', 0),
	(561, '三菱东京日联银行（中国）有限公司', 0),
	(563, '日本三井住友银行股份有限公司', 0),
	(564, '瑞穗实业银行（中国）有限公司', 0),
	(565, '日本山口银行股份有限公司', 0),
	(591, '韩国外换银行股份有限公司', 0),
	(593, '友利银行（中国）有限公司', 0),
	(591, '韩国外换银行股份有限公司', 0),
	(594, '韩国产业银行', 0),
	(595, '新韩银行（中国）有限公司', 0),
	(596, '韩国中小企业银行有限公司', 0),
	(597, '韩亚银行（中国）有限公司', 0),
	(621, '华侨银行（中国）有限公司', 0),
	(622, '大华银行（中国）有限公司', 0),
	(623, '星展银行（中国）有限公司', 0),
	(631, '泰国盘谷银行（大众有限公司）', 0),
	(641, '奥地利中央合作银行股份有限公司', 0),
	(651, '比利时联合银行股份有限公司', 0),
	(652, '比利时富通银行有限公司', 0),
	(661, '荷兰银行', 0),
	(662, '荷兰安智银行股份有限公司', 0),
	(671, '渣打银行', 0),
	(672, '英国苏格兰皇家银行公众有限公司', 0),
	(691, '法国兴业银行（中国）有限公司', 0),
	(694, '法国东方汇理银行股份有限公司', 0),
	(695, '法国外贸银行股份有限公司', 0),
	(711, '德国德累斯登银行股份有限公司', 0),
	(712, '德意志银行（中国）有限公司', 0),
	(713, '德国商业银行股份有限公司', 0),
	(714, '德国西德银行股份有限公司', 0),
	(715, '德国巴伐利亚州银行', 0),
	(716, '德国北德意志州银行', 0),
	(732, '意大利联合圣保罗银行股份有限公司', 0),
	(741, '瑞士信贷银行股份有限公司', 0),
	(742, '瑞士银行', 0),
	(751, '加拿大丰业银行有限公司', 0),
	(752, '加拿大蒙特利尔银行有限公司', 0),
	(761, '澳大利亚和新西兰银行集团有限公司', 0),
	(771, '摩根士丹利国际银行（中国）有限公司', 0),
	(775, '联合银行（中国）有限公司', 0),
	(776, '荷兰合作银行有限公司', 0),
	(781, '厦门国际银行', 0),
	(782, '法国巴黎银行（中国）有限公司', 0),
	(785, '华商银行', 0),
	(787, '华一银行', 0),
	(969, '（澳门地区）银行', 0),
	(989, '（香港地区）银行', 0);
/*!40000 ALTER TABLE `bank` ENABLE KEYS */;

-- 导出  表 ylife.coupon 结构
DROP TABLE IF EXISTS `coupon`;
CREATE TABLE IF NOT EXISTS `coupon` (
  `id` int(11) NOT NULL AUTO_INCREMENT,
  `desc` varchar(50) NOT NULL COMMENT '描述',
  `remark` text COMMENT '备注信息',
  `amount` decimal(11,2) NOT NULL COMMENT '额度',
  `coupon_type` int(11) DEFAULT '0' COMMENT '优惠劵类型',
  `valid_day` int(11) NOT NULL COMMENT '有效时间（天）',
  PRIMARY KEY (`id`),
  UNIQUE KEY `amount` (`amount`,`coupon_type`)
) ENGINE=InnoDB DEFAULT CHARSET=utf8 COMMENT='优惠券表';

-- 正在导出表  ylife.coupon 的数据：~0 rows (大约)
/*!40000 ALTER TABLE `coupon` DISABLE KEYS */;
/*!40000 ALTER TABLE `coupon` ENABLE KEYS */;

-- 导出  表 ylife.data_all 结构
DROP TABLE IF EXISTS `data_all`;
CREATE TABLE IF NOT EXISTS `data_all` (
  `name` varchar(20) NOT NULL COMMENT '产品名称',
  `price` varchar(20) DEFAULT '' COMMENT '当前价格',
  `time` datetime DEFAULT NULL COMMENT '当前时间',
  `diff` decimal(11,2) DEFAULT '0.00' COMMENT '涨跌值',
  `diff_rate` varchar(20) DEFAULT '0.00' COMMENT '涨跌%',
  `open` decimal(11,2) DEFAULT NULL,
  `high` decimal(11,2) DEFAULT NULL,
  `low` decimal(11,2) DEFAULT NULL,
  `close` decimal(11,2) DEFAULT NULL,
  PRIMARY KEY (`name`),
  UNIQUE KEY `name` (`name`)
) ENGINE=InnoDB DEFAULT CHARSET=utf8 COMMENT='所有产品数据汇总表';

-- 正在导出表  ylife.data_all 的数据：~22 rows (大约)
/*!40000 ALTER TABLE `data_all` DISABLE KEYS */;
INSERT INTO `data_all` (`name`, `price`, `time`, `diff`, `diff_rate`, `open`, `high`, `low`, `close`) VALUES
	('a50', '9849.00', '2016-10-26 17:48:35', -37.00, '0.00', NULL, NULL, NULL, NULL),
	('ag', '3894', '2017-04-26 16:49:15', -7.00, '-0.18%', 3893.00, 3907.00, 3878.00, 3894.00),
	('cl', '48.45', '2016-10-31 19:18:04', -0.28, '0.00', NULL, NULL, NULL, NULL),
	('conc', '6442', '2018-01-16 15:21:55', -0.39, '-0.60%', 6479.00, 6481.00, 6435.00, 6442.00),
	('cu0', '6397', '2017-04-26 16:46:03', -0.11, '-0.17%', 6408.00, 6440.00, 6389.00, 6397.00),
	('cu1610', '36580.00', '2016-09-02 13:54:33', 130.00, '0.00', NULL, NULL, NULL, NULL),
	('gc', '1274.9', '2016-10-31 19:18:03', -1.90, '0.00', NULL, NULL, NULL, NULL),
	('hkhsi', '23374.40', '2016-10-20 16:10:22', 69.43, '0.00', NULL, NULL, NULL, NULL),
	('ic1609', '6451.80', '2016-10-21 15:00:15', -47.20, '-1.00', NULL, NULL, NULL, NULL),
	('if1609', '3319.20', '2016-10-21 15:00:15', 1.80, '0.00', NULL, NULL, NULL, NULL),
	('longyanxiang', '6797', '2017-04-26 16:49:24', 776.00, '15.43%', 6396.00, 6799.00, 6718.00, 5029.00),
	('mila', '8958', NULL, 342.00, '3.85%', 8958.00, 8972.00, 8630.00, 8884.00),
	('ng', '3117', '2018-01-16 15:21:53', -83.00, '-2.59%', 3130.00, 3147.00, 3106.00, 3200.00),
	('ni1609', '78450.00', '2016-09-02 13:54:30', 1360.00, '2.00', NULL, NULL, NULL, NULL),
	('oil', '476.33', '2016-12-02 11:07:27', 0.28, '0.06%', 477.09, 479.01, 475.29, 476.05),
	('rb1610', '2255.00', '2016-10-12 01:42:34', 50.00, '2.00', NULL, NULL, NULL, NULL),
	('rm1609', '2329.00', '2016-09-02 13:54:33', 32.00, '1.00', NULL, NULL, NULL, NULL),
	('ru1609', '10305.00', '2016-09-02 13:54:30', 190.00, '2.00', NULL, NULL, NULL, NULL),
	('sh000001', '3131.76', '2016-12-22 11:35:03', -5.67, '-0.18', 3132.16, 3141.37, 3128.57, 3137.43),
	('usd', '90575', '2018-01-16 15:22:06', 0.12, '0.13%', 90459.00, 90724.00, 90382.00, 90575.00),
	('xag', '177.58', '2016-10-26 18:11:45', 0.03, '0.00', NULL, NULL, NULL, NULL),
	('xau', '133932', '2018-01-16 15:22:02', -0.67, '-0.05%', 134063.00, 134236.00, 133806.00, 133932.00),
	('xhn', '7500', '2016-12-22 11:39:59', -0.14, '-0.19%', 7552.00, 7562.00, 7489.00, 7500.00),
	('xpt', '961.25', '2016-10-26 18:11:45', -2.54, '0.00', NULL, NULL, NULL, NULL);
/*!40000 ALTER TABLE `data_all` ENABLE KEYS */;

-- 导出  表 ylife.data_conc 结构
DROP TABLE IF EXISTS `data_conc`;
CREATE TABLE IF NOT EXISTS `data_conc` (
  `id` int(11) NOT NULL AUTO_INCREMENT,
  `price` varchar(30) DEFAULT NULL,
  `time` datetime DEFAULT NULL,
  PRIMARY KEY (`id`),
  UNIQUE KEY `time` (`time`)
) ENGINE=InnoDB AUTO_INCREMENT=3364 DEFAULT CHARSET=utf8;

-- 正在导出表  ylife.data_conc 的数据：~407 rows (大约)
/*!40000 ALTER TABLE `data_conc` DISABLE KEYS */;
INSERT INTO `data_conc` (`id`, `price`, `time`) VALUES
	(1, '6453', '2018-01-16 10:33:21'),
	(3, '6454', '2018-01-16 10:33:35'),
	(8, '6453', '2018-01-16 10:33:49'),
	(9, '6451', '2018-01-16 12:42:31'),
	(10, '6452', '2018-01-16 12:42:34'),
	(14, '6453', '2018-01-16 12:42:46'),
	(17, '6452', '2018-01-16 12:42:54'),
	(28, '6451', '2018-01-16 12:43:24'),
	(78, '6451', '2018-01-16 12:45:32'),
	(96, '6450', '2018-01-16 12:46:16'),
	(144, '6449', '2018-01-16 12:48:20'),
	(154, '6450', '2018-01-16 12:48:47'),
	(156, '6450', '2018-01-16 12:48:51'),
	(251, '6449', '2018-01-16 12:53:09'),
	(254, '6450', '2018-01-16 12:53:16'),
	(316, '6449', '2018-01-16 12:56:00'),
	(317, '6450', '2018-01-16 12:56:01'),
	(334, '6449', '2018-01-16 12:56:44'),
	(335, '6450', '2018-01-16 12:56:45'),
	(351, '6451', '2018-01-16 12:57:28'),
	(354, '6452', '2018-01-16 12:57:37'),
	(357, '6451', '2018-01-16 12:57:44'),
	(397, '6450', '2018-01-16 12:59:28'),
	(403, '6451', '2018-01-16 12:59:43'),
	(408, '6452', '2018-01-16 12:59:54'),
	(410, '6451', '2018-01-16 13:00:01'),
	(413, '6450', '2018-01-16 13:00:07'),
	(416, '6451', '2018-01-16 13:00:16'),
	(427, '6452', '2018-01-16 13:00:45'),
	(432, '6451', '2018-01-16 13:00:59'),
	(436, '6451', '2018-01-16 13:01:09'),
	(454, '6452', '2018-01-16 13:01:56'),
	(477, '6451', '2018-01-16 13:02:52'),
	(482, '6452', '2018-01-16 13:03:07'),
	(496, '6451', '2018-01-16 13:03:42'),
	(509, '6452', '2018-01-16 13:04:16'),
	(511, '6451', '2018-01-16 13:04:23'),
	(520, '6452', '2018-01-16 13:04:47'),
	(522, '6451', '2018-01-16 13:04:50'),
	(528, '6450', '2018-01-16 13:05:06'),
	(555, '6452', '2018-01-16 13:06:17'),
	(557, '6453', '2018-01-16 13:06:25'),
	(563, '6454', '2018-01-16 13:06:42'),
	(565, '6453', '2018-01-16 13:06:46'),
	(566, '6454', '2018-01-16 13:06:50'),
	(571, '6453', '2018-01-16 13:07:05'),
	(576, '6452', '2018-01-16 13:07:19'),
	(593, '6453', '2018-01-16 13:07:59'),
	(596, '6452', '2018-01-16 13:08:16'),
	(625, '6453', '2018-01-16 13:09:53'),
	(642, '6452', '2018-01-16 13:10:46'),
	(652, '6453', '2018-01-16 13:11:40'),
	(671, '6452', '2018-01-16 13:12:37'),
	(677, '6453', '2018-01-16 13:13:07'),
	(680, '6452', '2018-01-16 13:13:22'),
	(692, '6452', '2018-01-16 13:14:11'),
	(727, '6451', '2018-01-16 13:16:26'),
	(777, '6450', '2018-01-16 13:18:38'),
	(804, '6451', '2018-01-16 13:19:46'),
	(806, '6450', '2018-01-16 13:19:51'),
	(822, '6451', '2018-01-16 13:20:28'),
	(835, '6450', '2018-01-16 13:20:58'),
	(847, '6449', '2018-01-16 13:21:26'),
	(855, '6450', '2018-01-16 13:21:44'),
	(895, '6449', '2018-01-16 13:23:29'),
	(903, '6450', '2018-01-16 13:23:51'),
	(939, '6449', '2018-01-16 13:25:21'),
	(953, '6450', '2018-01-16 13:25:54'),
	(1036, '6452', '2018-01-16 13:29:31'),
	(1050, '6451', '2018-01-16 13:30:04'),
	(1055, '6450', '2018-01-16 13:30:21'),
	(1057, '6451', '2018-01-16 13:30:26'),
	(1061, '6450', '2018-01-16 13:30:46'),
	(1088, '6451', '2018-01-16 13:32:05'),
	(1103, '6452', '2018-01-16 13:32:40'),
	(1105, '6451', '2018-01-16 13:32:47'),
	(1122, '6452', '2018-01-16 13:33:32'),
	(1131, '6451', '2018-01-16 13:33:52'),
	(1184, '6452', '2018-01-16 13:36:18'),
	(1229, '6451', '2018-01-16 13:38:15'),
	(1300, '6450', '2018-01-16 13:41:16'),
	(1320, '6451', '2018-01-16 13:42:10'),
	(1338, '6450', '2018-01-16 13:42:55'),
	(1342, '6451', '2018-01-16 13:43:05'),
	(1366, '6452', '2018-01-16 13:44:06'),
	(1370, '6453', '2018-01-16 13:44:19'),
	(1373, '6452', '2018-01-16 13:44:26'),
	(1388, '6454', '2018-01-16 13:45:07'),
	(1392, '6453', '2018-01-16 13:45:23'),
	(1401, '6454', '2018-01-16 13:45:44'),
	(1405, '6454', '2018-01-16 13:45:56'),
	(1417, '6453', '2018-01-16 13:46:29'),
	(1419, '6454', '2018-01-16 13:46:33'),
	(1422, '6453', '2018-01-16 13:46:48'),
	(1433, '6455', '2018-01-16 13:47:56'),
	(1434, '6454', '2018-01-16 13:48:01'),
	(1467, '6453', '2018-01-16 13:49:46'),
	(1474, '6454', '2018-01-16 13:50:06'),
	(1489, '6453', '2018-01-16 13:51:07'),
	(1499, '6453', '2018-01-16 13:51:51'),
	(1518, '6454', '2018-01-16 13:52:58'),
	(1519, '6453', '2018-01-16 13:53:04'),
	(1522, '6453', '2018-01-16 13:53:15'),
	(1531, '6452', '2018-01-16 13:53:46'),
	(1536, '6451', '2018-01-16 13:54:06'),
	(1538, '6452', '2018-01-16 13:54:13'),
	(1541, '6451', '2018-01-16 13:54:28'),
	(1550, '6452', '2018-01-16 13:55:21'),
	(1614, '6453', '2018-01-16 13:59:23'),
	(1625, '6452', '2018-01-16 14:00:01'),
	(1630, '6451', '2018-01-16 14:00:17'),
	(1643, '6452', '2018-01-16 14:00:50'),
	(1668, '6451', '2018-01-16 14:02:17'),
	(1682, '6450', '2018-01-16 14:03:10'),
	(1693, '6451', '2018-01-16 14:03:40'),
	(1695, '6450', '2018-01-16 14:03:50'),
	(1706, '6447', '2018-01-16 14:04:32'),
	(1723, '6448', '2018-01-16 14:05:35'),
	(1724, '6448', '2018-01-16 14:05:38'),
	(1728, '6447', '2018-01-16 14:05:47'),
	(1737, '6448', '2018-01-16 14:06:16'),
	(1743, '6447', '2018-01-16 14:06:35'),
	(1745, '6448', '2018-01-16 14:06:39'),
	(1746, '6447', '2018-01-16 14:06:42'),
	(1750, '6447', '2018-01-16 14:07:28'),
	(1751, '6448', '2018-01-16 14:07:32'),
	(1755, '6448', '2018-01-16 14:07:42'),
	(1761, '6448', '2018-01-16 14:07:59'),
	(1782, '6449', '2018-01-16 14:08:49'),
	(1788, '6452', '2018-01-16 14:09:06'),
	(1789, '6452', '2018-01-16 14:09:07'),
	(1791, '6453', '2018-01-16 14:09:11'),
	(1795, '6453', '2018-01-16 14:09:27'),
	(1798, '6454', '2018-01-16 14:09:35'),
	(1799, '6453', '2018-01-16 14:09:38'),
	(1805, '6452', '2018-01-16 14:09:54'),
	(1806, '6451', '2018-01-16 14:09:57'),
	(1808, '6451', '2018-01-16 14:10:03'),
	(1812, '6450', '2018-01-16 14:10:13'),
	(1813, '6451', '2018-01-16 14:10:16'),
	(1817, '6452', '2018-01-16 14:10:26'),
	(1825, '6453', '2018-01-16 14:10:48'),
	(1831, '6452', '2018-01-16 14:11:03'),
	(1832, '6451', '2018-01-16 14:11:08'),
	(1846, '6450', '2018-01-16 14:11:51'),
	(1859, '6451', '2018-01-16 14:12:25'),
	(1863, '6452', '2018-01-16 14:12:39'),
	(1867, '6453', '2018-01-16 14:12:47'),
	(1869, '6452', '2018-01-16 14:12:54'),
	(1871, '6451', '2018-01-16 14:12:58'),
	(1890, '6450', '2018-01-16 14:13:47'),
	(1891, '6448', '2018-01-16 14:13:49'),
	(1892, '6449', '2018-01-16 14:13:54'),
	(1895, '6449', '2018-01-16 14:14:00'),
	(1903, '6450', '2018-01-16 14:14:18'),
	(1911, '6449', '2018-01-16 14:14:38'),
	(1924, '6450', '2018-01-16 14:15:10'),
	(1942, '6451', '2018-01-16 14:15:57'),
	(1944, '6452', '2018-01-16 14:16:07'),
	(1973, '6451', '2018-01-16 14:17:19'),
	(1974, '6450', '2018-01-16 14:17:22'),
	(1976, '6451', '2018-01-16 14:17:29'),
	(1979, '6449', '2018-01-16 14:17:36'),
	(1980, '6449', '2018-01-16 14:17:38'),
	(1982, '6450', '2018-01-16 14:17:43'),
	(2003, '6449', '2018-01-16 14:18:34'),
	(2005, '6448', '2018-01-16 14:18:39'),
	(2006, '6449', '2018-01-16 14:18:44'),
	(2011, '6448', '2018-01-16 14:18:55'),
	(2033, '6449', '2018-01-16 14:19:54'),
	(2051, '6450', '2018-01-16 14:20:36'),
	(2052, '6451', '2018-01-16 14:20:37'),
	(2056, '6449', '2018-01-16 14:20:48'),
	(2060, '6448', '2018-01-16 14:20:57'),
	(2061, '6449', '2018-01-16 14:20:58'),
	(2063, '6448', '2018-01-16 14:21:05'),
	(2065, '6449', '2018-01-16 14:21:09'),
	(2067, '6448', '2018-01-16 14:21:17'),
	(2070, '6449', '2018-01-16 14:21:30'),
	(2076, '6451', '2018-01-16 14:21:49'),
	(2080, '6450', '2018-01-16 14:22:00'),
	(2081, '6451', '2018-01-16 14:22:01'),
	(2086, '6450', '2018-01-16 14:22:18'),
	(2089, '6449', '2018-01-16 14:22:25'),
	(2092, '6450', '2018-01-16 14:22:42'),
	(2100, '6451', '2018-01-16 14:23:13'),
	(2102, '6450', '2018-01-16 14:23:20'),
	(2106, '6451', '2018-01-16 14:23:34'),
	(2108, '6450', '2018-01-16 14:23:39'),
	(2111, '6450', '2018-01-16 14:23:48'),
	(2112, '6449', '2018-01-16 14:23:50'),
	(2120, '6448', '2018-01-16 14:24:13'),
	(2122, '6449', '2018-01-16 14:24:17'),
	(2123, '6448', '2018-01-16 14:24:18'),
	(2126, '6447', '2018-01-16 14:24:26'),
	(2127, '6448', '2018-01-16 14:24:32'),
	(2130, '6447', '2018-01-16 14:24:38'),
	(2133, '6446', '2018-01-16 14:24:48'),
	(2135, '6447', '2018-01-16 14:24:51'),
	(2151, '6448', '2018-01-16 14:25:30'),
	(2156, '6447', '2018-01-16 14:25:43'),
	(2161, '6448', '2018-01-16 14:25:56'),
	(2171, '6449', '2018-01-16 14:26:28'),
	(2175, '6450', '2018-01-16 14:26:43'),
	(2182, '6451', '2018-01-16 14:27:06'),
	(2183, '6450', '2018-01-16 14:27:13'),
	(2197, '6449', '2018-01-16 14:27:47'),
	(2199, '6450', '2018-01-16 14:27:52'),
	(2202, '6449', '2018-01-16 14:28:03'),
	(2209, '6448', '2018-01-16 14:28:20'),
	(2217, '6447', '2018-01-16 14:28:40'),
	(2232, '6448', '2018-01-16 14:29:22'),
	(2233, '6449', '2018-01-16 14:29:29'),
	(2235, '6448', '2018-01-16 14:29:35'),
	(2236, '6449', '2018-01-16 14:29:41'),
	(2239, '6448', '2018-01-16 14:29:49'),
	(2243, '6449', '2018-01-16 14:29:59'),
	(2245, '6449', '2018-01-16 14:30:06'),
	(2248, '6448', '2018-01-16 14:30:12'),
	(2249, '6449', '2018-01-16 14:30:14'),
	(2252, '6450', '2018-01-16 14:30:21'),
	(2254, '6450', '2018-01-16 14:30:28'),
	(2259, '6449', '2018-01-16 14:30:40'),
	(2262, '6450', '2018-01-16 14:30:44'),
	(2263, '6449', '2018-01-16 14:30:48'),
	(2264, '6450', '2018-01-16 14:30:49'),
	(2265, '6449', '2018-01-16 14:30:53'),
	(2275, '6448', '2018-01-16 14:31:20'),
	(2279, '6449', '2018-01-16 14:31:31'),
	(2291, '6450', '2018-01-16 14:32:03'),
	(2292, '6449', '2018-01-16 14:32:06'),
	(2298, '6450', '2018-01-16 14:32:22'),
	(2299, '6449', '2018-01-16 14:32:25'),
	(2300, '6450', '2018-01-16 14:32:27'),
	(2312, '6451', '2018-01-16 14:33:02'),
	(2314, '6450', '2018-01-16 14:33:07'),
	(2321, '6449', '2018-01-16 14:33:26'),
	(2333, '6450', '2018-01-16 14:33:59'),
	(2334, '6450', '2018-01-16 14:34:02'),
	(2347, '6449', '2018-01-16 14:34:37'),
	(2349, '6448', '2018-01-16 14:34:44'),
	(2357, '6449', '2018-01-16 14:35:04'),
	(2366, '6450', '2018-01-16 14:35:28'),
	(2367, '6449', '2018-01-16 14:35:29'),
	(2370, '6448', '2018-01-16 14:35:38'),
	(2373, '6449', '2018-01-16 14:35:47'),
	(2383, '6448', '2018-01-16 14:36:12'),
	(2396, '6449', '2018-01-16 14:36:50'),
	(2403, '6448', '2018-01-16 14:37:13'),
	(2408, '6449', '2018-01-16 14:37:26'),
	(2409, '6448', '2018-01-16 14:37:29'),
	(2417, '6449', '2018-01-16 14:37:53'),
	(2431, '6448', '2018-01-16 14:38:26'),
	(2435, '6449', '2018-01-16 14:38:42'),
	(2443, '6448', '2018-01-16 14:39:05'),
	(2445, '6447', '2018-01-16 14:39:13'),
	(2446, '6448', '2018-01-16 14:39:15'),
	(2448, '6447', '2018-01-16 14:39:22'),
	(2458, '6447', '2018-01-16 14:39:52'),
	(2462, '6448', '2018-01-16 14:40:05'),
	(2474, '6447', '2018-01-16 14:40:34'),
	(2482, '6449', '2018-01-16 14:40:55'),
	(2506, '6450', '2018-01-16 14:42:01'),
	(2515, '6449', '2018-01-16 14:42:23'),
	(2535, '6450', '2018-01-16 14:43:21'),
	(2553, '6451', '2018-01-16 14:44:13'),
	(2556, '6450', '2018-01-16 14:44:23'),
	(2567, '6451', '2018-01-16 14:44:59'),
	(2575, '6452', '2018-01-16 14:45:22'),
	(2583, '6451', '2018-01-16 14:45:43'),
	(2585, '6450', '2018-01-16 14:45:48'),
	(2599, '6451', '2018-01-16 14:46:31'),
	(2605, '6452', '2018-01-16 14:46:50'),
	(2606, '6451', '2018-01-16 14:46:53'),
	(2614, '6450', '2018-01-16 14:47:10'),
	(2622, '6449', '2018-01-16 14:47:34'),
	(2628, '6448', '2018-01-16 14:47:54'),
	(2641, '6448', '2018-01-16 14:48:33'),
	(2652, '6449', '2018-01-16 14:49:05'),
	(2658, '6450', '2018-01-16 14:49:22'),
	(2663, '6449', '2018-01-16 14:49:35'),
	(2692, '6450', '2018-01-16 14:50:54'),
	(2723, '6449', '2018-01-16 14:52:32'),
	(2730, '6448', '2018-01-16 14:52:58'),
	(2746, '6449', '2018-01-16 14:53:43'),
	(2759, '6448', '2018-01-16 14:54:21'),
	(2774, '6447', '2018-01-16 14:54:58'),
	(2775, '6448', '2018-01-16 14:55:01'),
	(2780, '6449', '2018-01-16 14:55:13'),
	(2784, '6447', '2018-01-16 14:55:25'),
	(2813, '6448', '2018-01-16 14:56:40'),
	(2822, '6447', '2018-01-16 14:57:02'),
	(2823, '6448', '2018-01-16 14:57:06'),
	(2831, '6449', '2018-01-16 14:57:27'),
	(2833, '6448', '2018-01-16 14:57:32'),
	(2837, '6447', '2018-01-16 14:57:43'),
	(2841, '6447', '2018-01-16 14:57:53'),
	(2849, '6448', '2018-01-16 14:58:12'),
	(2850, '6447', '2018-01-16 14:58:15'),
	(2851, '6448', '2018-01-16 14:58:17'),
	(2866, '6449', '2018-01-16 14:58:55'),
	(2873, '6448', '2018-01-16 14:59:12'),
	(2874, '6449', '2018-01-16 14:59:14'),
	(2876, '6448', '2018-01-16 14:59:18'),
	(2893, '6447', '2018-01-16 15:00:01'),
	(2894, '6448', '2018-01-16 15:00:03'),
	(2896, '6447', '2018-01-16 15:00:11'),
	(2899, '6448', '2018-01-16 15:00:18'),
	(2901, '6447', '2018-01-16 15:00:24'),
	(2907, '6448', '2018-01-16 15:00:40'),
	(2916, '6449', '2018-01-16 15:01:01'),
	(2924, '6450', '2018-01-16 15:01:23'),
	(2927, '6449', '2018-01-16 15:01:30'),
	(2939, '6450', '2018-01-16 15:02:03'),
	(2941, '6449', '2018-01-16 15:02:11'),
	(2947, '6448', '2018-01-16 15:02:23'),
	(2952, '6447', '2018-01-16 15:02:38'),
	(2960, '6446', '2018-01-16 15:02:58'),
	(2962, '6447', '2018-01-16 15:03:03'),
	(2968, '6446', '2018-01-16 15:03:16'),
	(2969, '6444', '2018-01-16 15:03:20'),
	(2970, '6444', '2018-01-16 15:03:23'),
	(2971, '6444', '2018-01-16 15:03:26'),
	(2972, '6443', '2018-01-16 15:03:28'),
	(2974, '6444', '2018-01-16 15:03:33'),
	(2975, '6445', '2018-01-16 15:03:36'),
	(2977, '6444', '2018-01-16 15:03:42'),
	(2980, '6445', '2018-01-16 15:03:50'),
	(2981, '6444', '2018-01-16 15:03:54'),
	(2982, '6445', '2018-01-16 15:03:56'),
	(2986, '6444', '2018-01-16 15:04:06'),
	(2987, '6445', '2018-01-16 15:04:09'),
	(2988, '6444', '2018-01-16 15:04:11'),
	(2992, '6443', '2018-01-16 15:04:21'),
	(2993, '6443', '2018-01-16 15:04:25'),
	(2995, '6442', '2018-01-16 15:04:29'),
	(2996, '6443', '2018-01-16 15:04:30'),
	(2997, '6444', '2018-01-16 15:04:35'),
	(2998, '6443', '2018-01-16 15:04:36'),
	(3001, '6444', '2018-01-16 15:04:45'),
	(3002, '6444', '2018-01-16 15:04:48'),
	(3003, '6443', '2018-01-16 15:04:49'),
	(3004, '6443', '2018-01-16 15:04:55'),
	(3006, '6444', '2018-01-16 15:05:01'),
	(3012, '6445', '2018-01-16 15:05:17'),
	(3014, '6444', '2018-01-16 15:05:22'),
	(3017, '6445', '2018-01-16 15:05:31'),
	(3019, '6446', '2018-01-16 15:05:33'),
	(3020, '6445', '2018-01-16 15:05:38'),
	(3026, '6446', '2018-01-16 15:05:52'),
	(3027, '6445', '2018-01-16 15:05:55'),
	(3029, '6446', '2018-01-16 15:05:58'),
	(3030, '6449', '2018-01-16 15:06:03'),
	(3035, '6449', '2018-01-16 15:06:16'),
	(3049, '6449', '2018-01-16 15:06:52'),
	(3056, '6450', '2018-01-16 15:07:09'),
	(3068, '6448', '2018-01-16 15:07:42'),
	(3070, '6447', '2018-01-16 15:07:48'),
	(3071, '6448', '2018-01-16 15:07:51'),
	(3077, '6447', '2018-01-16 15:08:08'),
	(3078, '6446', '2018-01-16 15:08:15'),
	(3081, '6447', '2018-01-16 15:08:21'),
	(3088, '6446', '2018-01-16 15:08:39'),
	(3099, '6447', '2018-01-16 15:09:09'),
	(3104, '6446', '2018-01-16 15:09:22'),
	(3118, '6445', '2018-01-16 15:09:59'),
	(3120, '6444', '2018-01-16 15:10:06'),
	(3121, '6444', '2018-01-16 15:10:11'),
	(3124, '6443', '2018-01-16 15:10:19'),
	(3125, '6444', '2018-01-16 15:10:20'),
	(3128, '6444', '2018-01-16 15:10:31'),
	(3130, '6444', '2018-01-16 15:10:35'),
	(3132, '6444', '2018-01-16 15:10:50'),
	(3135, '6444', '2018-01-16 15:11:00'),
	(3138, '6445', '2018-01-16 15:11:08'),
	(3140, '6443', '2018-01-16 15:11:13'),
	(3145, '6444', '2018-01-16 15:11:27'),
	(3146, '6443', '2018-01-16 15:11:30'),
	(3147, '6444', '2018-01-16 15:11:33'),
	(3153, '6443', '2018-01-16 15:11:53'),
	(3154, '6444', '2018-01-16 15:12:00'),
	(3155, '6443', '2018-01-16 15:12:01'),
	(3157, '6443', '2018-01-16 15:12:06'),
	(3158, '6444', '2018-01-16 15:12:13'),
	(3161, '6443', '2018-01-16 15:12:22'),
	(3163, '6443', '2018-01-16 15:12:27'),
	(3166, '6443', '2018-01-16 15:12:33'),
	(3167, '6444', '2018-01-16 15:12:37'),
	(3169, '6444', '2018-01-16 15:12:43'),
	(3186, '6444', '2018-01-16 15:13:38'),
	(3190, '6443', '2018-01-16 15:13:47'),
	(3191, '6443', '2018-01-16 15:13:51'),
	(3195, '6444', '2018-01-16 15:14:03'),
	(3200, '6443', '2018-01-16 15:14:15'),
	(3206, '6444', '2018-01-16 15:14:32'),
	(3209, '6445', '2018-01-16 15:14:41'),
	(3223, '6444', '2018-01-16 15:15:25'),
	(3225, '6443', '2018-01-16 15:15:39'),
	(3226, '6443', '2018-01-16 15:15:44'),
	(3231, '6442', '2018-01-16 15:16:09'),
	(3234, '6442', '2018-01-16 15:16:19'),
	(3235, '6443', '2018-01-16 15:16:23'),
	(3236, '6442', '2018-01-16 15:16:25'),
	(3237, '6443', '2018-01-16 15:16:28'),
	(3249, '6442', '2018-01-16 15:17:02'),
	(3251, '6443', '2018-01-16 15:17:05'),
	(3256, '6445', '2018-01-16 15:17:19'),
	(3261, '6444', '2018-01-16 15:17:32'),
	(3267, '6443', '2018-01-16 15:17:46'),
	(3268, '6443', '2018-01-16 15:17:49'),
	(3272, '6442', '2018-01-16 15:17:57'),
	(3275, '6440', '2018-01-16 15:18:06'),
	(3276, '6438', '2018-01-16 15:18:07'),
	(3277, '6439', '2018-01-16 15:18:09'),
	(3278, '6440', '2018-01-16 15:18:11'),
	(3279, '6440', '2018-01-16 15:18:14'),
	(3282, '6441', '2018-01-16 15:18:23'),
	(3285, '6441', '2018-01-16 15:18:30'),
	(3286, '6440', '2018-01-16 15:18:32'),
	(3287, '6440', '2018-01-16 15:18:33'),
	(3289, '6440', '2018-01-16 15:18:38'),
	(3300, '6440', '2018-01-16 15:19:05'),
	(3310, '6441', '2018-01-16 15:19:25'),
	(3317, '6440', '2018-01-16 15:19:46'),
	(3318, '6441', '2018-01-16 15:19:48'),
	(3321, '6440', '2018-01-16 15:19:56'),
	(3322, '6439', '2018-01-16 15:20:00'),
	(3323, '6439', '2018-01-16 15:20:01'),
	(3324, '6438', '2018-01-16 15:20:07'),
	(3325, '6439', '2018-01-16 15:20:10'),
	(3326, '6439', '2018-01-16 15:20:13'),
	(3327, '6439', '2018-01-16 15:20:17'),
	(3329, '6440', '2018-01-16 15:20:22'),
	(3333, '6439', '2018-01-16 15:20:33'),
	(3334, '6440', '2018-01-16 15:20:34'),
	(3335, '6439', '2018-01-16 15:20:39'),
	(3336, '6440', '2018-01-16 15:20:40'),
	(3338, '6440', '2018-01-16 15:20:45'),
	(3342, '6440', '2018-01-16 15:20:57'),
	(3343, '6442', '2018-01-16 15:21:00'),
	(3344, '6442', '2018-01-16 15:21:03'),
	(3350, '6442', '2018-01-16 15:21:18'),
	(3352, '6441', '2018-01-16 15:21:26'),
	(3355, '6442', '2018-01-16 15:21:33'),
	(3359, '6441', '2018-01-16 15:21:44'),
	(3361, '6442', '2018-01-16 15:21:49'),
	(3362, '6441', '2018-01-16 15:21:52'),
	(3363, '6442', '2018-01-16 15:21:55');
/*!40000 ALTER TABLE `data_conc` ENABLE KEYS */;

-- 导出  表 ylife.data_longyanxiang 结构
DROP TABLE IF EXISTS `data_longyanxiang`;
CREATE TABLE IF NOT EXISTS `data_longyanxiang` (
  `id` int(11) NOT NULL AUTO_INCREMENT,
  `price` varchar(30) DEFAULT NULL,
  `time` datetime DEFAULT NULL,
  PRIMARY KEY (`id`),
  UNIQUE KEY `time` (`time`)
) ENGINE=InnoDB DEFAULT CHARSET=utf8;

-- 正在导出表  ylife.data_longyanxiang 的数据：~0 rows (大约)
/*!40000 ALTER TABLE `data_longyanxiang` DISABLE KEYS */;
/*!40000 ALTER TABLE `data_longyanxiang` ENABLE KEYS */;

-- 导出  表 ylife.data_mila 结构
DROP TABLE IF EXISTS `data_mila`;
CREATE TABLE IF NOT EXISTS `data_mila` (
  `id` int(11) NOT NULL AUTO_INCREMENT,
  `price` varchar(30) DEFAULT NULL,
  `time` datetime DEFAULT NULL,
  PRIMARY KEY (`id`),
  UNIQUE KEY `time` (`time`)
) ENGINE=InnoDB DEFAULT CHARSET=utf8;

-- 正在导出表  ylife.data_mila 的数据：~0 rows (大约)
/*!40000 ALTER TABLE `data_mila` DISABLE KEYS */;
/*!40000 ALTER TABLE `data_mila` ENABLE KEYS */;

-- 导出  表 ylife.data_ng 结构
DROP TABLE IF EXISTS `data_ng`;
CREATE TABLE IF NOT EXISTS `data_ng` (
  `id` int(11) NOT NULL AUTO_INCREMENT,
  `price` varchar(30) DEFAULT NULL,
  `time` datetime DEFAULT NULL,
  PRIMARY KEY (`id`),
  UNIQUE KEY `time` (`time`)
) ENGINE=InnoDB AUTO_INCREMENT=3413 DEFAULT CHARSET=utf8;

-- 正在导出表  ylife.data_ng 的数据：~628 rows (大约)
/*!40000 ALTER TABLE `data_ng` DISABLE KEYS */;
INSERT INTO `data_ng` (`id`, `price`, `time`) VALUES
	(1, '3138', '2018-01-16 10:32:42'),
	(9, '3137', '2018-01-16 10:33:26'),
	(15, '3137', '2018-01-16 10:33:38'),
	(16, '3136', '2018-01-16 12:41:34'),
	(36, '3136', '2018-01-16 12:43:20'),
	(50, '3135', '2018-01-16 12:43:56'),
	(54, '3135', '2018-01-16 12:44:08'),
	(56, '3136', '2018-01-16 12:44:13'),
	(58, '3135', '2018-01-16 12:44:19'),
	(61, '3135', '2018-01-16 12:44:28'),
	(63, '3134', '2018-01-16 12:44:33'),
	(65, '3135', '2018-01-16 12:44:35'),
	(81, '3134', '2018-01-16 12:45:16'),
	(88, '3136', '2018-01-16 12:45:34'),
	(114, '3136', '2018-01-16 12:46:39'),
	(117, '3136', '2018-01-16 12:46:46'),
	(125, '3137', '2018-01-16 12:47:05'),
	(133, '3136', '2018-01-16 12:47:27'),
	(135, '3136', '2018-01-16 12:47:30'),
	(138, '3137', '2018-01-16 12:47:40'),
	(142, '3137', '2018-01-16 12:47:53'),
	(152, '3137', '2018-01-16 12:48:17'),
	(154, '3138', '2018-01-16 12:48:20'),
	(166, '3137', '2018-01-16 12:48:54'),
	(167, '3137', '2018-01-16 12:48:57'),
	(172, '3138', '2018-01-16 12:49:08'),
	(173, '3138', '2018-01-16 12:49:10'),
	(178, '3138', '2018-01-16 12:49:20'),
	(181, '3137', '2018-01-16 12:49:31'),
	(191, '3137', '2018-01-16 12:49:59'),
	(193, '3136', '2018-01-16 12:50:05'),
	(195, '3137', '2018-01-16 12:50:08'),
	(202, '3137', '2018-01-16 12:50:29'),
	(204, '3136', '2018-01-16 12:50:35'),
	(216, '3135', '2018-01-16 12:51:09'),
	(218, '3135', '2018-01-16 12:51:11'),
	(221, '3135', '2018-01-16 12:51:22'),
	(225, '3134', '2018-01-16 12:51:33'),
	(258, '3134', '2018-01-16 12:53:00'),
	(261, '3135', '2018-01-16 12:53:09'),
	(282, '3134', '2018-01-16 12:53:57'),
	(284, '3134', '2018-01-16 12:54:03'),
	(298, '3133', '2018-01-16 12:54:44'),
	(321, '3134', '2018-01-16 12:55:42'),
	(343, '3133', '2018-01-16 12:56:38'),
	(357, '3134', '2018-01-16 12:57:11'),
	(362, '3133', '2018-01-16 12:57:28'),
	(366, '3134', '2018-01-16 12:57:35'),
	(374, '3134', '2018-01-16 12:57:58'),
	(378, '3133', '2018-01-16 12:58:08'),
	(398, '3132', '2018-01-16 12:59:04'),
	(400, '3132', '2018-01-16 12:59:09'),
	(402, '3132', '2018-01-16 12:59:13'),
	(421, '3131', '2018-01-16 13:00:00'),
	(425, '3126', '2018-01-16 13:00:12'),
	(427, '3126', '2018-01-16 13:00:17'),
	(429, '3127', '2018-01-16 13:00:19'),
	(431, '3127', '2018-01-16 13:00:24'),
	(433, '3128', '2018-01-16 13:00:31'),
	(434, '3130', '2018-01-16 13:00:37'),
	(442, '3129', '2018-01-16 13:00:53'),
	(444, '3129', '2018-01-16 13:00:59'),
	(446, '3128', '2018-01-16 13:01:05'),
	(458, '3129', '2018-01-16 13:01:34'),
	(463, '3130', '2018-01-16 13:01:50'),
	(465, '3130', '2018-01-16 13:01:56'),
	(467, '3129', '2018-01-16 13:02:00'),
	(469, '3130', '2018-01-16 13:02:04'),
	(471, '3131', '2018-01-16 13:02:10'),
	(475, '3131', '2018-01-16 13:02:21'),
	(479, '3131', '2018-01-16 13:02:32'),
	(488, '3132', '2018-01-16 13:02:52'),
	(490, '3132', '2018-01-16 13:03:01'),
	(502, '3133', '2018-01-16 13:03:29'),
	(505, '3131', '2018-01-16 13:03:37'),
	(506, '3131', '2018-01-16 13:03:38'),
	(508, '3130', '2018-01-16 13:03:46'),
	(512, '3130', '2018-01-16 13:03:57'),
	(514, '3130', '2018-01-16 13:03:58'),
	(519, '3129', '2018-01-16 13:04:13'),
	(523, '3129', '2018-01-16 13:04:23'),
	(525, '3128', '2018-01-16 13:04:29'),
	(537, '3128', '2018-01-16 13:04:58'),
	(542, '3128', '2018-01-16 13:05:11'),
	(545, '3127', '2018-01-16 13:05:22'),
	(553, '3126', '2018-01-16 13:05:41'),
	(555, '3125', '2018-01-16 13:05:45'),
	(559, '3126', '2018-01-16 13:05:52'),
	(560, '3125', '2018-01-16 13:05:58'),
	(564, '3125', '2018-01-16 13:06:12'),
	(565, '3126', '2018-01-16 13:06:15'),
	(567, '3120', '2018-01-16 13:06:21'),
	(569, '3120', '2018-01-16 13:06:24'),
	(571, '3121', '2018-01-16 13:06:28'),
	(573, '3124', '2018-01-16 13:06:37'),
	(575, '3123', '2018-01-16 13:06:39'),
	(577, '3122', '2018-01-16 13:06:43'),
	(578, '3124', '2018-01-16 13:06:51'),
	(580, '3122', '2018-01-16 13:06:57'),
	(582, '3121', '2018-01-16 13:06:58'),
	(583, '3121', '2018-01-16 13:07:05'),
	(587, '3122', '2018-01-16 13:07:16'),
	(604, '3122', '2018-01-16 13:07:57'),
	(605, '3123', '2018-01-16 13:07:58'),
	(606, '3122', '2018-01-16 13:08:07'),
	(609, '3121', '2018-01-16 13:08:17'),
	(610, '3122', '2018-01-16 13:08:20'),
	(612, '3121', '2018-01-16 13:08:24'),
	(614, '3122', '2018-01-16 13:08:31'),
	(615, '3122', '2018-01-16 13:08:37'),
	(616, '3122', '2018-01-16 13:08:38'),
	(620, '3122', '2018-01-16 13:08:53'),
	(624, '3123', '2018-01-16 13:09:10'),
	(630, '3123', '2018-01-16 13:09:31'),
	(633, '3123', '2018-01-16 13:09:37'),
	(634, '3123', '2018-01-16 13:09:42'),
	(636, '3124', '2018-01-16 13:09:44'),
	(638, '3125', '2018-01-16 13:09:51'),
	(640, '3126', '2018-01-16 13:10:01'),
	(641, '3126', '2018-01-16 13:10:07'),
	(645, '3125', '2018-01-16 13:10:15'),
	(652, '3124', '2018-01-16 13:10:46'),
	(654, '3125', '2018-01-16 13:10:55'),
	(655, '3126', '2018-01-16 13:11:06'),
	(660, '3125', '2018-01-16 13:11:24'),
	(661, '3125', '2018-01-16 13:11:32'),
	(662, '3125', '2018-01-16 13:11:33'),
	(664, '3123', '2018-01-16 13:11:46'),
	(669, '3123', '2018-01-16 13:11:56'),
	(679, '3122', '2018-01-16 13:12:29'),
	(687, '3123', '2018-01-16 13:13:10'),
	(689, '3122', '2018-01-16 13:13:25'),
	(690, '3123', '2018-01-16 13:13:32'),
	(691, '3123', '2018-01-16 13:13:37'),
	(692, '3123', '2018-01-16 13:13:38'),
	(699, '3124', '2018-01-16 13:13:56'),
	(701, '3123', '2018-01-16 13:14:04'),
	(703, '3123', '2018-01-16 13:14:11'),
	(706, '3122', '2018-01-16 13:14:22'),
	(707, '3122', '2018-01-16 13:14:27'),
	(717, '3121', '2018-01-16 13:14:55'),
	(726, '3122', '2018-01-16 13:15:24'),
	(727, '3121', '2018-01-16 13:15:32'),
	(730, '3121', '2018-01-16 13:15:44'),
	(735, '3121', '2018-01-16 13:16:01'),
	(737, '3120', '2018-01-16 13:16:03'),
	(738, '3121', '2018-01-16 13:16:11'),
	(742, '3121', '2018-01-16 13:16:17'),
	(743, '3121', '2018-01-16 13:16:23'),
	(745, '3122', '2018-01-16 13:16:30'),
	(748, '3122', '2018-01-16 13:16:39'),
	(752, '3122', '2018-01-16 13:16:53'),
	(754, '3123', '2018-01-16 13:17:01'),
	(758, '3124', '2018-01-16 13:17:12'),
	(760, '3123', '2018-01-16 13:17:14'),
	(771, '3123', '2018-01-16 13:17:38'),
	(781, '3124', '2018-01-16 13:18:06'),
	(792, '3122', '2018-01-16 13:18:29'),
	(804, '3123', '2018-01-16 13:18:59'),
	(829, '3124', '2018-01-16 13:20:00'),
	(842, '3123', '2018-01-16 13:20:30'),
	(846, '3123', '2018-01-16 13:20:38'),
	(850, '3124', '2018-01-16 13:20:52'),
	(854, '3123', '2018-01-16 13:20:58'),
	(863, '3124', '2018-01-16 13:21:22'),
	(868, '3123', '2018-01-16 13:21:28'),
	(887, '3124', '2018-01-16 13:22:19'),
	(889, '3123', '2018-01-16 13:22:32'),
	(898, '3123', '2018-01-16 13:22:50'),
	(913, '3122', '2018-01-16 13:23:31'),
	(915, '3123', '2018-01-16 13:23:36'),
	(923, '3123', '2018-01-16 13:23:53'),
	(925, '3121', '2018-01-16 13:24:02'),
	(927, '3119', '2018-01-16 13:24:06'),
	(929, '3117', '2018-01-16 13:24:11'),
	(931, '3118', '2018-01-16 13:24:16'),
	(933, '3118', '2018-01-16 13:24:22'),
	(935, '3118', '2018-01-16 13:24:23'),
	(937, '3116', '2018-01-16 13:24:32'),
	(939, '3117', '2018-01-16 13:24:34'),
	(944, '3116', '2018-01-16 13:24:45'),
	(945, '3117', '2018-01-16 13:24:49'),
	(950, '3116', '2018-01-16 13:24:59'),
	(952, '3117', '2018-01-16 13:25:08'),
	(953, '3117', '2018-01-16 13:25:13'),
	(955, '3118', '2018-01-16 13:25:17'),
	(958, '3119', '2018-01-16 13:25:18'),
	(962, '3118', '2018-01-16 13:25:30'),
	(964, '3119', '2018-01-16 13:25:36'),
	(966, '3120', '2018-01-16 13:25:40'),
	(968, '3119', '2018-01-16 13:25:47'),
	(970, '3120', '2018-01-16 13:25:49'),
	(974, '3121', '2018-01-16 13:25:59'),
	(982, '3120', '2018-01-16 13:26:18'),
	(986, '3120', '2018-01-16 13:26:30'),
	(988, '3121', '2018-01-16 13:26:37'),
	(989, '3119', '2018-01-16 13:26:38'),
	(996, '3119', '2018-01-16 13:26:58'),
	(998, '3121', '2018-01-16 13:27:01'),
	(1002, '3119', '2018-01-16 13:27:13'),
	(1010, '3119', '2018-01-16 13:27:33'),
	(1012, '3120', '2018-01-16 13:27:35'),
	(1014, '3121', '2018-01-16 13:27:41'),
	(1016, '3121', '2018-01-16 13:27:44'),
	(1019, '3121', '2018-01-16 13:27:54'),
	(1028, '3122', '2018-01-16 13:28:15'),
	(1035, '3122', '2018-01-16 13:28:37'),
	(1042, '3124', '2018-01-16 13:28:58'),
	(1044, '3125', '2018-01-16 13:29:03'),
	(1046, '3126', '2018-01-16 13:29:08'),
	(1048, '3126', '2018-01-16 13:29:12'),
	(1050, '3126', '2018-01-16 13:29:16'),
	(1052, '3126', '2018-01-16 13:29:21'),
	(1055, '3126', '2018-01-16 13:29:27'),
	(1056, '3126', '2018-01-16 13:29:31'),
	(1059, '3126', '2018-01-16 13:29:37'),
	(1060, '3126', '2018-01-16 13:29:43'),
	(1062, '3126', '2018-01-16 13:29:44'),
	(1064, '3126', '2018-01-16 13:29:53'),
	(1066, '3126', '2018-01-16 13:29:57'),
	(1071, '3125', '2018-01-16 13:30:06'),
	(1073, '3126', '2018-01-16 13:30:18'),
	(1075, '3125', '2018-01-16 13:30:20'),
	(1077, '3127', '2018-01-16 13:30:31'),
	(1078, '3128', '2018-01-16 13:30:40'),
	(1081, '3126', '2018-01-16 13:30:47'),
	(1083, '3126', '2018-01-16 13:30:50'),
	(1091, '3125', '2018-01-16 13:31:20'),
	(1096, '3125', '2018-01-16 13:31:30'),
	(1098, '3124', '2018-01-16 13:31:32'),
	(1105, '3125', '2018-01-16 13:31:56'),
	(1109, '3126', '2018-01-16 13:32:04'),
	(1111, '3125', '2018-01-16 13:32:13'),
	(1113, '3126', '2018-01-16 13:32:17'),
	(1117, '3125', '2018-01-16 13:32:25'),
	(1123, '3126', '2018-01-16 13:32:39'),
	(1127, '3126', '2018-01-16 13:32:48'),
	(1131, '3125', '2018-01-16 13:32:59'),
	(1135, '3124', '2018-01-16 13:33:11'),
	(1137, '3125', '2018-01-16 13:33:16'),
	(1145, '3125', '2018-01-16 13:33:37'),
	(1149, '3125', '2018-01-16 13:33:45'),
	(1163, '3124', '2018-01-16 13:34:27'),
	(1169, '3124', '2018-01-16 13:34:40'),
	(1173, '3124', '2018-01-16 13:34:52'),
	(1177, '3124', '2018-01-16 13:35:01'),
	(1189, '3125', '2018-01-16 13:35:29'),
	(1194, '3124', '2018-01-16 13:35:42'),
	(1197, '3124', '2018-01-16 13:35:52'),
	(1203, '3125', '2018-01-16 13:36:05'),
	(1209, '3123', '2018-01-16 13:36:21'),
	(1211, '3124', '2018-01-16 13:36:24'),
	(1213, '3123', '2018-01-16 13:36:32'),
	(1221, '3124', '2018-01-16 13:36:49'),
	(1227, '3124', '2018-01-16 13:37:06'),
	(1232, '3124', '2018-01-16 13:37:18'),
	(1239, '3123', '2018-01-16 13:37:34'),
	(1241, '3124', '2018-01-16 13:37:38'),
	(1242, '3123', '2018-01-16 13:37:44'),
	(1244, '3124', '2018-01-16 13:37:52'),
	(1252, '3124', '2018-01-16 13:38:12'),
	(1257, '3124', '2018-01-16 13:38:19'),
	(1259, '3124', '2018-01-16 13:38:27'),
	(1269, '3124', '2018-01-16 13:38:52'),
	(1274, '3123', '2018-01-16 13:39:03'),
	(1283, '3124', '2018-01-16 13:39:24'),
	(1285, '3124', '2018-01-16 13:39:32'),
	(1297, '3124', '2018-01-16 13:40:01'),
	(1302, '3123', '2018-01-16 13:40:16'),
	(1308, '3123', '2018-01-16 13:40:31'),
	(1311, '3124', '2018-01-16 13:40:34'),
	(1326, '3121', '2018-01-16 13:41:17'),
	(1328, '3121', '2018-01-16 13:41:21'),
	(1336, '3121', '2018-01-16 13:41:41'),
	(1343, '3121', '2018-01-16 13:42:01'),
	(1347, '3122', '2018-01-16 13:42:12'),
	(1349, '3123', '2018-01-16 13:42:16'),
	(1351, '3123', '2018-01-16 13:42:21'),
	(1354, '3123', '2018-01-16 13:42:31'),
	(1356, '3124', '2018-01-16 13:42:37'),
	(1358, '3123', '2018-01-16 13:42:42'),
	(1366, '3122', '2018-01-16 13:42:58'),
	(1369, '3121', '2018-01-16 13:43:05'),
	(1373, '3122', '2018-01-16 13:43:16'),
	(1374, '3121', '2018-01-16 13:43:20'),
	(1376, '3121', '2018-01-16 13:43:27'),
	(1380, '3119', '2018-01-16 13:43:34'),
	(1389, '3121', '2018-01-16 13:43:56'),
	(1390, '3120', '2018-01-16 13:44:00'),
	(1392, '3119', '2018-01-16 13:44:04'),
	(1395, '3119', '2018-01-16 13:44:15'),
	(1398, '3120', '2018-01-16 13:44:22'),
	(1399, '3119', '2018-01-16 13:44:28'),
	(1403, '3118', '2018-01-16 13:44:36'),
	(1406, '3118', '2018-01-16 13:44:48'),
	(1408, '3118', '2018-01-16 13:44:50'),
	(1410, '3119', '2018-01-16 13:44:56'),
	(1412, '3119', '2018-01-16 13:44:58'),
	(1414, '3119', '2018-01-16 13:45:07'),
	(1415, '3118', '2018-01-16 13:45:08'),
	(1417, '3120', '2018-01-16 13:45:17'),
	(1421, '3121', '2018-01-16 13:45:27'),
	(1425, '3119', '2018-01-16 13:45:34'),
	(1437, '3120', '2018-01-16 13:46:04'),
	(1442, '3119', '2018-01-16 13:46:19'),
	(1450, '3120', '2018-01-16 13:46:46'),
	(1452, '3120', '2018-01-16 13:46:48'),
	(1457, '3120', '2018-01-16 13:47:02'),
	(1458, '3121', '2018-01-16 13:47:07'),
	(1460, '3120', '2018-01-16 13:47:13'),
	(1462, '3120', '2018-01-16 13:47:31'),
	(1463, '3120', '2018-01-16 13:47:42'),
	(1464, '3120', '2018-01-16 13:47:50'),
	(1466, '3119', '2018-01-16 13:47:57'),
	(1470, '3120', '2018-01-16 13:48:06'),
	(1481, '3119', '2018-01-16 13:48:39'),
	(1483, '3120', '2018-01-16 13:48:45'),
	(1484, '3118', '2018-01-16 13:48:51'),
	(1486, '3119', '2018-01-16 13:49:01'),
	(1494, '3119', '2018-01-16 13:49:23'),
	(1499, '3118', '2018-01-16 13:49:42'),
	(1502, '3118', '2018-01-16 13:49:43'),
	(1505, '3119', '2018-01-16 13:49:58'),
	(1506, '3119', '2018-01-16 13:49:59'),
	(1509, '3119', '2018-01-16 13:50:17'),
	(1557, '3118', '2018-01-16 13:53:25'),
	(1559, '3117', '2018-01-16 13:53:30'),
	(1560, '3119', '2018-01-16 13:53:36'),
	(1561, '3118', '2018-01-16 13:53:39'),
	(1563, '3117', '2018-01-16 13:53:51'),
	(1564, '3117', '2018-01-16 13:53:58'),
	(1566, '3118', '2018-01-16 13:54:03'),
	(1569, '3119', '2018-01-16 13:54:17'),
	(1572, '3119', '2018-01-16 13:54:37'),
	(1573, '3119', '2018-01-16 13:54:38'),
	(1576, '3119', '2018-01-16 13:54:53'),
	(1577, '3118', '2018-01-16 13:54:54'),
	(1578, '3119', '2018-01-16 13:55:03'),
	(1579, '3119', '2018-01-16 13:55:06'),
	(1582, '3120', '2018-01-16 13:55:26'),
	(1595, '3119', '2018-01-16 13:56:18'),
	(1597, '3120', '2018-01-16 13:56:22'),
	(1604, '3119', '2018-01-16 13:56:56'),
	(1605, '3120', '2018-01-16 13:57:02'),
	(1619, '3119', '2018-01-16 13:57:57'),
	(1625, '3118', '2018-01-16 13:58:27'),
	(1627, '3119', '2018-01-16 13:58:32'),
	(1633, '3118', '2018-01-16 13:58:57'),
	(1637, '3118', '2018-01-16 13:59:05'),
	(1638, '3118', '2018-01-16 13:59:13'),
	(1642, '3119', '2018-01-16 13:59:22'),
	(1650, '3118', '2018-01-16 13:59:48'),
	(1657, '3119', '2018-01-16 14:00:05'),
	(1675, '3118', '2018-01-16 14:00:59'),
	(1676, '3118', '2018-01-16 14:01:05'),
	(1680, '3119', '2018-01-16 14:01:13'),
	(1686, '3118', '2018-01-16 14:01:34'),
	(1688, '3120', '2018-01-16 14:01:42'),
	(1705, '3120', '2018-01-16 14:02:34'),
	(1707, '3120', '2018-01-16 14:02:45'),
	(1710, '3120', '2018-01-16 14:02:57'),
	(1712, '3120', '2018-01-16 14:03:01'),
	(1716, '3120', '2018-01-16 14:03:15'),
	(1728, '3120', '2018-01-16 14:03:50'),
	(1731, '3120', '2018-01-16 14:04:02'),
	(1733, '3121', '2018-01-16 14:04:10'),
	(1736, '3120', '2018-01-16 14:04:19'),
	(1743, '3120', '2018-01-16 14:04:47'),
	(1746, '3123', '2018-01-16 14:04:56'),
	(1747, '3123', '2018-01-16 14:05:00'),
	(1750, '3122', '2018-01-16 14:05:04'),
	(1764, '3121', '2018-01-16 14:05:47'),
	(1784, '3122', '2018-01-16 14:06:57'),
	(1789, '3122', '2018-01-16 14:07:31'),
	(1793, '3122', '2018-01-16 14:07:40'),
	(1797, '3123', '2018-01-16 14:07:53'),
	(1823, '3122', '2018-01-16 14:08:56'),
	(1826, '3123', '2018-01-16 14:09:02'),
	(1832, '3123', '2018-01-16 14:09:22'),
	(1843, '3124', '2018-01-16 14:09:51'),
	(1847, '3123', '2018-01-16 14:10:03'),
	(1849, '3123', '2018-01-16 14:10:08'),
	(1862, '3122', '2018-01-16 14:10:41'),
	(1868, '3121', '2018-01-16 14:10:57'),
	(1878, '3122', '2018-01-16 14:11:25'),
	(1880, '3121', '2018-01-16 14:11:33'),
	(1886, '3121', '2018-01-16 14:11:49'),
	(1888, '3120', '2018-01-16 14:11:56'),
	(1890, '3121', '2018-01-16 14:12:03'),
	(1892, '3119', '2018-01-16 14:12:06'),
	(1897, '3120', '2018-01-16 14:12:16'),
	(1901, '3119', '2018-01-16 14:12:31'),
	(1907, '3119', '2018-01-16 14:12:48'),
	(1911, '3119', '2018-01-16 14:12:56'),
	(1912, '3119', '2018-01-16 14:13:03'),
	(1914, '3119', '2018-01-16 14:13:06'),
	(1916, '3120', '2018-01-16 14:13:13'),
	(1935, '3119', '2018-01-16 14:13:57'),
	(1938, '3120', '2018-01-16 14:14:07'),
	(1957, '3118', '2018-01-16 14:14:49'),
	(1967, '3119', '2018-01-16 14:15:14'),
	(1977, '3118', '2018-01-16 14:15:40'),
	(1978, '3118', '2018-01-16 14:15:47'),
	(1979, '3118', '2018-01-16 14:15:49'),
	(1980, '3118', '2018-01-16 14:15:54'),
	(1981, '3117', '2018-01-16 14:16:03'),
	(1983, '3117', '2018-01-16 14:16:04'),
	(1988, '3116', '2018-01-16 14:16:15'),
	(1990, '3117', '2018-01-16 14:16:18'),
	(1991, '3117', '2018-01-16 14:16:27'),
	(1997, '3117', '2018-01-16 14:16:41'),
	(2001, '3118', '2018-01-16 14:16:51'),
	(2003, '3117', '2018-01-16 14:16:57'),
	(2007, '3118', '2018-01-16 14:17:04'),
	(2009, '3118', '2018-01-16 14:17:12'),
	(2013, '3117', '2018-01-16 14:17:23'),
	(2017, '3118', '2018-01-16 14:17:32'),
	(2023, '3118', '2018-01-16 14:17:47'),
	(2025, '3120', '2018-01-16 14:17:51'),
	(2033, '3120', '2018-01-16 14:18:11'),
	(2037, '3122', '2018-01-16 14:18:23'),
	(2043, '3122', '2018-01-16 14:18:38'),
	(2047, '3122', '2018-01-16 14:18:47'),
	(2050, '3122', '2018-01-16 14:18:51'),
	(2052, '3122', '2018-01-16 14:18:55'),
	(2062, '3120', '2018-01-16 14:19:27'),
	(2069, '3120', '2018-01-16 14:19:40'),
	(2071, '3121', '2018-01-16 14:19:46'),
	(2077, '3120', '2018-01-16 14:20:00'),
	(2083, '3120', '2018-01-16 14:20:18'),
	(2088, '3121', '2018-01-16 14:20:25'),
	(2092, '3121', '2018-01-16 14:20:35'),
	(2099, '3121', '2018-01-16 14:20:52'),
	(2102, '3120', '2018-01-16 14:21:03'),
	(2107, '3121', '2018-01-16 14:21:15'),
	(2111, '3122', '2018-01-16 14:21:30'),
	(2113, '3120', '2018-01-16 14:21:34'),
	(2122, '3120', '2018-01-16 14:21:59'),
	(2130, '3121', '2018-01-16 14:22:28'),
	(2135, '3120', '2018-01-16 14:22:49'),
	(2146, '3120', '2018-01-16 14:23:28'),
	(2147, '3119', '2018-01-16 14:23:29'),
	(2149, '3119', '2018-01-16 14:23:36'),
	(2153, '3118', '2018-01-16 14:23:46'),
	(2160, '3120', '2018-01-16 14:24:07'),
	(2171, '3119', '2018-01-16 14:24:38'),
	(2173, '3119', '2018-01-16 14:24:41'),
	(2175, '3119', '2018-01-16 14:24:45'),
	(2184, '3119', '2018-01-16 14:25:06'),
	(2188, '3118', '2018-01-16 14:25:17'),
	(2196, '3119', '2018-01-16 14:25:37'),
	(2203, '3118', '2018-01-16 14:25:58'),
	(2206, '3118', '2018-01-16 14:26:03'),
	(2210, '3119', '2018-01-16 14:26:10'),
	(2211, '3118', '2018-01-16 14:26:16'),
	(2212, '3119', '2018-01-16 14:26:23'),
	(2215, '3118', '2018-01-16 14:26:33'),
	(2216, '3117', '2018-01-16 14:26:39'),
	(2218, '3118', '2018-01-16 14:26:48'),
	(2220, '3117', '2018-01-16 14:26:55'),
	(2222, '3116', '2018-01-16 14:27:03'),
	(2225, '3115', '2018-01-16 14:27:09'),
	(2229, '3117', '2018-01-16 14:27:20'),
	(2231, '3117', '2018-01-16 14:27:28'),
	(2235, '3116', '2018-01-16 14:27:37'),
	(2237, '3116', '2018-01-16 14:27:42'),
	(2239, '3116', '2018-01-16 14:27:49'),
	(2241, '3116', '2018-01-16 14:27:51'),
	(2242, '3116', '2018-01-16 14:27:56'),
	(2253, '3117', '2018-01-16 14:28:28'),
	(2255, '3119', '2018-01-16 14:28:33'),
	(2258, '3118', '2018-01-16 14:28:35'),
	(2260, '3118', '2018-01-16 14:28:43'),
	(2265, '3118', '2018-01-16 14:28:54'),
	(2272, '3117', '2018-01-16 14:29:17'),
	(2277, '3117', '2018-01-16 14:29:36'),
	(2279, '3116', '2018-01-16 14:29:43'),
	(2281, '3116', '2018-01-16 14:29:47'),
	(2285, '3116', '2018-01-16 14:29:58'),
	(2287, '3117', '2018-01-16 14:30:00'),
	(2293, '3116', '2018-01-16 14:30:15'),
	(2297, '3117', '2018-01-16 14:30:27'),
	(2310, '3116', '2018-01-16 14:30:57'),
	(2319, '3117', '2018-01-16 14:31:24'),
	(2328, '3117', '2018-01-16 14:31:47'),
	(2334, '3117', '2018-01-16 14:32:02'),
	(2339, '3117', '2018-01-16 14:32:18'),
	(2341, '3117', '2018-01-16 14:32:20'),
	(2343, '3117', '2018-01-16 14:32:27'),
	(2349, '3117', '2018-01-16 14:32:44'),
	(2356, '3117', '2018-01-16 14:33:08'),
	(2388, '3117', '2018-01-16 14:34:32'),
	(2389, '3117', '2018-01-16 14:34:39'),
	(2394, '3118', '2018-01-16 14:34:50'),
	(2400, '3118', '2018-01-16 14:35:08'),
	(2421, '3117', '2018-01-16 14:36:03'),
	(2428, '3118', '2018-01-16 14:36:14'),
	(2431, '3119', '2018-01-16 14:36:27'),
	(2436, '3118', '2018-01-16 14:36:41'),
	(2437, '3118', '2018-01-16 14:36:45'),
	(2441, '3118', '2018-01-16 14:36:57'),
	(2442, '3118', '2018-01-16 14:37:01'),
	(2445, '3118', '2018-01-16 14:37:08'),
	(2451, '3119', '2018-01-16 14:37:28'),
	(2479, '3119', '2018-01-16 14:38:41'),
	(2481, '3119', '2018-01-16 14:38:46'),
	(2483, '3119', '2018-01-16 14:38:53'),
	(2485, '3118', '2018-01-16 14:38:56'),
	(2486, '3118', '2018-01-16 14:39:01'),
	(2489, '3118', '2018-01-16 14:39:13'),
	(2491, '3118', '2018-01-16 14:39:15'),
	(2497, '3118', '2018-01-16 14:39:38'),
	(2504, '3118', '2018-01-16 14:39:56'),
	(2508, '3117', '2018-01-16 14:40:04'),
	(2511, '3118', '2018-01-16 14:40:14'),
	(2517, '3119', '2018-01-16 14:40:33'),
	(2521, '3117', '2018-01-16 14:40:40'),
	(2523, '3118', '2018-01-16 14:40:46'),
	(2528, '3119', '2018-01-16 14:41:02'),
	(2551, '3120', '2018-01-16 14:42:04'),
	(2561, '3120', '2018-01-16 14:42:24'),
	(2563, '3122', '2018-01-16 14:42:33'),
	(2564, '3121', '2018-01-16 14:42:36'),
	(2568, '3121', '2018-01-16 14:42:45'),
	(2569, '3121', '2018-01-16 14:42:51'),
	(2574, '3120', '2018-01-16 14:43:00'),
	(2582, '3120', '2018-01-16 14:43:25'),
	(2596, '3120', '2018-01-16 14:44:08'),
	(2606, '3120', '2018-01-16 14:44:40'),
	(2609, '3119', '2018-01-16 14:44:49'),
	(2617, '3118', '2018-01-16 14:45:11'),
	(2633, '3120', '2018-01-16 14:45:58'),
	(2634, '3120', '2018-01-16 14:46:00'),
	(2635, '3119', '2018-01-16 14:46:04'),
	(2640, '3120', '2018-01-16 14:46:22'),
	(2654, '3119', '2018-01-16 14:46:56'),
	(2673, '3120', '2018-01-16 14:47:53'),
	(2676, '3120', '2018-01-16 14:48:01'),
	(2683, '3120', '2018-01-16 14:48:22'),
	(2684, '3120', '2018-01-16 14:48:29'),
	(2686, '3120', '2018-01-16 14:48:34'),
	(2688, '3120', '2018-01-16 14:48:35'),
	(2690, '3120', '2018-01-16 14:48:41'),
	(2715, '3121', '2018-01-16 14:49:50'),
	(2717, '3121', '2018-01-16 14:49:58'),
	(2723, '3122', '2018-01-16 14:50:12'),
	(2724, '3120', '2018-01-16 14:50:17'),
	(2728, '3121', '2018-01-16 14:50:25'),
	(2731, '3121', '2018-01-16 14:50:35'),
	(2737, '3121', '2018-01-16 14:50:54'),
	(2741, '3121', '2018-01-16 14:51:08'),
	(2744, '3121', '2018-01-16 14:51:16'),
	(2746, '3121', '2018-01-16 14:51:23'),
	(2749, '3120', '2018-01-16 14:51:33'),
	(2750, '3120', '2018-01-16 14:51:39'),
	(2759, '3120', '2018-01-16 14:52:01'),
	(2763, '3120', '2018-01-16 14:52:11'),
	(2764, '3121', '2018-01-16 14:52:15'),
	(2771, '3121', '2018-01-16 14:52:37'),
	(2783, '3122', '2018-01-16 14:53:20'),
	(2786, '3121', '2018-01-16 14:53:33'),
	(2796, '3120', '2018-01-16 14:53:56'),
	(2799, '3121', '2018-01-16 14:54:08'),
	(2801, '3120', '2018-01-16 14:54:12'),
	(2809, '3121', '2018-01-16 14:54:31'),
	(2819, '3120', '2018-01-16 14:54:57'),
	(2825, '3120', '2018-01-16 14:55:10'),
	(2828, '3120', '2018-01-16 14:55:21'),
	(2832, '3121', '2018-01-16 14:55:31'),
	(2843, '3119', '2018-01-16 14:55:58'),
	(2844, '3120', '2018-01-16 14:56:02'),
	(2848, '3120', '2018-01-16 14:56:13'),
	(2852, '3119', '2018-01-16 14:56:19'),
	(2859, '3120', '2018-01-16 14:56:43'),
	(2861, '3118', '2018-01-16 14:56:44'),
	(2866, '3120', '2018-01-16 14:56:58'),
	(2874, '3119', '2018-01-16 14:57:24'),
	(2880, '3119', '2018-01-16 14:57:34'),
	(2889, '3119', '2018-01-16 14:57:58'),
	(2913, '3120', '2018-01-16 14:58:58'),
	(2937, '3119', '2018-01-16 14:59:58'),
	(2938, '3120', '2018-01-16 15:00:03'),
	(2940, '3119', '2018-01-16 15:00:05'),
	(2955, '3120', '2018-01-16 15:00:46'),
	(3005, '3119', '2018-01-16 15:02:58'),
	(3009, '3118', '2018-01-16 15:03:06'),
	(3023, '3117', '2018-01-16 15:03:44'),
	(3028, '3116', '2018-01-16 15:03:59'),
	(3032, '3117', '2018-01-16 15:04:07'),
	(3036, '3116', '2018-01-16 15:04:17'),
	(3038, '3117', '2018-01-16 15:04:21'),
	(3042, '3116', '2018-01-16 15:04:32'),
	(3043, '3117', '2018-01-16 15:04:38'),
	(3053, '3116', '2018-01-16 15:04:59'),
	(3057, '3115', '2018-01-16 15:05:10'),
	(3059, '3115', '2018-01-16 15:05:16'),
	(3068, '3117', '2018-01-16 15:05:44'),
	(3084, '3116', '2018-01-16 15:06:24'),
	(3100, '3116', '2018-01-16 15:07:00'),
	(3101, '3117', '2018-01-16 15:07:09'),
	(3106, '3117', '2018-01-16 15:07:21'),
	(3119, '3116', '2018-01-16 15:07:59'),
	(3126, '3115', '2018-01-16 15:08:19'),
	(3132, '3115', '2018-01-16 15:08:33'),
	(3134, '3115', '2018-01-16 15:08:39'),
	(3136, '3112', '2018-01-16 15:08:44'),
	(3138, '3112', '2018-01-16 15:08:46'),
	(3139, '3113', '2018-01-16 15:08:52'),
	(3141, '3112', '2018-01-16 15:08:59'),
	(3143, '3112', '2018-01-16 15:09:04'),
	(3146, '3112', '2018-01-16 15:09:10'),
	(3149, '3113', '2018-01-16 15:09:17'),
	(3151, '3113', '2018-01-16 15:09:21'),
	(3158, '3113', '2018-01-16 15:09:41'),
	(3160, '3113', '2018-01-16 15:09:49'),
	(3163, '3112', '2018-01-16 15:09:59'),
	(3165, '3112', '2018-01-16 15:10:04'),
	(3166, '3111', '2018-01-16 15:10:09'),
	(3170, '3109', '2018-01-16 15:10:17'),
	(3171, '3108', '2018-01-16 15:10:22'),
	(3174, '3108', '2018-01-16 15:10:29'),
	(3175, '3109', '2018-01-16 15:10:33'),
	(3176, '3110', '2018-01-16 15:10:37'),
	(3177, '3110', '2018-01-16 15:10:43'),
	(3178, '3110', '2018-01-16 15:10:47'),
	(3182, '3110', '2018-01-16 15:10:57'),
	(3183, '3112', '2018-01-16 15:11:02'),
	(3185, '3112', '2018-01-16 15:11:08'),
	(3187, '3112', '2018-01-16 15:11:14'),
	(3188, '3111', '2018-01-16 15:11:18'),
	(3192, '3111', '2018-01-16 15:11:29'),
	(3194, '3110', '2018-01-16 15:11:30'),
	(3195, '3110', '2018-01-16 15:11:37'),
	(3196, '3110', '2018-01-16 15:11:42'),
	(3201, '3111', '2018-01-16 15:11:57'),
	(3206, '3111', '2018-01-16 15:12:12'),
	(3210, '3111', '2018-01-16 15:12:21'),
	(3214, '3111', '2018-01-16 15:12:33'),
	(3216, '3110', '2018-01-16 15:12:43'),
	(3220, '3111', '2018-01-16 15:12:50'),
	(3221, '3111', '2018-01-16 15:12:57'),
	(3226, '3112', '2018-01-16 15:13:13'),
	(3233, '3111', '2018-01-16 15:13:33'),
	(3237, '3112', '2018-01-16 15:13:44'),
	(3241, '3112', '2018-01-16 15:13:54'),
	(3244, '3111', '2018-01-16 15:14:02'),
	(3248, '3112', '2018-01-16 15:14:12'),
	(3255, '3114', '2018-01-16 15:14:32'),
	(3259, '3113', '2018-01-16 15:14:44'),
	(3261, '3113', '2018-01-16 15:14:48'),
	(3271, '3114', '2018-01-16 15:15:19'),
	(3279, '3113', '2018-01-16 15:15:56'),
	(3289, '3114', '2018-01-16 15:16:30'),
	(3295, '3113', '2018-01-16 15:16:52'),
	(3300, '3114', '2018-01-16 15:17:03'),
	(3302, '3114', '2018-01-16 15:17:08'),
	(3309, '3114', '2018-01-16 15:17:24'),
	(3312, '3115', '2018-01-16 15:17:34'),
	(3322, '3114', '2018-01-16 15:17:59'),
	(3325, '3113', '2018-01-16 15:18:03'),
	(3327, '3113', '2018-01-16 15:18:07'),
	(3329, '3114', '2018-01-16 15:18:14'),
	(3348, '3115', '2018-01-16 15:18:59'),
	(3350, '3117', '2018-01-16 15:19:04'),
	(3353, '3117', '2018-01-16 15:19:06'),
	(3355, '3118', '2018-01-16 15:19:13'),
	(3357, '3117', '2018-01-16 15:19:19'),
	(3359, '3117', '2018-01-16 15:19:21'),
	(3368, '3116', '2018-01-16 15:19:48'),
	(3370, '3115', '2018-01-16 15:19:54'),
	(3372, '3116', '2018-01-16 15:20:03'),
	(3374, '3117', '2018-01-16 15:20:05'),
	(3376, '3118', '2018-01-16 15:20:10'),
	(3382, '3117', '2018-01-16 15:20:29'),
	(3387, '3119', '2018-01-16 15:20:43'),
	(3389, '3118', '2018-01-16 15:20:49'),
	(3391, '3117', '2018-01-16 15:20:54'),
	(3393, '3118', '2018-01-16 15:20:59'),
	(3394, '3118', '2018-01-16 15:21:01'),
	(3396, '3118', '2018-01-16 15:21:09'),
	(3399, '3119', '2018-01-16 15:21:19'),
	(3401, '3119', '2018-01-16 15:21:23'),
	(3405, '3118', '2018-01-16 15:21:34'),
	(3412, '3117', '2018-01-16 15:21:53');
/*!40000 ALTER TABLE `data_ng` ENABLE KEYS */;

-- 导出  表 ylife.data_usd 结构
DROP TABLE IF EXISTS `data_usd`;
CREATE TABLE IF NOT EXISTS `data_usd` (
  `id` int(11) NOT NULL AUTO_INCREMENT,
  `price` varchar(30) DEFAULT NULL,
  `time` datetime DEFAULT NULL,
  PRIMARY KEY (`id`),
  UNIQUE KEY `time` (`time`)
) ENGINE=InnoDB AUTO_INCREMENT=3366 DEFAULT CHARSET=utf8;

-- 正在导出表  ylife.data_usd 的数据：~2,356 rows (大约)
/*!40000 ALTER TABLE `data_usd` DISABLE KEYS */;
INSERT INTO `data_usd` (`id`, `price`, `time`) VALUES
	(1, '90447', '2018-01-16 10:33:31'),
	(2, '90447', '2018-01-16 10:33:32'),
	(3, '90442', '2018-01-16 10:33:36'),
	(4, '90441', '2018-01-16 10:33:40'),
	(5, '90440', '2018-01-16 10:33:42'),
	(6, '90434', '2018-01-16 10:33:45'),
	(7, '90436', '2018-01-16 10:33:47'),
	(8, '90435', '2018-01-16 10:33:50'),
	(9, '90435', '2018-01-16 10:33:52'),
	(10, '90468', '2018-01-16 12:42:31'),
	(12, '90468', '2018-01-16 12:42:37'),
	(13, '90468', '2018-01-16 12:42:41'),
	(14, '90468', '2018-01-16 12:42:45'),
	(15, '90468', '2018-01-16 12:42:47'),
	(16, '90468', '2018-01-16 12:42:49'),
	(17, '90468', '2018-01-16 12:42:51'),
	(18, '90468', '2018-01-16 12:42:55'),
	(19, '90463', '2018-01-16 12:42:57'),
	(20, '90463', '2018-01-16 12:42:59'),
	(21, '90462', '2018-01-16 12:43:01'),
	(22, '90462', '2018-01-16 12:43:04'),
	(23, '90462', '2018-01-16 12:43:09'),
	(24, '90462', '2018-01-16 12:43:12'),
	(25, '90462', '2018-01-16 12:43:14'),
	(26, '90463', '2018-01-16 12:43:17'),
	(28, '90463', '2018-01-16 12:43:23'),
	(29, '90464', '2018-01-16 12:43:26'),
	(30, '90463', '2018-01-16 12:43:27'),
	(31, '90464', '2018-01-16 12:43:30'),
	(32, '90463', '2018-01-16 12:43:32'),
	(33, '90462', '2018-01-16 12:43:36'),
	(34, '90464', '2018-01-16 12:43:39'),
	(35, '90464', '2018-01-16 12:43:41'),
	(36, '90465', '2018-01-16 12:43:45'),
	(37, '90465', '2018-01-16 12:43:46'),
	(38, '90470', '2018-01-16 12:43:49'),
	(39, '90465', '2018-01-16 12:43:52'),
	(41, '90464', '2018-01-16 12:43:57'),
	(42, '90464', '2018-01-16 12:43:59'),
	(43, '90464', '2018-01-16 12:44:01'),
	(44, '90464', '2018-01-16 12:44:03'),
	(45, '90470', '2018-01-16 12:44:07'),
	(46, '90470', '2018-01-16 12:44:10'),
	(49, '90470', '2018-01-16 12:44:17'),
	(50, '90470', '2018-01-16 12:44:20'),
	(51, '90470', '2018-01-16 12:44:24'),
	(52, '90470', '2018-01-16 12:44:26'),
	(54, '90471', '2018-01-16 12:44:31'),
	(55, '90471', '2018-01-16 12:44:34'),
	(56, '90470', '2018-01-16 12:44:37'),
	(57, '90470', '2018-01-16 12:44:39'),
	(58, '90471', '2018-01-16 12:44:41'),
	(59, '90471', '2018-01-16 12:44:45'),
	(60, '90471', '2018-01-16 12:44:47'),
	(61, '90475', '2018-01-16 12:44:49'),
	(62, '90471', '2018-01-16 12:44:52'),
	(64, '90476', '2018-01-16 12:44:57'),
	(65, '90480', '2018-01-16 12:45:00'),
	(66, '90486', '2018-01-16 12:45:02'),
	(67, '90481', '2018-01-16 12:45:04'),
	(68, '90481', '2018-01-16 12:45:07'),
	(69, '90480', '2018-01-16 12:45:09'),
	(71, '90475', '2018-01-16 12:45:14'),
	(72, '90475', '2018-01-16 12:45:16'),
	(73, '90470', '2018-01-16 12:45:19'),
	(74, '90468', '2018-01-16 12:45:21'),
	(75, '90475', '2018-01-16 12:45:23'),
	(77, '90474', '2018-01-16 12:45:28'),
	(78, '90474', '2018-01-16 12:45:30'),
	(80, '90475', '2018-01-16 12:45:35'),
	(81, '90475', '2018-01-16 12:45:36'),
	(82, '90475', '2018-01-16 12:45:38'),
	(83, '90474', '2018-01-16 12:45:41'),
	(84, '90474', '2018-01-16 12:45:43'),
	(85, '90474', '2018-01-16 12:45:46'),
	(86, '90474', '2018-01-16 12:45:48'),
	(88, '90474', '2018-01-16 12:45:53'),
	(89, '90470', '2018-01-16 12:45:55'),
	(90, '90470', '2018-01-16 12:45:59'),
	(91, '90471', '2018-01-16 12:46:01'),
	(92, '90476', '2018-01-16 12:46:03'),
	(93, '90476', '2018-01-16 12:46:05'),
	(94, '90471', '2018-01-16 12:46:07'),
	(95, '90476', '2018-01-16 12:46:11'),
	(96, '90476', '2018-01-16 12:46:13'),
	(97, '90476', '2018-01-16 12:46:16'),
	(98, '90476', '2018-01-16 12:46:17'),
	(99, '90476', '2018-01-16 12:46:21'),
	(108, '90475', '2018-01-16 12:46:45'),
	(109, '90475', '2018-01-16 12:46:48'),
	(110, '90475', '2018-01-16 12:46:50'),
	(111, '90475', '2018-01-16 12:46:54'),
	(112, '90474', '2018-01-16 12:46:56'),
	(113, '90475', '2018-01-16 12:46:59'),
	(114, '90475', '2018-01-16 12:47:01'),
	(115, '90475', '2018-01-16 12:47:03'),
	(116, '90475', '2018-01-16 12:47:06'),
	(117, '90475', '2018-01-16 12:47:10'),
	(118, '90475', '2018-01-16 12:47:12'),
	(119, '90475', '2018-01-16 12:47:14'),
	(121, '90475', '2018-01-16 12:47:20'),
	(122, '90475', '2018-01-16 12:47:23'),
	(125, '90475', '2018-01-16 12:47:28'),
	(126, '90476', '2018-01-16 12:47:30'),
	(127, '90476', '2018-01-16 12:47:35'),
	(128, '90476', '2018-01-16 12:47:36'),
	(129, '90477', '2018-01-16 12:47:40'),
	(131, '90477', '2018-01-16 12:47:46'),
	(132, '90476', '2018-01-16 12:47:49'),
	(133, '90476', '2018-01-16 12:47:52'),
	(135, '90476', '2018-01-16 12:47:57'),
	(136, '90476', '2018-01-16 12:47:59'),
	(137, '90476', '2018-01-16 12:48:01'),
	(138, '90476', '2018-01-16 12:48:04'),
	(139, '90476', '2018-01-16 12:48:07'),
	(140, '90476', '2018-01-16 12:48:09'),
	(141, '90477', '2018-01-16 12:48:11'),
	(146, '90477', '2018-01-16 12:48:23'),
	(149, '90477', '2018-01-16 12:48:30'),
	(150, '90477', '2018-01-16 12:48:33'),
	(151, '90477', '2018-01-16 12:48:35'),
	(153, '90477', '2018-01-16 12:48:42'),
	(158, '90477', '2018-01-16 12:48:55'),
	(159, '90477', '2018-01-16 12:48:57'),
	(160, '90477', '2018-01-16 12:49:01'),
	(161, '90477', '2018-01-16 12:49:03'),
	(162, '90477', '2018-01-16 12:49:05'),
	(163, '90477', '2018-01-16 12:49:08'),
	(165, '90477', '2018-01-16 12:49:13'),
	(166, '90477', '2018-01-16 12:49:15'),
	(167, '90477', '2018-01-16 12:49:18'),
	(168, '90477', '2018-01-16 12:49:19'),
	(176, '90477', '2018-01-16 12:49:43'),
	(179, '90482', '2018-01-16 12:49:50'),
	(180, '90482', '2018-01-16 12:49:54'),
	(181, '90482', '2018-01-16 12:49:56'),
	(182, '90482', '2018-01-16 12:49:57'),
	(186, '90483', '2018-01-16 12:50:08'),
	(188, '90483', '2018-01-16 12:50:13'),
	(189, '90483', '2018-01-16 12:50:18'),
	(190, '90483', '2018-01-16 12:50:21'),
	(191, '90483', '2018-01-16 12:50:22'),
	(192, '90483', '2018-01-16 12:50:25'),
	(194, '90483', '2018-01-16 12:50:31'),
	(195, '90483', '2018-01-16 12:50:34'),
	(196, '90483', '2018-01-16 12:50:35'),
	(198, '90483', '2018-01-16 12:50:41'),
	(200, '90483', '2018-01-16 12:50:47'),
	(201, '90483', '2018-01-16 12:50:49'),
	(202, '90482', '2018-01-16 12:50:51'),
	(203, '90482', '2018-01-16 12:50:59'),
	(204, '90482', '2018-01-16 12:51:02'),
	(205, '90482', '2018-01-16 12:51:06'),
	(206, '90481', '2018-01-16 12:51:09'),
	(210, '90481', '2018-01-16 12:51:18'),
	(211, '90481', '2018-01-16 12:51:22'),
	(212, '90481', '2018-01-16 12:51:24'),
	(213, '90481', '2018-01-16 12:51:27'),
	(214, '90481', '2018-01-16 12:51:30'),
	(215, '90481', '2018-01-16 12:51:31'),
	(216, '90481', '2018-01-16 12:51:35'),
	(219, '90482', '2018-01-16 12:51:41'),
	(221, '90483', '2018-01-16 12:51:46'),
	(222, '90483', '2018-01-16 12:51:49'),
	(223, '90482', '2018-01-16 12:51:51'),
	(224, '90489', '2018-01-16 12:51:53'),
	(225, '90483', '2018-01-16 12:51:57'),
	(226, '90485', '2018-01-16 12:52:01'),
	(228, '90484', '2018-01-16 12:52:04'),
	(229, '90483', '2018-01-16 12:52:10'),
	(230, '90484', '2018-01-16 12:52:14'),
	(231, '90483', '2018-01-16 12:52:16'),
	(232, '90484', '2018-01-16 12:52:18'),
	(233, '90483', '2018-01-16 12:52:26'),
	(234, '90483', '2018-01-16 12:52:29'),
	(235, '90483', '2018-01-16 12:52:32'),
	(236, '90482', '2018-01-16 12:52:35'),
	(237, '90481', '2018-01-16 12:52:38'),
	(238, '90481', '2018-01-16 12:52:40'),
	(239, '90484', '2018-01-16 12:52:42'),
	(240, '90484', '2018-01-16 12:52:44'),
	(241, '90483', '2018-01-16 12:52:46'),
	(242, '90484', '2018-01-16 12:52:49'),
	(243, '90484', '2018-01-16 12:52:51'),
	(244, '90483', '2018-01-16 12:52:53'),
	(245, '90483', '2018-01-16 12:52:56'),
	(246, '90484', '2018-01-16 12:52:57'),
	(248, '90484', '2018-01-16 12:53:03'),
	(249, '90483', '2018-01-16 12:53:05'),
	(250, '90483', '2018-01-16 12:53:09'),
	(251, '90483', '2018-01-16 12:53:10'),
	(252, '90483', '2018-01-16 12:53:12'),
	(253, '90488', '2018-01-16 12:53:15'),
	(254, '90488', '2018-01-16 12:53:18'),
	(255, '90483', '2018-01-16 12:53:20'),
	(256, '90482', '2018-01-16 12:53:22'),
	(257, '90478', '2018-01-16 12:53:26'),
	(258, '90478', '2018-01-16 12:53:28'),
	(259, '90473', '2018-01-16 12:53:30'),
	(260, '90468', '2018-01-16 12:53:32'),
	(262, '90462', '2018-01-16 12:53:37'),
	(263, '90467', '2018-01-16 12:53:38'),
	(264, '90466', '2018-01-16 12:53:40'),
	(266, '90467', '2018-01-16 12:53:47'),
	(267, '90467', '2018-01-16 12:53:49'),
	(268, '90468', '2018-01-16 12:53:51'),
	(269, '90466', '2018-01-16 12:53:54'),
	(271, '90466', '2018-01-16 12:53:57'),
	(272, '90467', '2018-01-16 12:54:00'),
	(273, '90466', '2018-01-16 12:54:03'),
	(274, '90467', '2018-01-16 12:54:05'),
	(275, '90471', '2018-01-16 12:54:08'),
	(276, '90467', '2018-01-16 12:54:10'),
	(277, '90467', '2018-01-16 12:54:13'),
	(278, '90467', '2018-01-16 12:54:15'),
	(279, '90467', '2018-01-16 12:54:17'),
	(280, '90467', '2018-01-16 12:54:19'),
	(283, '90466', '2018-01-16 12:54:26'),
	(284, '90467', '2018-01-16 12:54:34'),
	(285, '90467', '2018-01-16 12:54:41'),
	(286, '90467', '2018-01-16 12:54:42'),
	(287, '90467', '2018-01-16 12:54:45'),
	(289, '90467', '2018-01-16 12:54:50'),
	(291, '90466', '2018-01-16 12:54:55'),
	(292, '90461', '2018-01-16 12:54:57'),
	(293, '90461', '2018-01-16 12:55:00'),
	(294, '90466', '2018-01-16 12:55:03'),
	(297, '90462', '2018-01-16 12:55:09'),
	(298, '90461', '2018-01-16 12:55:12'),
	(299, '90461', '2018-01-16 12:55:16'),
	(300, '90462', '2018-01-16 12:55:19'),
	(301, '90461', '2018-01-16 12:55:21'),
	(302, '90461', '2018-01-16 12:55:23'),
	(303, '90461', '2018-01-16 12:55:26'),
	(304, '90461', '2018-01-16 12:55:31'),
	(305, '90461', '2018-01-16 12:55:33'),
	(306, '90460', '2018-01-16 12:55:35'),
	(308, '90465', '2018-01-16 12:55:39'),
	(309, '90466', '2018-01-16 12:55:46'),
	(311, '90467', '2018-01-16 12:55:50'),
	(312, '90467', '2018-01-16 12:55:52'),
	(313, '90467', '2018-01-16 12:55:54'),
	(314, '90473', '2018-01-16 12:55:58'),
	(315, '90472', '2018-01-16 12:56:00'),
	(316, '90471', '2018-01-16 12:56:03'),
	(317, '90471', '2018-01-16 12:56:06'),
	(318, '90470', '2018-01-16 12:56:07'),
	(319, '90466', '2018-01-16 12:56:11'),
	(320, '90466', '2018-01-16 12:56:13'),
	(321, '90466', '2018-01-16 12:56:15'),
	(322, '90466', '2018-01-16 12:56:16'),
	(323, '90466', '2018-01-16 12:56:19'),
	(324, '90466', '2018-01-16 12:56:23'),
	(326, '90467', '2018-01-16 12:56:27'),
	(327, '90466', '2018-01-16 12:56:30'),
	(328, '90467', '2018-01-16 12:56:32'),
	(329, '90466', '2018-01-16 12:56:33'),
	(330, '90467', '2018-01-16 12:56:37'),
	(331, '90466', '2018-01-16 12:56:40'),
	(332, '90467', '2018-01-16 12:56:42'),
	(333, '90467', '2018-01-16 12:56:44'),
	(334, '90472', '2018-01-16 12:56:47'),
	(335, '90467', '2018-01-16 12:56:49'),
	(336, '90471', '2018-01-16 12:56:50'),
	(338, '90471', '2018-01-16 12:56:55'),
	(339, '90471', '2018-01-16 12:56:59'),
	(341, '90471', '2018-01-16 12:57:03'),
	(342, '90470', '2018-01-16 12:57:05'),
	(343, '90471', '2018-01-16 12:57:08'),
	(344, '90471', '2018-01-16 12:57:12'),
	(345, '90471', '2018-01-16 12:57:13'),
	(346, '90471', '2018-01-16 12:57:18'),
	(347, '90471', '2018-01-16 12:57:19'),
	(348, '90471', '2018-01-16 12:57:24'),
	(349, '90470', '2018-01-16 12:57:27'),
	(350, '90470', '2018-01-16 12:57:28'),
	(352, '90463', '2018-01-16 12:57:35'),
	(353, '90462', '2018-01-16 12:57:38'),
	(354, '90462', '2018-01-16 12:57:39'),
	(355, '90462', '2018-01-16 12:57:41'),
	(356, '90463', '2018-01-16 12:57:44'),
	(357, '90463', '2018-01-16 12:57:46'),
	(358, '90463', '2018-01-16 12:57:50'),
	(359, '90463', '2018-01-16 12:57:53'),
	(360, '90463', '2018-01-16 12:57:54'),
	(361, '90463', '2018-01-16 12:57:58'),
	(362, '90463', '2018-01-16 12:58:00'),
	(363, '90462', '2018-01-16 12:58:03'),
	(364, '90462', '2018-01-16 12:58:04'),
	(365, '90462', '2018-01-16 12:58:07'),
	(366, '90463', '2018-01-16 12:58:11'),
	(368, '90462', '2018-01-16 12:58:15'),
	(369, '90462', '2018-01-16 12:58:18'),
	(370, '90462', '2018-01-16 12:58:21'),
	(371, '90458', '2018-01-16 12:58:24'),
	(372, '90458', '2018-01-16 12:58:27'),
	(373, '90458', '2018-01-16 12:58:29'),
	(374, '90458', '2018-01-16 12:58:31'),
	(375, '90458', '2018-01-16 12:58:32'),
	(377, '90462', '2018-01-16 12:58:41'),
	(378, '90470', '2018-01-16 12:58:43'),
	(379, '90470', '2018-01-16 12:58:45'),
	(380, '90470', '2018-01-16 12:58:47'),
	(381, '90470', '2018-01-16 12:58:50'),
	(382, '90471', '2018-01-16 12:58:53'),
	(383, '90471', '2018-01-16 12:58:56'),
	(384, '90471', '2018-01-16 12:58:57'),
	(386, '90471', '2018-01-16 12:59:04'),
	(387, '90471', '2018-01-16 12:59:07'),
	(390, '90471', '2018-01-16 12:59:13'),
	(391, '90470', '2018-01-16 12:59:15'),
	(392, '90465', '2018-01-16 12:59:19'),
	(393, '90464', '2018-01-16 12:59:21'),
	(394, '90463', '2018-01-16 12:59:23'),
	(395, '90469', '2018-01-16 12:59:26'),
	(397, '90469', '2018-01-16 12:59:30'),
	(398, '90469', '2018-01-16 12:59:32'),
	(400, '90469', '2018-01-16 12:59:38'),
	(401, '90475', '2018-01-16 12:59:41'),
	(402, '90481', '2018-01-16 12:59:44'),
	(403, '90485', '2018-01-16 12:59:46'),
	(404, '90481', '2018-01-16 12:59:49'),
	(407, '90476', '2018-01-16 12:59:55'),
	(408, '90474', '2018-01-16 12:59:58'),
	(409, '90476', '2018-01-16 13:00:01'),
	(410, '90476', '2018-01-16 13:00:04'),
	(411, '90476', '2018-01-16 13:00:07'),
	(412, '90471', '2018-01-16 13:00:09'),
	(413, '90465', '2018-01-16 13:00:12'),
	(414, '90461', '2018-01-16 13:00:14'),
	(415, '90464', '2018-01-16 13:00:18'),
	(417, '90459', '2018-01-16 13:00:23'),
	(418, '90463', '2018-01-16 13:00:25'),
	(419, '90463', '2018-01-16 13:00:27'),
	(420, '90463', '2018-01-16 13:00:31'),
	(422, '90463', '2018-01-16 13:00:36'),
	(423, '90463', '2018-01-16 13:00:39'),
	(425, '90463', '2018-01-16 13:00:47'),
	(426, '90463', '2018-01-16 13:00:51'),
	(427, '90462', '2018-01-16 13:00:52'),
	(431, '90462', '2018-01-16 13:01:01'),
	(437, '90462', '2018-01-16 13:01:17'),
	(438, '90469', '2018-01-16 13:01:21'),
	(439, '90469', '2018-01-16 13:01:23'),
	(440, '90470', '2018-01-16 13:01:26'),
	(442, '90463', '2018-01-16 13:01:31'),
	(443, '90463', '2018-01-16 13:01:32'),
	(444, '90464', '2018-01-16 13:01:35'),
	(445, '90464', '2018-01-16 13:01:37'),
	(446, '90464', '2018-01-16 13:01:40'),
	(447, '90464', '2018-01-16 13:01:42'),
	(448, '90464', '2018-01-16 13:01:46'),
	(449, '90464', '2018-01-16 13:01:48'),
	(450, '90464', '2018-01-16 13:01:51'),
	(451, '90464', '2018-01-16 13:01:54'),
	(452, '90464', '2018-01-16 13:01:56'),
	(453, '90464', '2018-01-16 13:01:59'),
	(454, '90464', '2018-01-16 13:02:02'),
	(455, '90464', '2018-01-16 13:02:03'),
	(457, '90463', '2018-01-16 13:02:09'),
	(459, '90463', '2018-01-16 13:02:15'),
	(460, '90463', '2018-01-16 13:02:16'),
	(463, '90463', '2018-01-16 13:02:23'),
	(464, '90463', '2018-01-16 13:02:26'),
	(465, '90463', '2018-01-16 13:02:29'),
	(466, '90463', '2018-01-16 13:02:32'),
	(467, '90463', '2018-01-16 13:02:35'),
	(468, '90463', '2018-01-16 13:02:38'),
	(469, '90463', '2018-01-16 13:02:40'),
	(471, '90463', '2018-01-16 13:02:44'),
	(476, '90463', '2018-01-16 13:03:00'),
	(477, '90463', '2018-01-16 13:03:02'),
	(478, '90468', '2018-01-16 13:03:07'),
	(479, '90468', '2018-01-16 13:03:08'),
	(481, '90468', '2018-01-16 13:03:15'),
	(482, '90468', '2018-01-16 13:03:17'),
	(484, '90468', '2018-01-16 13:03:22'),
	(490, '90468', '2018-01-16 13:03:36'),
	(491, '90468', '2018-01-16 13:03:38'),
	(492, '90468', '2018-01-16 13:03:40'),
	(493, '90468', '2018-01-16 13:03:44'),
	(494, '90468', '2018-01-16 13:03:47'),
	(495, '90468', '2018-01-16 13:03:49'),
	(496, '90468', '2018-01-16 13:03:52'),
	(497, '90473', '2018-01-16 13:03:56'),
	(500, '90463', '2018-01-16 13:04:02'),
	(501, '90463', '2018-01-16 13:04:05'),
	(502, '90463', '2018-01-16 13:04:06'),
	(503, '90463', '2018-01-16 13:04:08'),
	(504, '90463', '2018-01-16 13:04:11'),
	(506, '90463', '2018-01-16 13:04:18'),
	(507, '90463', '2018-01-16 13:04:20'),
	(508, '90463', '2018-01-16 13:04:23'),
	(509, '90463', '2018-01-16 13:04:26'),
	(510, '90463', '2018-01-16 13:04:28'),
	(511, '90463', '2018-01-16 13:04:31'),
	(512, '90463', '2018-01-16 13:04:34'),
	(513, '90463', '2018-01-16 13:04:36'),
	(514, '90463', '2018-01-16 13:04:40'),
	(515, '90463', '2018-01-16 13:04:42'),
	(516, '90463', '2018-01-16 13:04:43'),
	(517, '90463', '2018-01-16 13:04:47'),
	(518, '90462', '2018-01-16 13:04:49'),
	(519, '90462', '2018-01-16 13:04:52'),
	(520, '90463', '2018-01-16 13:04:55'),
	(522, '90459', '2018-01-16 13:04:59'),
	(523, '90458', '2018-01-16 13:05:01'),
	(524, '90458', '2018-01-16 13:05:03'),
	(525, '90458', '2018-01-16 13:05:06'),
	(526, '90466', '2018-01-16 13:05:10'),
	(528, '90463', '2018-01-16 13:05:14'),
	(529, '90462', '2018-01-16 13:05:16'),
	(530, '90462', '2018-01-16 13:05:19'),
	(531, '90462', '2018-01-16 13:05:21'),
	(532, '90462', '2018-01-16 13:05:23'),
	(533, '90466', '2018-01-16 13:05:28'),
	(534, '90466', '2018-01-16 13:05:29'),
	(535, '90467', '2018-01-16 13:05:32'),
	(537, '90466', '2018-01-16 13:05:36'),
	(538, '90467', '2018-01-16 13:05:39'),
	(539, '90467', '2018-01-16 13:05:41'),
	(540, '90468', '2018-01-16 13:05:43'),
	(541, '90468', '2018-01-16 13:05:47'),
	(542, '90468', '2018-01-16 13:05:50'),
	(543, '90472', '2018-01-16 13:05:52'),
	(544, '90468', '2018-01-16 13:05:55'),
	(545, '90474', '2018-01-16 13:05:58'),
	(547, '90473', '2018-01-16 13:06:01'),
	(549, '90473', '2018-01-16 13:06:08'),
	(551, '90468', '2018-01-16 13:06:15'),
	(552, '90473', '2018-01-16 13:06:18'),
	(553, '90473', '2018-01-16 13:06:21'),
	(554, '90473', '2018-01-16 13:06:23'),
	(555, '90473', '2018-01-16 13:06:25'),
	(556, '90472', '2018-01-16 13:06:28'),
	(557, '90473', '2018-01-16 13:06:32'),
	(559, '90468', '2018-01-16 13:06:37'),
	(560, '90467', '2018-01-16 13:06:38'),
	(561, '90468', '2018-01-16 13:06:42'),
	(563, '90473', '2018-01-16 13:06:48'),
	(564, '90473', '2018-01-16 13:06:51'),
	(565, '90468', '2018-01-16 13:06:53'),
	(567, '90469', '2018-01-16 13:06:59'),
	(568, '90468', '2018-01-16 13:07:01'),
	(569, '90468', '2018-01-16 13:07:06'),
	(570, '90468', '2018-01-16 13:07:09'),
	(571, '90469', '2018-01-16 13:07:12'),
	(572, '90471', '2018-01-16 13:07:14'),
	(573, '90471', '2018-01-16 13:07:17'),
	(575, '90469', '2018-01-16 13:07:22'),
	(576, '90469', '2018-01-16 13:07:25'),
	(577, '90469', '2018-01-16 13:07:27'),
	(578, '90469', '2018-01-16 13:07:30'),
	(579, '90470', '2018-01-16 13:07:31'),
	(584, '90471', '2018-01-16 13:07:43'),
	(585, '90470', '2018-01-16 13:07:47'),
	(586, '90465', '2018-01-16 13:07:49'),
	(587, '90465', '2018-01-16 13:07:51'),
	(588, '90469', '2018-01-16 13:07:54'),
	(590, '90469', '2018-01-16 13:07:58'),
	(592, '90470', '2018-01-16 13:08:08'),
	(593, '90470', '2018-01-16 13:08:11'),
	(594, '90470', '2018-01-16 13:08:18'),
	(595, '90470', '2018-01-16 13:08:20'),
	(596, '90470', '2018-01-16 13:08:25'),
	(598, '90470', '2018-01-16 13:08:30'),
	(599, '90469', '2018-01-16 13:08:33'),
	(600, '90470', '2018-01-16 13:08:34'),
	(601, '90470', '2018-01-16 13:08:40'),
	(602, '90470', '2018-01-16 13:08:43'),
	(604, '90470', '2018-01-16 13:08:48'),
	(605, '90470', '2018-01-16 13:08:50'),
	(606, '90470', '2018-01-16 13:08:53'),
	(607, '90470', '2018-01-16 13:08:57'),
	(608, '90470', '2018-01-16 13:09:02'),
	(609, '90470', '2018-01-16 13:09:03'),
	(610, '90470', '2018-01-16 13:09:07'),
	(611, '90470', '2018-01-16 13:09:11'),
	(612, '90470', '2018-01-16 13:09:15'),
	(614, '90470', '2018-01-16 13:09:20'),
	(615, '90470', '2018-01-16 13:09:21'),
	(617, '90470', '2018-01-16 13:09:27'),
	(618, '90470', '2018-01-16 13:09:34'),
	(619, '90469', '2018-01-16 13:09:36'),
	(621, '90469', '2018-01-16 13:09:41'),
	(622, '90465', '2018-01-16 13:09:46'),
	(623, '90465', '2018-01-16 13:09:48'),
	(624, '90470', '2018-01-16 13:09:51'),
	(628, '90470', '2018-01-16 13:10:02'),
	(629, '90470', '2018-01-16 13:10:05'),
	(630, '90470', '2018-01-16 13:10:07'),
	(631, '90470', '2018-01-16 13:10:08'),
	(637, '90470', '2018-01-16 13:10:29'),
	(638, '90470', '2018-01-16 13:10:31'),
	(639, '90470', '2018-01-16 13:10:33'),
	(641, '90470', '2018-01-16 13:10:37'),
	(642, '90470', '2018-01-16 13:10:39'),
	(644, '90470', '2018-01-16 13:10:50'),
	(645, '90470', '2018-01-16 13:10:52'),
	(646, '90465', '2018-01-16 13:10:58'),
	(647, '90459', '2018-01-16 13:11:03'),
	(648, '90458', '2018-01-16 13:11:11'),
	(649, '90459', '2018-01-16 13:11:13'),
	(650, '90464', '2018-01-16 13:11:21'),
	(651, '90464', '2018-01-16 13:11:23'),
	(652, '90465', '2018-01-16 13:11:36'),
	(653, '90465', '2018-01-16 13:11:42'),
	(656, '90465', '2018-01-16 13:11:53'),
	(663, '90464', '2018-01-16 13:12:10'),
	(664, '90463', '2018-01-16 13:12:12'),
	(665, '90463', '2018-01-16 13:12:16'),
	(666, '90465', '2018-01-16 13:12:21'),
	(668, '90465', '2018-01-16 13:12:25'),
	(669, '90465', '2018-01-16 13:12:27'),
	(672, '90465', '2018-01-16 13:12:50'),
	(674, '90465', '2018-01-16 13:12:57'),
	(675, '90465', '2018-01-16 13:12:58'),
	(676, '90466', '2018-01-16 13:13:01'),
	(677, '90465', '2018-01-16 13:13:03'),
	(678, '90465', '2018-01-16 13:13:07'),
	(679, '90465', '2018-01-16 13:13:20'),
	(680, '90465', '2018-01-16 13:13:22'),
	(681, '90466', '2018-01-16 13:13:32'),
	(682, '90466', '2018-01-16 13:13:35'),
	(691, '90466', '2018-01-16 13:14:09'),
	(692, '90466', '2018-01-16 13:14:13'),
	(695, '90472', '2018-01-16 13:14:23'),
	(696, '90466', '2018-01-16 13:14:28'),
	(698, '90466', '2018-01-16 13:14:36'),
	(699, '90472', '2018-01-16 13:14:38'),
	(701, '90472', '2018-01-16 13:14:44'),
	(702, '90472', '2018-01-16 13:14:45'),
	(703, '90467', '2018-01-16 13:14:48'),
	(704, '90467', '2018-01-16 13:14:49'),
	(705, '90472', '2018-01-16 13:14:53'),
	(706, '90472', '2018-01-16 13:14:58'),
	(707, '90472', '2018-01-16 13:14:59'),
	(708, '90472', '2018-01-16 13:15:04'),
	(709, '90473', '2018-01-16 13:15:12'),
	(710, '90467', '2018-01-16 13:15:17'),
	(711, '90472', '2018-01-16 13:15:22'),
	(712, '90472', '2018-01-16 13:15:25'),
	(713, '90473', '2018-01-16 13:15:28'),
	(714, '90473', '2018-01-16 13:15:32'),
	(715, '90474', '2018-01-16 13:15:35'),
	(716, '90474', '2018-01-16 13:15:37'),
	(717, '90474', '2018-01-16 13:15:42'),
	(718, '90474', '2018-01-16 13:15:45'),
	(719, '90474', '2018-01-16 13:15:50'),
	(720, '90474', '2018-01-16 13:15:53'),
	(721, '90474', '2018-01-16 13:15:58'),
	(722, '90474', '2018-01-16 13:16:00'),
	(723, '90474', '2018-01-16 13:16:02'),
	(724, '90474', '2018-01-16 13:16:06'),
	(725, '90474', '2018-01-16 13:16:08'),
	(726, '90474', '2018-01-16 13:16:11'),
	(727, '90475', '2018-01-16 13:16:15'),
	(729, '90475', '2018-01-16 13:16:20'),
	(730, '90476', '2018-01-16 13:16:23'),
	(731, '90482', '2018-01-16 13:16:26'),
	(732, '90484', '2018-01-16 13:16:30'),
	(733, '90484', '2018-01-16 13:16:33'),
	(734, '90496', '2018-01-16 13:16:36'),
	(735, '90490', '2018-01-16 13:16:40'),
	(736, '90490', '2018-01-16 13:16:42'),
	(737, '90490', '2018-01-16 13:16:44'),
	(738, '90489', '2018-01-16 13:16:47'),
	(739, '90483', '2018-01-16 13:16:49'),
	(740, '90483', '2018-01-16 13:16:53'),
	(741, '90483', '2018-01-16 13:16:59'),
	(742, '90484', '2018-01-16 13:17:01'),
	(743, '90484', '2018-01-16 13:17:03'),
	(744, '90483', '2018-01-16 13:17:07'),
	(745, '90483', '2018-01-16 13:17:08'),
	(746, '90483', '2018-01-16 13:17:12'),
	(747, '90478', '2018-01-16 13:17:14'),
	(748, '90478', '2018-01-16 13:17:16'),
	(749, '90476', '2018-01-16 13:17:18'),
	(750, '90477', '2018-01-16 13:17:20'),
	(751, '90482', '2018-01-16 13:17:24'),
	(752, '90482', '2018-01-16 13:17:26'),
	(754, '90482', '2018-01-16 13:17:30'),
	(755, '90482', '2018-01-16 13:17:33'),
	(760, '90482', '2018-01-16 13:17:46'),
	(761, '90483', '2018-01-16 13:17:48'),
	(764, '90483', '2018-01-16 13:17:54'),
	(765, '90484', '2018-01-16 13:17:57'),
	(767, '90483', '2018-01-16 13:18:01'),
	(776, '90488', '2018-01-16 13:18:23'),
	(777, '90488', '2018-01-16 13:18:24'),
	(779, '90488', '2018-01-16 13:18:29'),
	(783, '90488', '2018-01-16 13:18:39'),
	(784, '90488', '2018-01-16 13:18:41'),
	(785, '90487', '2018-01-16 13:18:45'),
	(787, '90487', '2018-01-16 13:18:50'),
	(788, '90486', '2018-01-16 13:18:52'),
	(789, '90481', '2018-01-16 13:18:55'),
	(790, '90481', '2018-01-16 13:18:58'),
	(791, '90481', '2018-01-16 13:18:59'),
	(792, '90481', '2018-01-16 13:19:02'),
	(794, '90481', '2018-01-16 13:19:06'),
	(795, '90481', '2018-01-16 13:19:09'),
	(800, '90481', '2018-01-16 13:19:21'),
	(801, '90481', '2018-01-16 13:19:23'),
	(803, '90480', '2018-01-16 13:19:28'),
	(804, '90480', '2018-01-16 13:19:30'),
	(808, '90479', '2018-01-16 13:19:41'),
	(809, '90479', '2018-01-16 13:19:43'),
	(810, '90480', '2018-01-16 13:19:46'),
	(811, '90480', '2018-01-16 13:19:48'),
	(813, '90480', '2018-01-16 13:19:54'),
	(815, '90481', '2018-01-16 13:19:59'),
	(819, '90480', '2018-01-16 13:20:08'),
	(821, '90480', '2018-01-16 13:20:12'),
	(822, '90480', '2018-01-16 13:20:14'),
	(828, '90482', '2018-01-16 13:20:29'),
	(831, '90481', '2018-01-16 13:20:35'),
	(833, '90482', '2018-01-16 13:20:40'),
	(835, '90481', '2018-01-16 13:20:44'),
	(836, '90482', '2018-01-16 13:20:46'),
	(840, '90483', '2018-01-16 13:20:55'),
	(841, '90483', '2018-01-16 13:20:59'),
	(842, '90483', '2018-01-16 13:21:00'),
	(843, '90483', '2018-01-16 13:21:03'),
	(844, '90483', '2018-01-16 13:21:06'),
	(853, '90483', '2018-01-16 13:21:25'),
	(855, '90483', '2018-01-16 13:21:30'),
	(856, '90483', '2018-01-16 13:21:33'),
	(858, '90483', '2018-01-16 13:21:38'),
	(859, '90484', '2018-01-16 13:21:40'),
	(861, '90484', '2018-01-16 13:21:45'),
	(865, '90485', '2018-01-16 13:21:57'),
	(866, '90485', '2018-01-16 13:22:00'),
	(867, '90484', '2018-01-16 13:22:02'),
	(870, '90484', '2018-01-16 13:22:10'),
	(871, '90483', '2018-01-16 13:22:13'),
	(872, '90483', '2018-01-16 13:22:14'),
	(874, '90483', '2018-01-16 13:22:19'),
	(878, '90483', '2018-01-16 13:22:34'),
	(879, '90489', '2018-01-16 13:22:37'),
	(886, '90488', '2018-01-16 13:22:53'),
	(889, '90488', '2018-01-16 13:23:01'),
	(891, '90490', '2018-01-16 13:23:07'),
	(892, '90490', '2018-01-16 13:23:08'),
	(893, '90490', '2018-01-16 13:23:09'),
	(894, '90490', '2018-01-16 13:23:14'),
	(895, '90490', '2018-01-16 13:23:17'),
	(896, '90490', '2018-01-16 13:23:19'),
	(897, '90490', '2018-01-16 13:23:20'),
	(900, '90490', '2018-01-16 13:23:28'),
	(901, '90496', '2018-01-16 13:23:31'),
	(902, '90495', '2018-01-16 13:23:33'),
	(904, '90491', '2018-01-16 13:23:41'),
	(905, '90490', '2018-01-16 13:23:42'),
	(906, '90490', '2018-01-16 13:23:46'),
	(907, '90490', '2018-01-16 13:23:47'),
	(908, '90489', '2018-01-16 13:23:49'),
	(910, '90490', '2018-01-16 13:23:55'),
	(911, '90490', '2018-01-16 13:23:57'),
	(913, '90490', '2018-01-16 13:24:02'),
	(916, '90490', '2018-01-16 13:24:09'),
	(918, '90490', '2018-01-16 13:24:14'),
	(919, '90490', '2018-01-16 13:24:16'),
	(920, '90490', '2018-01-16 13:24:20'),
	(922, '90489', '2018-01-16 13:24:26'),
	(924, '90489', '2018-01-16 13:24:29'),
	(925, '90489', '2018-01-16 13:24:31'),
	(926, '90489', '2018-01-16 13:24:35'),
	(931, '90489', '2018-01-16 13:24:47'),
	(932, '90491', '2018-01-16 13:24:49'),
	(933, '90496', '2018-01-16 13:24:52'),
	(934, '90496', '2018-01-16 13:24:55'),
	(935, '90495', '2018-01-16 13:24:56'),
	(936, '90495', '2018-01-16 13:24:58'),
	(937, '90496', '2018-01-16 13:25:02'),
	(938, '90496', '2018-01-16 13:25:03'),
	(940, '90496', '2018-01-16 13:25:09'),
	(941, '90496', '2018-01-16 13:25:10'),
	(942, '90494', '2018-01-16 13:25:14'),
	(946, '90493', '2018-01-16 13:25:24'),
	(947, '90489', '2018-01-16 13:25:27'),
	(948, '90493', '2018-01-16 13:25:29'),
	(950, '90493', '2018-01-16 13:25:32'),
	(962, '90492', '2018-01-16 13:26:02'),
	(963, '90493', '2018-01-16 13:26:05'),
	(964, '90492', '2018-01-16 13:26:06'),
	(968, '90492', '2018-01-16 13:26:19'),
	(969, '90492', '2018-01-16 13:26:21'),
	(971, '90488', '2018-01-16 13:26:25'),
	(972, '90488', '2018-01-16 13:26:27'),
	(973, '90488', '2018-01-16 13:26:30'),
	(974, '90487', '2018-01-16 13:26:32'),
	(975, '90487', '2018-01-16 13:26:35'),
	(976, '90487', '2018-01-16 13:26:38'),
	(977, '90487', '2018-01-16 13:26:44'),
	(980, '90487', '2018-01-16 13:26:51'),
	(981, '90487', '2018-01-16 13:26:52'),
	(982, '90487', '2018-01-16 13:26:56'),
	(983, '90491', '2018-01-16 13:26:57'),
	(989, '90492', '2018-01-16 13:27:14'),
	(992, '90492', '2018-01-16 13:27:21'),
	(993, '90491', '2018-01-16 13:27:23'),
	(994, '90492', '2018-01-16 13:27:26'),
	(995, '90491', '2018-01-16 13:27:28'),
	(996, '90491', '2018-01-16 13:27:30'),
	(997, '90491', '2018-01-16 13:27:32'),
	(998, '90488', '2018-01-16 13:27:36'),
	(999, '90487', '2018-01-16 13:27:38'),
	(1000, '90488', '2018-01-16 13:27:39'),
	(1001, '90487', '2018-01-16 13:27:43'),
	(1002, '90491', '2018-01-16 13:27:46'),
	(1004, '90491', '2018-01-16 13:27:52'),
	(1005, '90491', '2018-01-16 13:27:54'),
	(1006, '90491', '2018-01-16 13:27:57'),
	(1007, '90491', '2018-01-16 13:27:59'),
	(1008, '90492', '2018-01-16 13:28:00'),
	(1013, '90492', '2018-01-16 13:28:13'),
	(1014, '90492', '2018-01-16 13:28:14'),
	(1015, '90493', '2018-01-16 13:28:18'),
	(1018, '90493', '2018-01-16 13:28:25'),
	(1020, '90493', '2018-01-16 13:28:30'),
	(1022, '90493', '2018-01-16 13:28:34'),
	(1025, '90493', '2018-01-16 13:28:50'),
	(1029, '90493', '2018-01-16 13:29:00'),
	(1030, '90494', '2018-01-16 13:29:03'),
	(1033, '90493', '2018-01-16 13:29:09'),
	(1035, '90492', '2018-01-16 13:29:13'),
	(1037, '90492', '2018-01-16 13:29:20'),
	(1040, '90493', '2018-01-16 13:29:26'),
	(1043, '90492', '2018-01-16 13:29:33'),
	(1044, '90492', '2018-01-16 13:29:36'),
	(1050, '90492', '2018-01-16 13:29:52'),
	(1051, '90492', '2018-01-16 13:29:55'),
	(1054, '90492', '2018-01-16 13:30:02'),
	(1055, '90492', '2018-01-16 13:30:04'),
	(1059, '90492', '2018-01-16 13:30:14'),
	(1060, '90492', '2018-01-16 13:30:17'),
	(1061, '90492', '2018-01-16 13:30:20'),
	(1062, '90487', '2018-01-16 13:30:29'),
	(1063, '90482', '2018-01-16 13:30:34'),
	(1064, '90482', '2018-01-16 13:30:46'),
	(1067, '90482', '2018-01-16 13:30:53'),
	(1069, '90482', '2018-01-16 13:30:56'),
	(1070, '90481', '2018-01-16 13:31:01'),
	(1071, '90481', '2018-01-16 13:31:04'),
	(1072, '90481', '2018-01-16 13:31:08'),
	(1073, '90481', '2018-01-16 13:31:16'),
	(1074, '90481', '2018-01-16 13:31:24'),
	(1076, '90481', '2018-01-16 13:31:29'),
	(1077, '90481', '2018-01-16 13:31:31'),
	(1080, '90481', '2018-01-16 13:31:37'),
	(1082, '90481', '2018-01-16 13:31:43'),
	(1084, '90481', '2018-01-16 13:31:49'),
	(1090, '90482', '2018-01-16 13:32:04'),
	(1093, '90482', '2018-01-16 13:32:13'),
	(1094, '90481', '2018-01-16 13:32:15'),
	(1095, '90480', '2018-01-16 13:32:16'),
	(1096, '90476', '2018-01-16 13:32:20'),
	(1097, '90475', '2018-01-16 13:32:23'),
	(1098, '90476', '2018-01-16 13:32:25'),
	(1099, '90476', '2018-01-16 13:32:27'),
	(1100, '90475', '2018-01-16 13:32:30'),
	(1101, '90475', '2018-01-16 13:32:31'),
	(1102, '90475', '2018-01-16 13:32:35'),
	(1104, '90475', '2018-01-16 13:32:38'),
	(1105, '90480', '2018-01-16 13:32:40'),
	(1106, '90480', '2018-01-16 13:32:44'),
	(1107, '90480', '2018-01-16 13:32:46'),
	(1109, '90480', '2018-01-16 13:32:51'),
	(1110, '90485', '2018-01-16 13:32:54'),
	(1111, '90485', '2018-01-16 13:32:56'),
	(1113, '90485', '2018-01-16 13:33:01'),
	(1114, '90485', '2018-01-16 13:33:03'),
	(1115, '90485', '2018-01-16 13:33:07'),
	(1116, '90486', '2018-01-16 13:33:10'),
	(1117, '90486', '2018-01-16 13:33:12'),
	(1118, '90486', '2018-01-16 13:33:15'),
	(1119, '90485', '2018-01-16 13:33:21'),
	(1120, '90478', '2018-01-16 13:33:25'),
	(1126, '90483', '2018-01-16 13:33:41'),
	(1127, '90484', '2018-01-16 13:33:43'),
	(1128, '90483', '2018-01-16 13:33:47'),
	(1130, '90479', '2018-01-16 13:33:49'),
	(1131, '90479', '2018-01-16 13:33:51'),
	(1133, '90479', '2018-01-16 13:33:59'),
	(1138, '90477', '2018-01-16 13:34:11'),
	(1139, '90478', '2018-01-16 13:34:18'),
	(1140, '90478', '2018-01-16 13:34:23'),
	(1145, '90478', '2018-01-16 13:34:35'),
	(1147, '90480', '2018-01-16 13:34:40'),
	(1148, '90480', '2018-01-16 13:34:43'),
	(1157, '90480', '2018-01-16 13:35:06'),
	(1162, '90480', '2018-01-16 13:35:17'),
	(1163, '90481', '2018-01-16 13:35:20'),
	(1164, '90481', '2018-01-16 13:35:23'),
	(1166, '90480', '2018-01-16 13:35:28'),
	(1172, '90480', '2018-01-16 13:35:40'),
	(1173, '90480', '2018-01-16 13:35:43'),
	(1175, '90480', '2018-01-16 13:35:51'),
	(1176, '90480', '2018-01-16 13:35:53'),
	(1177, '90480', '2018-01-16 13:35:55'),
	(1179, '90480', '2018-01-16 13:36:00'),
	(1181, '90481', '2018-01-16 13:36:04'),
	(1182, '90482', '2018-01-16 13:36:06'),
	(1184, '90481', '2018-01-16 13:36:13'),
	(1185, '90480', '2018-01-16 13:36:15'),
	(1186, '90481', '2018-01-16 13:36:17'),
	(1187, '90480', '2018-01-16 13:36:19'),
	(1189, '90480', '2018-01-16 13:36:26'),
	(1193, '90480', '2018-01-16 13:36:35'),
	(1194, '90481', '2018-01-16 13:36:37'),
	(1199, '90488', '2018-01-16 13:36:51'),
	(1200, '90488', '2018-01-16 13:36:52'),
	(1201, '90489', '2018-01-16 13:36:54'),
	(1204, '90495', '2018-01-16 13:37:04'),
	(1205, '90495', '2018-01-16 13:37:06'),
	(1206, '90497', '2018-01-16 13:37:08'),
	(1207, '90496', '2018-01-16 13:37:10'),
	(1208, '90496', '2018-01-16 13:37:12'),
	(1210, '90496', '2018-01-16 13:37:18'),
	(1212, '90496', '2018-01-16 13:37:23'),
	(1214, '90495', '2018-01-16 13:37:28'),
	(1215, '90496', '2018-01-16 13:37:30'),
	(1220, '90496', '2018-01-16 13:37:43'),
	(1221, '90496', '2018-01-16 13:37:46'),
	(1223, '90496', '2018-01-16 13:37:53'),
	(1233, '90495', '2018-01-16 13:38:17'),
	(1234, '90495', '2018-01-16 13:38:18'),
	(1235, '90496', '2018-01-16 13:38:21'),
	(1236, '90496', '2018-01-16 13:38:24'),
	(1237, '90495', '2018-01-16 13:38:26'),
	(1238, '90495', '2018-01-16 13:38:29'),
	(1240, '90496', '2018-01-16 13:38:33'),
	(1241, '90496', '2018-01-16 13:38:35'),
	(1242, '90494', '2018-01-16 13:38:38'),
	(1243, '90490', '2018-01-16 13:38:41'),
	(1248, '90495', '2018-01-16 13:38:51'),
	(1251, '90495', '2018-01-16 13:38:58'),
	(1254, '90495', '2018-01-16 13:39:04'),
	(1255, '90495', '2018-01-16 13:39:08'),
	(1258, '90494', '2018-01-16 13:39:14'),
	(1259, '90493', '2018-01-16 13:39:18'),
	(1260, '90488', '2018-01-16 13:39:21'),
	(1261, '90488', '2018-01-16 13:39:24'),
	(1263, '90494', '2018-01-16 13:39:31'),
	(1266, '90495', '2018-01-16 13:39:37'),
	(1267, '90496', '2018-01-16 13:39:39'),
	(1273, '90496', '2018-01-16 13:39:55'),
	(1275, '90496', '2018-01-16 13:39:59'),
	(1276, '90496', '2018-01-16 13:40:01'),
	(1277, '90497', '2018-01-16 13:40:02'),
	(1282, '90497', '2018-01-16 13:40:22'),
	(1284, '90499', '2018-01-16 13:40:28'),
	(1285, '90503', '2018-01-16 13:40:29'),
	(1287, '90503', '2018-01-16 13:40:34'),
	(1288, '90503', '2018-01-16 13:40:35'),
	(1293, '90503', '2018-01-16 13:40:51'),
	(1295, '90504', '2018-01-16 13:40:56'),
	(1296, '90504', '2018-01-16 13:40:57'),
	(1299, '90504', '2018-01-16 13:41:05'),
	(1301, '90502', '2018-01-16 13:41:11'),
	(1303, '90502', '2018-01-16 13:41:14'),
	(1307, '90502', '2018-01-16 13:41:25'),
	(1314, '90496', '2018-01-16 13:41:44'),
	(1315, '90496', '2018-01-16 13:41:46'),
	(1316, '90496', '2018-01-16 13:41:49'),
	(1317, '90496', '2018-01-16 13:41:50'),
	(1318, '90500', '2018-01-16 13:41:53'),
	(1319, '90500', '2018-01-16 13:41:58'),
	(1324, '90500', '2018-01-16 13:42:11'),
	(1327, '90501', '2018-01-16 13:42:18'),
	(1328, '90501', '2018-01-16 13:42:19'),
	(1330, '90500', '2018-01-16 13:42:25'),
	(1331, '90501', '2018-01-16 13:42:29'),
	(1332, '90500', '2018-01-16 13:42:31'),
	(1333, '90501', '2018-01-16 13:42:32'),
	(1334, '90500', '2018-01-16 13:42:36'),
	(1336, '90501', '2018-01-16 13:42:42'),
	(1337, '90501', '2018-01-16 13:42:44'),
	(1338, '90501', '2018-01-16 13:42:47'),
	(1340, '90501', '2018-01-16 13:42:50'),
	(1343, '90501', '2018-01-16 13:43:00'),
	(1344, '90501', '2018-01-16 13:43:01'),
	(1349, '90501', '2018-01-16 13:43:13'),
	(1352, '90501', '2018-01-16 13:43:23'),
	(1361, '90501', '2018-01-16 13:43:46'),
	(1362, '90502', '2018-01-16 13:43:48'),
	(1363, '90506', '2018-01-16 13:43:51'),
	(1366, '90506', '2018-01-16 13:43:59'),
	(1370, '90502', '2018-01-16 13:44:11'),
	(1371, '90502', '2018-01-16 13:44:14'),
	(1372, '90501', '2018-01-16 13:44:17'),
	(1373, '90501', '2018-01-16 13:44:21'),
	(1374, '90502', '2018-01-16 13:44:22'),
	(1375, '90501', '2018-01-16 13:44:26'),
	(1378, '90501', '2018-01-16 13:44:33'),
	(1379, '90500', '2018-01-16 13:44:34'),
	(1383, '90500', '2018-01-16 13:44:48'),
	(1386, '90500', '2018-01-16 13:44:54'),
	(1388, '90500', '2018-01-16 13:45:00'),
	(1389, '90500', '2018-01-16 13:45:02'),
	(1392, '90500', '2018-01-16 13:45:11'),
	(1393, '90501', '2018-01-16 13:45:15'),
	(1394, '90501', '2018-01-16 13:45:18'),
	(1400, '90501', '2018-01-16 13:45:32'),
	(1401, '90506', '2018-01-16 13:45:36'),
	(1402, '90506', '2018-01-16 13:45:39'),
	(1405, '90508', '2018-01-16 13:45:47'),
	(1411, '90508', '2018-01-16 13:46:01'),
	(1412, '90508', '2018-01-16 13:46:02'),
	(1415, '90508', '2018-01-16 13:46:12'),
	(1416, '90508', '2018-01-16 13:46:13'),
	(1417, '90509', '2018-01-16 13:46:17'),
	(1418, '90508', '2018-01-16 13:46:19'),
	(1419, '90508', '2018-01-16 13:46:21'),
	(1420, '90508', '2018-01-16 13:46:24'),
	(1422, '90508', '2018-01-16 13:46:30'),
	(1424, '90508', '2018-01-16 13:46:37'),
	(1427, '90508', '2018-01-16 13:46:46'),
	(1428, '90508', '2018-01-16 13:46:48'),
	(1429, '90508', '2018-01-16 13:46:52'),
	(1434, '90508', '2018-01-16 13:47:04'),
	(1435, '90508', '2018-01-16 13:47:05'),
	(1437, '90508', '2018-01-16 13:47:12'),
	(1439, '90514', '2018-01-16 13:47:54'),
	(1440, '90513', '2018-01-16 13:47:58'),
	(1441, '90514', '2018-01-16 13:48:01'),
	(1445, '90514', '2018-01-16 13:48:11'),
	(1446, '90514', '2018-01-16 13:48:14'),
	(1447, '90514', '2018-01-16 13:48:17'),
	(1450, '90514', '2018-01-16 13:48:25'),
	(1451, '90513', '2018-01-16 13:48:32'),
	(1452, '90513', '2018-01-16 13:48:34'),
	(1453, '90513', '2018-01-16 13:48:37'),
	(1455, '90513', '2018-01-16 13:48:43'),
	(1456, '90513', '2018-01-16 13:48:44'),
	(1457, '90513', '2018-01-16 13:48:48'),
	(1458, '90512', '2018-01-16 13:48:49'),
	(1462, '90512', '2018-01-16 13:49:10'),
	(1463, '90512', '2018-01-16 13:49:11'),
	(1464, '90512', '2018-01-16 13:49:16'),
	(1465, '90506', '2018-01-16 13:49:18'),
	(1466, '90506', '2018-01-16 13:49:21'),
	(1467, '90506', '2018-01-16 13:49:23'),
	(1468, '90506', '2018-01-16 13:49:24'),
	(1469, '90506', '2018-01-16 13:49:29'),
	(1470, '90503', '2018-01-16 13:49:32'),
	(1471, '90503', '2018-01-16 13:49:34'),
	(1472, '90499', '2018-01-16 13:49:38'),
	(1474, '90491', '2018-01-16 13:49:45'),
	(1475, '90491', '2018-01-16 13:49:48'),
	(1476, '90491', '2018-01-16 13:49:50'),
	(1477, '90499', '2018-01-16 13:49:53'),
	(1478, '90504', '2018-01-16 13:49:57'),
	(1479, '90506', '2018-01-16 13:49:58'),
	(1480, '90506', '2018-01-16 13:50:01'),
	(1481, '90506', '2018-01-16 13:50:09'),
	(1482, '90504', '2018-01-16 13:50:22'),
	(1483, '90499', '2018-01-16 13:50:24'),
	(1484, '90499', '2018-01-16 13:50:26'),
	(1485, '90499', '2018-01-16 13:50:32'),
	(1489, '90499', '2018-01-16 13:50:46'),
	(1491, '90504', '2018-01-16 13:50:51'),
	(1492, '90504', '2018-01-16 13:50:53'),
	(1493, '90505', '2018-01-16 13:51:00'),
	(1496, '90505', '2018-01-16 13:51:09'),
	(1497, '90504', '2018-01-16 13:51:13'),
	(1499, '90506', '2018-01-16 13:51:22'),
	(1500, '90505', '2018-01-16 13:51:25'),
	(1501, '90505', '2018-01-16 13:51:28'),
	(1502, '90505', '2018-01-16 13:51:29'),
	(1504, '90505', '2018-01-16 13:51:45'),
	(1505, '90505', '2018-01-16 13:51:54'),
	(1506, '90505', '2018-01-16 13:51:56'),
	(1508, '90505', '2018-01-16 13:52:02'),
	(1510, '90505', '2018-01-16 13:52:15'),
	(1512, '90504', '2018-01-16 13:52:19'),
	(1514, '90504', '2018-01-16 13:52:29'),
	(1515, '90504', '2018-01-16 13:52:32'),
	(1516, '90505', '2018-01-16 13:52:34'),
	(1521, '90506', '2018-01-16 13:52:59'),
	(1525, '90506', '2018-01-16 13:53:21'),
	(1527, '90505', '2018-01-16 13:53:28'),
	(1528, '90505', '2018-01-16 13:53:31'),
	(1530, '90505', '2018-01-16 13:53:41'),
	(1531, '90503', '2018-01-16 13:53:45'),
	(1532, '90503', '2018-01-16 13:53:48'),
	(1533, '90503', '2018-01-16 13:53:51'),
	(1534, '90503', '2018-01-16 13:53:55'),
	(1535, '90502', '2018-01-16 13:54:01'),
	(1537, '90502', '2018-01-16 13:54:06'),
	(1538, '90502', '2018-01-16 13:54:12'),
	(1539, '90503', '2018-01-16 13:54:14'),
	(1540, '90503', '2018-01-16 13:54:15'),
	(1541, '90503', '2018-01-16 13:54:24'),
	(1542, '90503', '2018-01-16 13:54:31'),
	(1543, '90503', '2018-01-16 13:54:33'),
	(1544, '90501', '2018-01-16 13:54:40'),
	(1545, '90501', '2018-01-16 13:54:43'),
	(1546, '90495', '2018-01-16 13:54:53'),
	(1547, '90495', '2018-01-16 13:55:02'),
	(1548, '90495', '2018-01-16 13:55:06'),
	(1549, '90496', '2018-01-16 13:55:21'),
	(1551, '90494', '2018-01-16 13:55:35'),
	(1552, '90494', '2018-01-16 13:55:38'),
	(1553, '90494', '2018-01-16 13:55:40'),
	(1554, '90494', '2018-01-16 13:55:44'),
	(1557, '90498', '2018-01-16 13:55:53'),
	(1558, '90499', '2018-01-16 13:55:57'),
	(1559, '90504', '2018-01-16 13:56:04'),
	(1560, '90505', '2018-01-16 13:56:09'),
	(1561, '90506', '2018-01-16 13:56:11'),
	(1562, '90506', '2018-01-16 13:56:12'),
	(1563, '90505', '2018-01-16 13:56:15'),
	(1564, '90501', '2018-01-16 13:56:17'),
	(1565, '90501', '2018-01-16 13:56:19'),
	(1567, '90500', '2018-01-16 13:56:24'),
	(1568, '90497', '2018-01-16 13:56:35'),
	(1569, '90499', '2018-01-16 13:56:39'),
	(1570, '90504', '2018-01-16 13:56:45'),
	(1571, '90500', '2018-01-16 13:56:57'),
	(1573, '90499', '2018-01-16 13:57:12'),
	(1574, '90494', '2018-01-16 13:57:16'),
	(1578, '90499', '2018-01-16 13:57:37'),
	(1579, '90494', '2018-01-16 13:57:39'),
	(1580, '90494', '2018-01-16 13:57:42'),
	(1581, '90493', '2018-01-16 13:57:48'),
	(1585, '90493', '2018-01-16 13:58:02'),
	(1587, '90493', '2018-01-16 13:58:11'),
	(1589, '90494', '2018-01-16 13:58:19'),
	(1590, '90494', '2018-01-16 13:58:29'),
	(1592, '90494', '2018-01-16 13:58:35'),
	(1595, '90494', '2018-01-16 13:58:43'),
	(1597, '90497', '2018-01-16 13:58:53'),
	(1598, '90497', '2018-01-16 13:58:55'),
	(1599, '90499', '2018-01-16 13:59:02'),
	(1601, '90498', '2018-01-16 13:59:06'),
	(1602, '90498', '2018-01-16 13:59:10'),
	(1603, '90497', '2018-01-16 13:59:13'),
	(1605, '90498', '2018-01-16 13:59:18'),
	(1606, '90498', '2018-01-16 13:59:20'),
	(1607, '90503', '2018-01-16 13:59:22'),
	(1608, '90503', '2018-01-16 13:59:25'),
	(1609, '90499', '2018-01-16 13:59:30'),
	(1611, '90499', '2018-01-16 13:59:35'),
	(1612, '90498', '2018-01-16 13:59:40'),
	(1613, '90498', '2018-01-16 13:59:44'),
	(1614, '90498', '2018-01-16 13:59:45'),
	(1616, '90498', '2018-01-16 13:59:52'),
	(1617, '90498', '2018-01-16 13:59:53'),
	(1618, '90498', '2018-01-16 13:59:57'),
	(1619, '90499', '2018-01-16 14:00:00'),
	(1620, '90500', '2018-01-16 14:00:03'),
	(1621, '90500', '2018-01-16 14:00:11'),
	(1622, '90505', '2018-01-16 14:00:13'),
	(1624, '90505', '2018-01-16 14:00:18'),
	(1625, '90505', '2018-01-16 14:00:22'),
	(1628, '90505', '2018-01-16 14:00:29'),
	(1636, '90505', '2018-01-16 14:00:49'),
	(1637, '90505', '2018-01-16 14:00:51'),
	(1638, '90505', '2018-01-16 14:00:55'),
	(1641, '90517', '2018-01-16 14:01:07'),
	(1642, '90511', '2018-01-16 14:01:10'),
	(1645, '90511', '2018-01-16 14:01:18'),
	(1646, '90506', '2018-01-16 14:01:21'),
	(1647, '90510', '2018-01-16 14:01:24'),
	(1648, '90511', '2018-01-16 14:01:30'),
	(1649, '90511', '2018-01-16 14:01:35'),
	(1650, '90511', '2018-01-16 14:01:38'),
	(1651, '90511', '2018-01-16 14:01:40'),
	(1652, '90512', '2018-01-16 14:01:43'),
	(1653, '90512', '2018-01-16 14:01:47'),
	(1657, '90512', '2018-01-16 14:02:00'),
	(1658, '90513', '2018-01-16 14:02:07'),
	(1659, '90512', '2018-01-16 14:02:10'),
	(1661, '90512', '2018-01-16 14:02:14'),
	(1662, '90512', '2018-01-16 14:02:17'),
	(1664, '90512', '2018-01-16 14:02:23'),
	(1665, '90512', '2018-01-16 14:02:26'),
	(1666, '90513', '2018-01-16 14:02:28'),
	(1667, '90513', '2018-01-16 14:02:29'),
	(1668, '90510', '2018-01-16 14:02:35'),
	(1669, '90510', '2018-01-16 14:02:37'),
	(1671, '90509', '2018-01-16 14:02:47'),
	(1672, '90510', '2018-01-16 14:02:49'),
	(1673, '90509', '2018-01-16 14:02:51'),
	(1674, '90509', '2018-01-16 14:02:55'),
	(1675, '90509', '2018-01-16 14:03:00'),
	(1676, '90510', '2018-01-16 14:03:02'),
	(1677, '90509', '2018-01-16 14:03:06'),
	(1678, '90509', '2018-01-16 14:03:08'),
	(1679, '90509', '2018-01-16 14:03:15'),
	(1680, '90510', '2018-01-16 14:03:17'),
	(1682, '90510', '2018-01-16 14:03:20'),
	(1683, '90510', '2018-01-16 14:03:23'),
	(1684, '90508', '2018-01-16 14:03:28'),
	(1685, '90508', '2018-01-16 14:03:30'),
	(1687, '90515', '2018-01-16 14:03:34'),
	(1688, '90514', '2018-01-16 14:03:37'),
	(1689, '90514', '2018-01-16 14:03:38'),
	(1690, '90514', '2018-01-16 14:03:43'),
	(1691, '90514', '2018-01-16 14:03:44'),
	(1692, '90514', '2018-01-16 14:03:50'),
	(1693, '90510', '2018-01-16 14:03:52'),
	(1694, '90515', '2018-01-16 14:03:55'),
	(1695, '90515', '2018-01-16 14:03:58'),
	(1696, '90513', '2018-01-16 14:04:03'),
	(1697, '90513', '2018-01-16 14:04:06'),
	(1698, '90513', '2018-01-16 14:04:08'),
	(1699, '90513', '2018-01-16 14:04:10'),
	(1700, '90513', '2018-01-16 14:04:16'),
	(1702, '90515', '2018-01-16 14:04:21'),
	(1703, '90513', '2018-01-16 14:04:28'),
	(1704, '90514', '2018-01-16 14:04:29'),
	(1705, '90514', '2018-01-16 14:04:37'),
	(1706, '90514', '2018-01-16 14:04:43'),
	(1707, '90514', '2018-01-16 14:04:44'),
	(1708, '90514', '2018-01-16 14:04:46'),
	(1710, '90514', '2018-01-16 14:04:51'),
	(1711, '90514', '2018-01-16 14:04:55'),
	(1712, '90515', '2018-01-16 14:05:00'),
	(1713, '90515', '2018-01-16 14:05:05'),
	(1714, '90515', '2018-01-16 14:05:07'),
	(1715, '90515', '2018-01-16 14:05:09'),
	(1716, '90515', '2018-01-16 14:05:12'),
	(1717, '90516', '2018-01-16 14:05:14'),
	(1718, '90516', '2018-01-16 14:05:19'),
	(1720, '90515', '2018-01-16 14:05:24'),
	(1721, '90510', '2018-01-16 14:05:26'),
	(1723, '90510', '2018-01-16 14:05:33'),
	(1724, '90511', '2018-01-16 14:05:38'),
	(1727, '90512', '2018-01-16 14:05:45'),
	(1729, '90512', '2018-01-16 14:05:53'),
	(1731, '90516', '2018-01-16 14:06:01'),
	(1732, '90516', '2018-01-16 14:06:06'),
	(1733, '90516', '2018-01-16 14:06:10'),
	(1734, '90516', '2018-01-16 14:06:12'),
	(1735, '90516', '2018-01-16 14:06:13'),
	(1736, '90518', '2018-01-16 14:06:17'),
	(1737, '90522', '2018-01-16 14:06:20'),
	(1739, '90523', '2018-01-16 14:06:25'),
	(1741, '90523', '2018-01-16 14:06:35'),
	(1742, '90523', '2018-01-16 14:06:36'),
	(1743, '90523', '2018-01-16 14:06:45'),
	(1744, '90523', '2018-01-16 14:06:46'),
	(1746, '90530', '2018-01-16 14:07:25'),
	(1747, '90525', '2018-01-16 14:07:32'),
	(1750, '90525', '2018-01-16 14:07:40'),
	(1751, '90530', '2018-01-16 14:07:42'),
	(1754, '90531', '2018-01-16 14:07:50'),
	(1755, '90531', '2018-01-16 14:07:52'),
	(1756, '90530', '2018-01-16 14:07:55'),
	(1757, '90530', '2018-01-16 14:07:56'),
	(1758, '90526', '2018-01-16 14:08:00'),
	(1759, '90521', '2018-01-16 14:08:03'),
	(1760, '90520', '2018-01-16 14:08:06'),
	(1765, '90517', '2018-01-16 14:08:18'),
	(1766, '90517', '2018-01-16 14:08:21'),
	(1767, '90518', '2018-01-16 14:08:23'),
	(1768, '90519', '2018-01-16 14:08:26'),
	(1769, '90519', '2018-01-16 14:08:28'),
	(1770, '90519', '2018-01-16 14:08:31'),
	(1771, '90520', '2018-01-16 14:08:32'),
	(1772, '90520', '2018-01-16 14:08:35'),
	(1776, '90520', '2018-01-16 14:08:45'),
	(1777, '90520', '2018-01-16 14:08:47'),
	(1779, '90520', '2018-01-16 14:08:53'),
	(1780, '90519', '2018-01-16 14:08:55'),
	(1781, '90519', '2018-01-16 14:08:57'),
	(1782, '90520', '2018-01-16 14:09:01'),
	(1783, '90519', '2018-01-16 14:09:02'),
	(1784, '90520', '2018-01-16 14:09:06'),
	(1785, '90519', '2018-01-16 14:09:08'),
	(1786, '90519', '2018-01-16 14:09:11'),
	(1787, '90519', '2018-01-16 14:09:14'),
	(1788, '90519', '2018-01-16 14:09:16'),
	(1789, '90520', '2018-01-16 14:09:19'),
	(1790, '90520', '2018-01-16 14:09:23'),
	(1791, '90521', '2018-01-16 14:09:26'),
	(1792, '90525', '2018-01-16 14:09:28'),
	(1795, '90527', '2018-01-16 14:09:36'),
	(1796, '90527', '2018-01-16 14:09:38'),
	(1797, '90527', '2018-01-16 14:09:41'),
	(1799, '90527', '2018-01-16 14:09:47'),
	(1800, '90527', '2018-01-16 14:09:51'),
	(1801, '90527', '2018-01-16 14:09:53'),
	(1802, '90527', '2018-01-16 14:09:56'),
	(1803, '90528', '2018-01-16 14:09:58'),
	(1804, '90528', '2018-01-16 14:10:01'),
	(1807, '90524', '2018-01-16 14:10:08'),
	(1808, '90524', '2018-01-16 14:10:11'),
	(1810, '90523', '2018-01-16 14:10:18'),
	(1811, '90519', '2018-01-16 14:10:20'),
	(1812, '90519', '2018-01-16 14:10:22'),
	(1813, '90519', '2018-01-16 14:10:27'),
	(1814, '90523', '2018-01-16 14:10:29'),
	(1815, '90523', '2018-01-16 14:10:31'),
	(1816, '90519', '2018-01-16 14:10:34'),
	(1817, '90518', '2018-01-16 14:10:36'),
	(1822, '90518', '2018-01-16 14:10:49'),
	(1823, '90518', '2018-01-16 14:10:50'),
	(1824, '90518', '2018-01-16 14:10:53'),
	(1825, '90518', '2018-01-16 14:10:56'),
	(1826, '90518', '2018-01-16 14:10:57'),
	(1827, '90515', '2018-01-16 14:11:01'),
	(1828, '90515', '2018-01-16 14:11:04'),
	(1829, '90511', '2018-01-16 14:11:07'),
	(1830, '90511', '2018-01-16 14:11:09'),
	(1832, '90509', '2018-01-16 14:11:16'),
	(1834, '90511', '2018-01-16 14:11:20'),
	(1835, '90511', '2018-01-16 14:11:24'),
	(1836, '90515', '2018-01-16 14:11:26'),
	(1837, '90516', '2018-01-16 14:11:30'),
	(1839, '90515', '2018-01-16 14:11:39'),
	(1840, '90516', '2018-01-16 14:11:41'),
	(1841, '90511', '2018-01-16 14:11:44'),
	(1842, '90511', '2018-01-16 14:11:48'),
	(1843, '90509', '2018-01-16 14:11:50'),
	(1844, '90510', '2018-01-16 14:11:54'),
	(1845, '90510', '2018-01-16 14:11:56'),
	(1846, '90510', '2018-01-16 14:11:58'),
	(1847, '90510', '2018-01-16 14:12:00'),
	(1848, '90509', '2018-01-16 14:12:03'),
	(1849, '90509', '2018-01-16 14:12:05'),
	(1853, '90509', '2018-01-16 14:12:13'),
	(1854, '90509', '2018-01-16 14:12:17'),
	(1855, '90499', '2018-01-16 14:12:19'),
	(1856, '90499', '2018-01-16 14:12:25'),
	(1857, '90499', '2018-01-16 14:12:30'),
	(1858, '90499', '2018-01-16 14:12:33'),
	(1859, '90499', '2018-01-16 14:12:36'),
	(1861, '90499', '2018-01-16 14:12:40'),
	(1862, '90499', '2018-01-16 14:12:42'),
	(1863, '90500', '2018-01-16 14:12:46'),
	(1864, '90500', '2018-01-16 14:12:48'),
	(1865, '90500', '2018-01-16 14:12:51'),
	(1866, '90512', '2018-01-16 14:12:55'),
	(1867, '90507', '2018-01-16 14:12:56'),
	(1868, '90507', '2018-01-16 14:13:00'),
	(1869, '90507', '2018-01-16 14:13:03'),
	(1870, '90507', '2018-01-16 14:13:06'),
	(1872, '90505', '2018-01-16 14:13:09'),
	(1873, '90506', '2018-01-16 14:13:13'),
	(1874, '90506', '2018-01-16 14:13:16'),
	(1875, '90505', '2018-01-16 14:13:19'),
	(1876, '90506', '2018-01-16 14:13:22'),
	(1877, '90506', '2018-01-16 14:13:24'),
	(1879, '90507', '2018-01-16 14:13:27'),
	(1881, '90506', '2018-01-16 14:13:32'),
	(1882, '90506', '2018-01-16 14:13:34'),
	(1883, '90506', '2018-01-16 14:13:39'),
	(1884, '90506', '2018-01-16 14:13:40'),
	(1885, '90506', '2018-01-16 14:13:42'),
	(1886, '90507', '2018-01-16 14:13:47'),
	(1887, '90507', '2018-01-16 14:13:49'),
	(1888, '90506', '2018-01-16 14:13:50'),
	(1889, '90501', '2018-01-16 14:13:53'),
	(1890, '90502', '2018-01-16 14:13:56'),
	(1891, '90502', '2018-01-16 14:13:58'),
	(1894, '90506', '2018-01-16 14:14:05'),
	(1895, '90506', '2018-01-16 14:14:08'),
	(1896, '90506', '2018-01-16 14:14:10'),
	(1897, '90506', '2018-01-16 14:14:12'),
	(1900, '90506', '2018-01-16 14:14:18'),
	(1908, '90506', '2018-01-16 14:14:39'),
	(1910, '90506', '2018-01-16 14:14:43'),
	(1911, '90506', '2018-01-16 14:14:47'),
	(1912, '90507', '2018-01-16 14:14:49'),
	(1914, '90507', '2018-01-16 14:14:54'),
	(1915, '90507', '2018-01-16 14:14:55'),
	(1916, '90507', '2018-01-16 14:14:57'),
	(1917, '90509', '2018-01-16 14:15:01'),
	(1918, '90514', '2018-01-16 14:15:04'),
	(1919, '90514', '2018-01-16 14:15:06'),
	(1920, '90510', '2018-01-16 14:15:09'),
	(1921, '90508', '2018-01-16 14:15:10'),
	(1927, '90509', '2018-01-16 14:15:26'),
	(1928, '90509', '2018-01-16 14:15:27'),
	(1929, '90509', '2018-01-16 14:15:31'),
	(1930, '90508', '2018-01-16 14:15:33'),
	(1935, '90509', '2018-01-16 14:15:46'),
	(1936, '90509', '2018-01-16 14:15:49'),
	(1937, '90509', '2018-01-16 14:15:50'),
	(1939, '90509', '2018-01-16 14:16:00'),
	(1940, '90509', '2018-01-16 14:16:05'),
	(1941, '90508', '2018-01-16 14:16:08'),
	(1942, '90508', '2018-01-16 14:16:09'),
	(1944, '90507', '2018-01-16 14:16:15'),
	(1945, '90502', '2018-01-16 14:16:16'),
	(1946, '90508', '2018-01-16 14:16:18'),
	(1947, '90508', '2018-01-16 14:16:21'),
	(1948, '90503', '2018-01-16 14:16:24'),
	(1949, '90503', '2018-01-16 14:16:27'),
	(1950, '90501', '2018-01-16 14:16:31'),
	(1951, '90495', '2018-01-16 14:16:33'),
	(1952, '90495', '2018-01-16 14:16:36'),
	(1953, '90495', '2018-01-16 14:16:39'),
	(1954, '90494', '2018-01-16 14:16:41'),
	(1955, '90494', '2018-01-16 14:16:42'),
	(1962, '90494', '2018-01-16 14:17:00'),
	(1965, '90494', '2018-01-16 14:17:07'),
	(1967, '90495', '2018-01-16 14:17:13'),
	(1968, '90490', '2018-01-16 14:17:15'),
	(1971, '90490', '2018-01-16 14:17:23'),
	(1972, '90490', '2018-01-16 14:17:27'),
	(1973, '90495', '2018-01-16 14:17:30'),
	(1974, '90490', '2018-01-16 14:17:31'),
	(1976, '90490', '2018-01-16 14:17:36'),
	(1978, '90490', '2018-01-16 14:17:41'),
	(1979, '90496', '2018-01-16 14:17:45'),
	(1980, '90495', '2018-01-16 14:17:47'),
	(1981, '90496', '2018-01-16 14:17:48'),
	(1982, '90496', '2018-01-16 14:17:52'),
	(1983, '90497', '2018-01-16 14:17:55'),
	(1984, '90497', '2018-01-16 14:17:56'),
	(1985, '90497', '2018-01-16 14:17:59'),
	(1986, '90495', '2018-01-16 14:18:00'),
	(1987, '90497', '2018-01-16 14:18:05'),
	(1989, '90496', '2018-01-16 14:18:09'),
	(1991, '90497', '2018-01-16 14:18:14'),
	(1992, '90497', '2018-01-16 14:18:16'),
	(1993, '90497', '2018-01-16 14:18:18'),
	(1995, '90497', '2018-01-16 14:18:24'),
	(1996, '90497', '2018-01-16 14:18:26'),
	(1998, '90498', '2018-01-16 14:18:31'),
	(1999, '90497', '2018-01-16 14:18:34'),
	(2000, '90497', '2018-01-16 14:18:35'),
	(2003, '90497', '2018-01-16 14:18:43'),
	(2005, '90497', '2018-01-16 14:18:48'),
	(2006, '90502', '2018-01-16 14:18:51'),
	(2008, '90497', '2018-01-16 14:18:55'),
	(2009, '90498', '2018-01-16 14:18:58'),
	(2010, '90498', '2018-01-16 14:18:59'),
	(2011, '90498', '2018-01-16 14:19:03'),
	(2012, '90498', '2018-01-16 14:19:05'),
	(2017, '90496', '2018-01-16 14:19:17'),
	(2019, '90501', '2018-01-16 14:19:22'),
	(2020, '90501', '2018-01-16 14:19:24'),
	(2023, '90501', '2018-01-16 14:19:34'),
	(2024, '90496', '2018-01-16 14:19:37'),
	(2025, '90496', '2018-01-16 14:19:39'),
	(2029, '90500', '2018-01-16 14:19:49'),
	(2031, '90500', '2018-01-16 14:19:54'),
	(2032, '90501', '2018-01-16 14:19:55'),
	(2036, '90500', '2018-01-16 14:20:05'),
	(2038, '90500', '2018-01-16 14:20:10'),
	(2039, '90500', '2018-01-16 14:20:14'),
	(2041, '90500', '2018-01-16 14:20:17'),
	(2043, '90500', '2018-01-16 14:20:23'),
	(2048, '90500', '2018-01-16 14:20:32'),
	(2050, '90500', '2018-01-16 14:20:40'),
	(2055, '90500', '2018-01-16 14:20:51'),
	(2056, '90505', '2018-01-16 14:20:53'),
	(2057, '90501', '2018-01-16 14:20:56'),
	(2059, '90500', '2018-01-16 14:21:01'),
	(2062, '90500', '2018-01-16 14:21:08'),
	(2063, '90500', '2018-01-16 14:21:09'),
	(2066, '90500', '2018-01-16 14:21:21'),
	(2067, '90501', '2018-01-16 14:21:26'),
	(2068, '90500', '2018-01-16 14:21:31'),
	(2069, '90500', '2018-01-16 14:21:33'),
	(2072, '90501', '2018-01-16 14:21:43'),
	(2073, '90501', '2018-01-16 14:21:48'),
	(2074, '90501', '2018-01-16 14:21:52'),
	(2076, '90500', '2018-01-16 14:21:55'),
	(2077, '90501', '2018-01-16 14:21:59'),
	(2078, '90500', '2018-01-16 14:22:01'),
	(2079, '90501', '2018-01-16 14:22:04'),
	(2080, '90501', '2018-01-16 14:22:06'),
	(2081, '90501', '2018-01-16 14:22:08'),
	(2082, '90506', '2018-01-16 14:22:13'),
	(2083, '90505', '2018-01-16 14:22:14'),
	(2085, '90501', '2018-01-16 14:22:20'),
	(2086, '90501', '2018-01-16 14:22:23'),
	(2087, '90501', '2018-01-16 14:22:25'),
	(2090, '90500', '2018-01-16 14:22:40'),
	(2094, '90499', '2018-01-16 14:22:59'),
	(2095, '90498', '2018-01-16 14:23:01'),
	(2096, '90499', '2018-01-16 14:23:05'),
	(2097, '90500', '2018-01-16 14:23:08'),
	(2098, '90493', '2018-01-16 14:23:12'),
	(2099, '90493', '2018-01-16 14:23:16'),
	(2100, '90493', '2018-01-16 14:23:18'),
	(2101, '90493', '2018-01-16 14:23:22'),
	(2102, '90493', '2018-01-16 14:23:24'),
	(2103, '90493', '2018-01-16 14:23:28'),
	(2106, '90492', '2018-01-16 14:23:37'),
	(2107, '90492', '2018-01-16 14:23:39'),
	(2108, '90491', '2018-01-16 14:23:42'),
	(2109, '90491', '2018-01-16 14:23:46'),
	(2110, '90491', '2018-01-16 14:23:48'),
	(2111, '90491', '2018-01-16 14:23:52'),
	(2112, '90487', '2018-01-16 14:23:54'),
	(2114, '90487', '2018-01-16 14:23:58'),
	(2115, '90492', '2018-01-16 14:24:01'),
	(2121, '90492', '2018-01-16 14:24:21'),
	(2123, '90492', '2018-01-16 14:24:26'),
	(2124, '90492', '2018-01-16 14:24:27'),
	(2125, '90488', '2018-01-16 14:24:31'),
	(2126, '90488', '2018-01-16 14:24:33'),
	(2127, '90487', '2018-01-16 14:24:37'),
	(2128, '90491', '2018-01-16 14:24:41'),
	(2130, '90491', '2018-01-16 14:24:46'),
	(2131, '90487', '2018-01-16 14:24:47'),
	(2132, '90487', '2018-01-16 14:24:51'),
	(2133, '90488', '2018-01-16 14:24:52'),
	(2135, '90488', '2018-01-16 14:24:57'),
	(2137, '90487', '2018-01-16 14:25:03'),
	(2141, '90487', '2018-01-16 14:25:12'),
	(2142, '90486', '2018-01-16 14:25:14'),
	(2143, '90486', '2018-01-16 14:25:15'),
	(2146, '90487', '2018-01-16 14:25:24'),
	(2147, '90487', '2018-01-16 14:25:26'),
	(2149, '90487', '2018-01-16 14:25:31'),
	(2150, '90487', '2018-01-16 14:25:33'),
	(2151, '90487', '2018-01-16 14:25:35'),
	(2153, '90487', '2018-01-16 14:25:40'),
	(2154, '90487', '2018-01-16 14:25:47'),
	(2155, '90492', '2018-01-16 14:25:49'),
	(2156, '90492', '2018-01-16 14:25:51'),
	(2157, '90487', '2018-01-16 14:25:54'),
	(2159, '90491', '2018-01-16 14:26:00'),
	(2162, '90492', '2018-01-16 14:26:08'),
	(2163, '90491', '2018-01-16 14:26:10'),
	(2164, '90492', '2018-01-16 14:26:12'),
	(2165, '90492', '2018-01-16 14:26:15'),
	(2166, '90487', '2018-01-16 14:26:20'),
	(2167, '90482', '2018-01-16 14:26:27'),
	(2170, '90486', '2018-01-16 14:26:38'),
	(2171, '90481', '2018-01-16 14:26:42'),
	(2172, '90481', '2018-01-16 14:26:47'),
	(2173, '90481', '2018-01-16 14:26:49'),
	(2174, '90480', '2018-01-16 14:26:53'),
	(2175, '90480', '2018-01-16 14:26:55'),
	(2176, '90470', '2018-01-16 14:27:00'),
	(2177, '90469', '2018-01-16 14:27:03'),
	(2178, '90474', '2018-01-16 14:27:04'),
	(2179, '90470', '2018-01-16 14:27:10'),
	(2180, '90475', '2018-01-16 14:27:12'),
	(2181, '90471', '2018-01-16 14:27:16'),
	(2182, '90475', '2018-01-16 14:27:18'),
	(2183, '90476', '2018-01-16 14:27:21'),
	(2184, '90475', '2018-01-16 14:27:22'),
	(2185, '90476', '2018-01-16 14:27:25'),
	(2186, '90475', '2018-01-16 14:27:29'),
	(2187, '90475', '2018-01-16 14:27:31'),
	(2188, '90475', '2018-01-16 14:27:35'),
	(2189, '90475', '2018-01-16 14:27:36'),
	(2190, '90475', '2018-01-16 14:27:39'),
	(2191, '90475', '2018-01-16 14:27:41'),
	(2193, '90475', '2018-01-16 14:27:46'),
	(2194, '90475', '2018-01-16 14:27:49'),
	(2197, '90475', '2018-01-16 14:27:59'),
	(2198, '90476', '2018-01-16 14:28:02'),
	(2200, '90474', '2018-01-16 14:28:07'),
	(2201, '90476', '2018-01-16 14:28:11'),
	(2204, '90481', '2018-01-16 14:28:16'),
	(2205, '90481', '2018-01-16 14:28:17'),
	(2208, '90481', '2018-01-16 14:28:26'),
	(2211, '90482', '2018-01-16 14:28:34'),
	(2213, '90482', '2018-01-16 14:28:39'),
	(2214, '90481', '2018-01-16 14:28:42'),
	(2217, '90481', '2018-01-16 14:28:49'),
	(2218, '90481', '2018-01-16 14:28:50'),
	(2219, '90481', '2018-01-16 14:28:53'),
	(2220, '90475', '2018-01-16 14:28:57'),
	(2221, '90476', '2018-01-16 14:29:00'),
	(2222, '90474', '2018-01-16 14:29:04'),
	(2223, '90474', '2018-01-16 14:29:05'),
	(2224, '90480', '2018-01-16 14:29:11'),
	(2226, '90480', '2018-01-16 14:29:17'),
	(2227, '90476', '2018-01-16 14:29:18'),
	(2228, '90480', '2018-01-16 14:29:22'),
	(2229, '90480', '2018-01-16 14:29:25'),
	(2230, '90480', '2018-01-16 14:29:30'),
	(2231, '90480', '2018-01-16 14:29:31'),
	(2234, '90480', '2018-01-16 14:29:43'),
	(2235, '90480', '2018-01-16 14:29:46'),
	(2236, '90480', '2018-01-16 14:29:47'),
	(2239, '90481', '2018-01-16 14:29:55'),
	(2240, '90481', '2018-01-16 14:29:58'),
	(2241, '90481', '2018-01-16 14:30:01'),
	(2242, '90481', '2018-01-16 14:30:04'),
	(2247, '90481', '2018-01-16 14:30:15'),
	(2248, '90481', '2018-01-16 14:30:19'),
	(2249, '90474', '2018-01-16 14:30:21'),
	(2251, '90475', '2018-01-16 14:30:24'),
	(2252, '90475', '2018-01-16 14:30:28'),
	(2254, '90475', '2018-01-16 14:30:33'),
	(2256, '90475', '2018-01-16 14:30:36'),
	(2257, '90475', '2018-01-16 14:30:39'),
	(2258, '90474', '2018-01-16 14:30:42'),
	(2263, '90474', '2018-01-16 14:30:53'),
	(2264, '90474', '2018-01-16 14:30:56'),
	(2267, '90474', '2018-01-16 14:31:05'),
	(2269, '90474', '2018-01-16 14:31:11'),
	(2270, '90473', '2018-01-16 14:31:13'),
	(2271, '90469', '2018-01-16 14:31:16'),
	(2272, '90473', '2018-01-16 14:31:19'),
	(2273, '90473', '2018-01-16 14:31:21'),
	(2274, '90474', '2018-01-16 14:31:24'),
	(2275, '90473', '2018-01-16 14:31:25'),
	(2276, '90473', '2018-01-16 14:31:30'),
	(2277, '90473', '2018-01-16 14:31:32'),
	(2278, '90469', '2018-01-16 14:31:35'),
	(2279, '90464', '2018-01-16 14:31:36'),
	(2280, '90464', '2018-01-16 14:31:38'),
	(2281, '90464', '2018-01-16 14:31:43'),
	(2282, '90463', '2018-01-16 14:31:46'),
	(2283, '90463', '2018-01-16 14:31:49'),
	(2285, '90462', '2018-01-16 14:31:54'),
	(2286, '90462', '2018-01-16 14:31:56'),
	(2287, '90466', '2018-01-16 14:31:58'),
	(2288, '90463', '2018-01-16 14:32:02'),
	(2289, '90462', '2018-01-16 14:32:04'),
	(2290, '90461', '2018-01-16 14:32:07'),
	(2291, '90465', '2018-01-16 14:32:10'),
	(2293, '90464', '2018-01-16 14:32:16'),
	(2294, '90464', '2018-01-16 14:32:18'),
	(2295, '90456', '2018-01-16 14:32:21'),
	(2297, '90451', '2018-01-16 14:32:26'),
	(2298, '90450', '2018-01-16 14:32:28'),
	(2299, '90439', '2018-01-16 14:32:31'),
	(2300, '90438', '2018-01-16 14:32:33'),
	(2301, '90428', '2018-01-16 14:32:36'),
	(2302, '90427', '2018-01-16 14:32:38'),
	(2303, '90426', '2018-01-16 14:32:42'),
	(2304, '90426', '2018-01-16 14:32:43'),
	(2305, '90420', '2018-01-16 14:32:46'),
	(2306, '90402', '2018-01-16 14:32:49'),
	(2307, '90402', '2018-01-16 14:32:51'),
	(2308, '90396', '2018-01-16 14:32:55'),
	(2309, '90395', '2018-01-16 14:32:57'),
	(2310, '90391', '2018-01-16 14:33:02'),
	(2311, '90389', '2018-01-16 14:33:05'),
	(2312, '90410', '2018-01-16 14:33:09'),
	(2313, '90409', '2018-01-16 14:33:10'),
	(2314, '90400', '2018-01-16 14:33:15'),
	(2315, '90409', '2018-01-16 14:33:18'),
	(2316, '90409', '2018-01-16 14:33:19'),
	(2317, '90404', '2018-01-16 14:33:22'),
	(2318, '90403', '2018-01-16 14:33:25'),
	(2319, '90407', '2018-01-16 14:33:27'),
	(2320, '90407', '2018-01-16 14:33:30'),
	(2321, '90407', '2018-01-16 14:33:33'),
	(2322, '90406', '2018-01-16 14:33:35'),
	(2323, '90412', '2018-01-16 14:33:39'),
	(2324, '90413', '2018-01-16 14:33:40'),
	(2325, '90414', '2018-01-16 14:33:43'),
	(2326, '90413', '2018-01-16 14:33:50'),
	(2327, '90411', '2018-01-16 14:33:53'),
	(2328, '90415', '2018-01-16 14:33:56'),
	(2330, '90415', '2018-01-16 14:33:59'),
	(2331, '90415', '2018-01-16 14:34:02'),
	(2333, '90422', '2018-01-16 14:34:10'),
	(2334, '90422', '2018-01-16 14:34:12'),
	(2335, '90422', '2018-01-16 14:34:15'),
	(2336, '90430', '2018-01-16 14:34:17'),
	(2337, '90429', '2018-01-16 14:34:19'),
	(2338, '90423', '2018-01-16 14:34:23'),
	(2339, '90419', '2018-01-16 14:34:24'),
	(2340, '90419', '2018-01-16 14:34:27'),
	(2341, '90417', '2018-01-16 14:34:29'),
	(2342, '90413', '2018-01-16 14:34:32'),
	(2344, '90411', '2018-01-16 14:34:37'),
	(2345, '90419', '2018-01-16 14:34:42'),
	(2346, '90418', '2018-01-16 14:34:45'),
	(2347, '90418', '2018-01-16 14:34:48'),
	(2348, '90418', '2018-01-16 14:34:51'),
	(2349, '90424', '2018-01-16 14:34:54'),
	(2350, '90424', '2018-01-16 14:34:55'),
	(2351, '90424', '2018-01-16 14:34:59'),
	(2352, '90419', '2018-01-16 14:35:00'),
	(2353, '90426', '2018-01-16 14:35:03'),
	(2354, '90427', '2018-01-16 14:35:06'),
	(2355, '90427', '2018-01-16 14:35:08'),
	(2356, '90426', '2018-01-16 14:35:12'),
	(2357, '90428', '2018-01-16 14:35:14'),
	(2358, '90432', '2018-01-16 14:35:16'),
	(2359, '90428', '2018-01-16 14:35:17'),
	(2361, '90428', '2018-01-16 14:35:22'),
	(2362, '90428', '2018-01-16 14:35:26'),
	(2363, '90428', '2018-01-16 14:35:28'),
	(2364, '90432', '2018-01-16 14:35:30'),
	(2365, '90421', '2018-01-16 14:35:35'),
	(2366, '90417', '2018-01-16 14:35:37'),
	(2367, '90421', '2018-01-16 14:35:40'),
	(2368, '90421', '2018-01-16 14:35:42'),
	(2370, '90422', '2018-01-16 14:35:48'),
	(2371, '90422', '2018-01-16 14:35:49'),
	(2373, '90422', '2018-01-16 14:35:56'),
	(2374, '90422', '2018-01-16 14:35:57'),
	(2375, '90422', '2018-01-16 14:36:00'),
	(2376, '90426', '2018-01-16 14:36:04'),
	(2379, '90428', '2018-01-16 14:36:12'),
	(2381, '90432', '2018-01-16 14:36:17'),
	(2382, '90428', '2018-01-16 14:36:18'),
	(2384, '90432', '2018-01-16 14:36:24'),
	(2385, '90428', '2018-01-16 14:36:27'),
	(2386, '90426', '2018-01-16 14:36:29'),
	(2387, '90426', '2018-01-16 14:36:31'),
	(2388, '90426', '2018-01-16 14:36:33'),
	(2389, '90427', '2018-01-16 14:36:38'),
	(2390, '90425', '2018-01-16 14:36:41'),
	(2391, '90425', '2018-01-16 14:36:44'),
	(2392, '90424', '2018-01-16 14:36:46'),
	(2393, '90414', '2018-01-16 14:36:51'),
	(2394, '90413', '2018-01-16 14:36:53'),
	(2395, '90412', '2018-01-16 14:36:54'),
	(2396, '90397', '2018-01-16 14:36:57'),
	(2397, '90402', '2018-01-16 14:37:00'),
	(2398, '90407', '2018-01-16 14:37:05'),
	(2399, '90406', '2018-01-16 14:37:08'),
	(2400, '90400', '2018-01-16 14:37:11'),
	(2401, '90405', '2018-01-16 14:37:14'),
	(2402, '90400', '2018-01-16 14:37:17'),
	(2406, '90400', '2018-01-16 14:37:26'),
	(2407, '90396', '2018-01-16 14:37:30'),
	(2408, '90395', '2018-01-16 14:37:34'),
	(2409, '90395', '2018-01-16 14:37:37'),
	(2410, '90394', '2018-01-16 14:37:40'),
	(2411, '90394', '2018-01-16 14:37:42'),
	(2412, '90389', '2018-01-16 14:37:45'),
	(2413, '90390', '2018-01-16 14:37:46'),
	(2414, '90389', '2018-01-16 14:37:50'),
	(2415, '90389', '2018-01-16 14:37:53'),
	(2416, '90389', '2018-01-16 14:37:55'),
	(2417, '90388', '2018-01-16 14:37:57'),
	(2418, '90388', '2018-01-16 14:38:00'),
	(2419, '90388', '2018-01-16 14:38:03'),
	(2420, '90387', '2018-01-16 14:38:05'),
	(2421, '90388', '2018-01-16 14:38:08'),
	(2422, '90389', '2018-01-16 14:38:11'),
	(2423, '90390', '2018-01-16 14:38:13'),
	(2424, '90389', '2018-01-16 14:38:14'),
	(2425, '90394', '2018-01-16 14:38:18'),
	(2426, '90394', '2018-01-16 14:38:21'),
	(2427, '90400', '2018-01-16 14:38:24'),
	(2428, '90404', '2018-01-16 14:38:26'),
	(2429, '90405', '2018-01-16 14:38:29'),
	(2430, '90406', '2018-01-16 14:38:30'),
	(2431, '90411', '2018-01-16 14:38:35'),
	(2432, '90411', '2018-01-16 14:38:39'),
	(2433, '90411', '2018-01-16 14:38:41'),
	(2434, '90411', '2018-01-16 14:38:42'),
	(2435, '90415', '2018-01-16 14:38:45'),
	(2436, '90415', '2018-01-16 14:38:48'),
	(2437, '90415', '2018-01-16 14:38:51'),
	(2438, '90423', '2018-01-16 14:38:53'),
	(2439, '90423', '2018-01-16 14:38:55'),
	(2440, '90422', '2018-01-16 14:39:00'),
	(2441, '90421', '2018-01-16 14:39:02'),
	(2442, '90428', '2018-01-16 14:39:05'),
	(2443, '90424', '2018-01-16 14:39:09'),
	(2444, '90429', '2018-01-16 14:39:14'),
	(2445, '90429', '2018-01-16 14:39:15'),
	(2446, '90423', '2018-01-16 14:39:20'),
	(2447, '90422', '2018-01-16 14:39:25'),
	(2448, '90417', '2018-01-16 14:39:26'),
	(2449, '90410', '2018-01-16 14:39:35'),
	(2450, '90416', '2018-01-16 14:39:37'),
	(2451, '90421', '2018-01-16 14:39:39'),
	(2452, '90421', '2018-01-16 14:39:43'),
	(2453, '90416', '2018-01-16 14:39:46'),
	(2454, '90416', '2018-01-16 14:39:48'),
	(2455, '90420', '2018-01-16 14:39:52'),
	(2456, '90416', '2018-01-16 14:39:55'),
	(2457, '90415', '2018-01-16 14:39:57'),
	(2458, '90415', '2018-01-16 14:39:59'),
	(2459, '90420', '2018-01-16 14:40:02'),
	(2460, '90421', '2018-01-16 14:40:05'),
	(2461, '90423', '2018-01-16 14:40:07'),
	(2462, '90423', '2018-01-16 14:40:10'),
	(2463, '90423', '2018-01-16 14:40:11'),
	(2464, '90423', '2018-01-16 14:40:14'),
	(2465, '90419', '2018-01-16 14:40:18'),
	(2466, '90418', '2018-01-16 14:40:19'),
	(2467, '90418', '2018-01-16 14:40:23'),
	(2468, '90418', '2018-01-16 14:40:26'),
	(2469, '90405', '2018-01-16 14:40:28'),
	(2470, '90405', '2018-01-16 14:40:29'),
	(2471, '90405', '2018-01-16 14:40:32'),
	(2472, '90405', '2018-01-16 14:40:35'),
	(2474, '90405', '2018-01-16 14:40:41'),
	(2475, '90406', '2018-01-16 14:40:43'),
	(2476, '90399', '2018-01-16 14:40:46'),
	(2477, '90405', '2018-01-16 14:40:48'),
	(2478, '90405', '2018-01-16 14:40:51'),
	(2479, '90405', '2018-01-16 14:40:52'),
	(2481, '90406', '2018-01-16 14:41:01'),
	(2484, '90406', '2018-01-16 14:41:08'),
	(2485, '90411', '2018-01-16 14:41:11'),
	(2486, '90406', '2018-01-16 14:41:13'),
	(2487, '90404', '2018-01-16 14:41:15'),
	(2488, '90404', '2018-01-16 14:41:17'),
	(2489, '90398', '2018-01-16 14:41:22'),
	(2490, '90388', '2018-01-16 14:41:25'),
	(2491, '90389', '2018-01-16 14:41:27'),
	(2492, '90389', '2018-01-16 14:41:30'),
	(2493, '90393', '2018-01-16 14:41:33'),
	(2494, '90388', '2018-01-16 14:41:35'),
	(2495, '90388', '2018-01-16 14:41:37'),
	(2496, '90393', '2018-01-16 14:41:39'),
	(2497, '90394', '2018-01-16 14:41:43'),
	(2498, '90399', '2018-01-16 14:41:45'),
	(2499, '90399', '2018-01-16 14:41:49'),
	(2500, '90394', '2018-01-16 14:41:50'),
	(2502, '90394', '2018-01-16 14:41:57'),
	(2503, '90399', '2018-01-16 14:41:59'),
	(2505, '90400', '2018-01-16 14:42:04'),
	(2506, '90405', '2018-01-16 14:42:07'),
	(2508, '90406', '2018-01-16 14:42:11'),
	(2509, '90406', '2018-01-16 14:42:13'),
	(2512, '90406', '2018-01-16 14:42:21'),
	(2514, '90407', '2018-01-16 14:42:27'),
	(2515, '90408', '2018-01-16 14:42:29'),
	(2517, '90408', '2018-01-16 14:42:35'),
	(2518, '90408', '2018-01-16 14:42:38'),
	(2519, '90413', '2018-01-16 14:42:41'),
	(2521, '90414', '2018-01-16 14:42:46'),
	(2523, '90418', '2018-01-16 14:42:53'),
	(2524, '90417', '2018-01-16 14:42:55'),
	(2525, '90414', '2018-01-16 14:42:58'),
	(2526, '90419', '2018-01-16 14:43:01'),
	(2527, '90419', '2018-01-16 14:43:03'),
	(2528, '90419', '2018-01-16 14:43:05'),
	(2531, '90419', '2018-01-16 14:43:14'),
	(2532, '90419', '2018-01-16 14:43:16'),
	(2533, '90419', '2018-01-16 14:43:19'),
	(2534, '90420', '2018-01-16 14:43:22'),
	(2535, '90425', '2018-01-16 14:43:25'),
	(2536, '90421', '2018-01-16 14:43:29'),
	(2537, '90425', '2018-01-16 14:43:32'),
	(2539, '90425', '2018-01-16 14:43:37'),
	(2540, '90426', '2018-01-16 14:43:39'),
	(2541, '90431', '2018-01-16 14:43:42'),
	(2542, '90432', '2018-01-16 14:43:43'),
	(2543, '90438', '2018-01-16 14:43:48'),
	(2544, '90439', '2018-01-16 14:43:51'),
	(2545, '90440', '2018-01-16 14:43:54'),
	(2546, '90434', '2018-01-16 14:43:58'),
	(2547, '90439', '2018-01-16 14:44:00'),
	(2548, '90432', '2018-01-16 14:44:03'),
	(2549, '90427', '2018-01-16 14:44:06'),
	(2550, '90428', '2018-01-16 14:44:09'),
	(2551, '90432', '2018-01-16 14:44:11'),
	(2552, '90427', '2018-01-16 14:44:14'),
	(2553, '90427', '2018-01-16 14:44:18'),
	(2554, '90426', '2018-01-16 14:44:23'),
	(2555, '90426', '2018-01-16 14:44:25'),
	(2556, '90427', '2018-01-16 14:44:27'),
	(2557, '90427', '2018-01-16 14:44:32'),
	(2558, '90427', '2018-01-16 14:44:35'),
	(2559, '90427', '2018-01-16 14:44:38'),
	(2561, '90423', '2018-01-16 14:44:43'),
	(2562, '90423', '2018-01-16 14:44:48'),
	(2565, '90428', '2018-01-16 14:44:58'),
	(2566, '90429', '2018-01-16 14:45:00'),
	(2567, '90434', '2018-01-16 14:45:03'),
	(2568, '90434', '2018-01-16 14:45:06'),
	(2570, '90429', '2018-01-16 14:45:11'),
	(2571, '90423', '2018-01-16 14:45:14'),
	(2572, '90423', '2018-01-16 14:45:16'),
	(2573, '90422', '2018-01-16 14:45:20'),
	(2574, '90427', '2018-01-16 14:45:23'),
	(2575, '90428', '2018-01-16 14:45:24'),
	(2577, '90428', '2018-01-16 14:45:30'),
	(2578, '90429', '2018-01-16 14:45:33'),
	(2579, '90429', '2018-01-16 14:45:37'),
	(2580, '90429', '2018-01-16 14:45:38'),
	(2582, '90433', '2018-01-16 14:45:43'),
	(2583, '90434', '2018-01-16 14:45:44'),
	(2584, '90434', '2018-01-16 14:45:49'),
	(2586, '90434', '2018-01-16 14:45:54'),
	(2587, '90429', '2018-01-16 14:45:57'),
	(2588, '90428', '2018-01-16 14:46:02'),
	(2592, '90428', '2018-01-16 14:46:18'),
	(2593, '90428', '2018-01-16 14:46:21'),
	(2595, '90423', '2018-01-16 14:46:25'),
	(2596, '90423', '2018-01-16 14:46:29'),
	(2597, '90426', '2018-01-16 14:46:31'),
	(2598, '90427', '2018-01-16 14:46:34'),
	(2599, '90426', '2018-01-16 14:46:37'),
	(2600, '90426', '2018-01-16 14:46:39'),
	(2601, '90426', '2018-01-16 14:46:43'),
	(2603, '90427', '2018-01-16 14:46:48'),
	(2604, '90432', '2018-01-16 14:46:51'),
	(2605, '90433', '2018-01-16 14:46:52'),
	(2609, '90433', '2018-01-16 14:47:01'),
	(2610, '90433', '2018-01-16 14:47:05'),
	(2611, '90433', '2018-01-16 14:47:07'),
	(2612, '90433', '2018-01-16 14:47:09'),
	(2613, '90433', '2018-01-16 14:47:13'),
	(2614, '90438', '2018-01-16 14:47:16'),
	(2615, '90444', '2018-01-16 14:47:18'),
	(2616, '90440', '2018-01-16 14:47:21'),
	(2617, '90440', '2018-01-16 14:47:23'),
	(2618, '90441', '2018-01-16 14:47:27'),
	(2619, '90445', '2018-01-16 14:47:32'),
	(2620, '90447', '2018-01-16 14:47:34'),
	(2622, '90451', '2018-01-16 14:47:42'),
	(2624, '90451', '2018-01-16 14:47:50'),
	(2625, '90451', '2018-01-16 14:47:52'),
	(2626, '90461', '2018-01-16 14:47:54'),
	(2627, '90447', '2018-01-16 14:47:58'),
	(2628, '90452', '2018-01-16 14:48:02'),
	(2629, '90456', '2018-01-16 14:48:05'),
	(2630, '90456', '2018-01-16 14:48:08'),
	(2631, '90456', '2018-01-16 14:48:10'),
	(2632, '90456', '2018-01-16 14:48:15'),
	(2633, '90456', '2018-01-16 14:48:18'),
	(2634, '90452', '2018-01-16 14:48:20'),
	(2635, '90452', '2018-01-16 14:48:21'),
	(2636, '90452', '2018-01-16 14:48:24'),
	(2637, '90456', '2018-01-16 14:48:27'),
	(2638, '90451', '2018-01-16 14:48:30'),
	(2640, '90451', '2018-01-16 14:48:36'),
	(2642, '90452', '2018-01-16 14:48:43'),
	(2643, '90451', '2018-01-16 14:48:45'),
	(2644, '90446', '2018-01-16 14:48:48'),
	(2645, '90446', '2018-01-16 14:48:55'),
	(2646, '90451', '2018-01-16 14:48:57'),
	(2647, '90452', '2018-01-16 14:48:59'),
	(2648, '90452', '2018-01-16 14:49:01'),
	(2649, '90451', '2018-01-16 14:49:06'),
	(2650, '90452', '2018-01-16 14:49:08'),
	(2651, '90451', '2018-01-16 14:49:10'),
	(2653, '90452', '2018-01-16 14:49:18'),
	(2654, '90451', '2018-01-16 14:49:21'),
	(2655, '90452', '2018-01-16 14:49:22'),
	(2656, '90446', '2018-01-16 14:49:26'),
	(2658, '90447', '2018-01-16 14:49:30'),
	(2659, '90452', '2018-01-16 14:49:32'),
	(2660, '90452', '2018-01-16 14:49:36'),
	(2662, '90452', '2018-01-16 14:49:40'),
	(2663, '90452', '2018-01-16 14:49:42'),
	(2668, '90450', '2018-01-16 14:49:56'),
	(2669, '90450', '2018-01-16 14:49:57'),
	(2671, '90446', '2018-01-16 14:50:05'),
	(2673, '90447', '2018-01-16 14:50:09'),
	(2678, '90447', '2018-01-16 14:50:25'),
	(2679, '90447', '2018-01-16 14:50:26'),
	(2682, '90452', '2018-01-16 14:50:36'),
	(2683, '90452', '2018-01-16 14:50:38'),
	(2684, '90457', '2018-01-16 14:50:41'),
	(2685, '90452', '2018-01-16 14:50:45'),
	(2686, '90452', '2018-01-16 14:50:46'),
	(2687, '90452', '2018-01-16 14:50:49'),
	(2688, '90457', '2018-01-16 14:50:53'),
	(2690, '90463', '2018-01-16 14:50:59'),
	(2691, '90457', '2018-01-16 14:51:01'),
	(2692, '90456', '2018-01-16 14:51:04'),
	(2693, '90452', '2018-01-16 14:51:07'),
	(2694, '90457', '2018-01-16 14:51:10'),
	(2695, '90451', '2018-01-16 14:51:14'),
	(2696, '90451', '2018-01-16 14:51:16'),
	(2700, '90457', '2018-01-16 14:51:31'),
	(2701, '90457', '2018-01-16 14:51:34'),
	(2702, '90457', '2018-01-16 14:51:37'),
	(2703, '90462', '2018-01-16 14:51:41'),
	(2704, '90462', '2018-01-16 14:51:44'),
	(2705, '90457', '2018-01-16 14:51:46'),
	(2706, '90457', '2018-01-16 14:51:51'),
	(2708, '90463', '2018-01-16 14:51:55'),
	(2709, '90459', '2018-01-16 14:51:58'),
	(2710, '90459', '2018-01-16 14:52:00'),
	(2714, '90458', '2018-01-16 14:52:10'),
	(2715, '90451', '2018-01-16 14:52:14'),
	(2716, '90456', '2018-01-16 14:52:22'),
	(2717, '90456', '2018-01-16 14:52:24'),
	(2718, '90457', '2018-01-16 14:52:27'),
	(2719, '90456', '2018-01-16 14:52:31'),
	(2720, '90456', '2018-01-16 14:52:34'),
	(2723, '90456', '2018-01-16 14:52:43'),
	(2724, '90456', '2018-01-16 14:52:45'),
	(2725, '90457', '2018-01-16 14:52:53'),
	(2727, '90457', '2018-01-16 14:52:59'),
	(2729, '90458', '2018-01-16 14:53:06'),
	(2730, '90457', '2018-01-16 14:53:07'),
	(2731, '90458', '2018-01-16 14:53:12'),
	(2734, '90458', '2018-01-16 14:53:20'),
	(2735, '90450', '2018-01-16 14:53:23'),
	(2737, '90450', '2018-01-16 14:53:28'),
	(2738, '90451', '2018-01-16 14:53:32'),
	(2739, '90450', '2018-01-16 14:53:35'),
	(2740, '90450', '2018-01-16 14:53:39'),
	(2741, '90450', '2018-01-16 14:53:41'),
	(2743, '90451', '2018-01-16 14:53:47'),
	(2744, '90450', '2018-01-16 14:53:49'),
	(2749, '90451', '2018-01-16 14:54:03'),
	(2750, '90456', '2018-01-16 14:54:05'),
	(2751, '90456', '2018-01-16 14:54:07'),
	(2753, '90455', '2018-01-16 14:54:15'),
	(2756, '90455', '2018-01-16 14:54:21'),
	(2758, '90455', '2018-01-16 14:54:27'),
	(2764, '90455', '2018-01-16 14:54:42'),
	(2765, '90460', '2018-01-16 14:54:44'),
	(2766, '90460', '2018-01-16 14:54:47'),
	(2767, '90460', '2018-01-16 14:54:49'),
	(2768, '90460', '2018-01-16 14:54:52'),
	(2771, '90460', '2018-01-16 14:54:59'),
	(2772, '90460', '2018-01-16 14:55:00'),
	(2776, '90459', '2018-01-16 14:55:11'),
	(2777, '90455', '2018-01-16 14:55:14'),
	(2778, '90460', '2018-01-16 14:55:16'),
	(2779, '90461', '2018-01-16 14:55:20'),
	(2781, '90461', '2018-01-16 14:55:23'),
	(2786, '90461', '2018-01-16 14:55:40'),
	(2788, '90461', '2018-01-16 14:55:45'),
	(2791, '90462', '2018-01-16 14:55:51'),
	(2793, '90462', '2018-01-16 14:55:58'),
	(2794, '90461', '2018-01-16 14:56:01'),
	(2795, '90461', '2018-01-16 14:56:03'),
	(2796, '90461', '2018-01-16 14:56:05'),
	(2797, '90461', '2018-01-16 14:56:06'),
	(2798, '90461', '2018-01-16 14:56:10'),
	(2799, '90461', '2018-01-16 14:56:11'),
	(2800, '90466', '2018-01-16 14:56:15'),
	(2802, '90466', '2018-01-16 14:56:21'),
	(2806, '90466', '2018-01-16 14:56:30'),
	(2807, '90466', '2018-01-16 14:56:34'),
	(2808, '90466', '2018-01-16 14:56:35'),
	(2810, '90465', '2018-01-16 14:56:41'),
	(2811, '90460', '2018-01-16 14:56:45'),
	(2812, '90460', '2018-01-16 14:56:47'),
	(2813, '90458', '2018-01-16 14:56:49'),
	(2814, '90459', '2018-01-16 14:56:51'),
	(2815, '90458', '2018-01-16 14:56:53'),
	(2818, '90458', '2018-01-16 14:57:02'),
	(2820, '90458', '2018-01-16 14:57:07'),
	(2822, '90457', '2018-01-16 14:57:13'),
	(2826, '90458', '2018-01-16 14:57:23'),
	(2827, '90462', '2018-01-16 14:57:26'),
	(2828, '90463', '2018-01-16 14:57:28'),
	(2829, '90464', '2018-01-16 14:57:30'),
	(2831, '90464', '2018-01-16 14:57:35'),
	(2832, '90463', '2018-01-16 14:57:38'),
	(2833, '90465', '2018-01-16 14:57:40'),
	(2834, '90465', '2018-01-16 14:57:44'),
	(2835, '90465', '2018-01-16 14:57:45'),
	(2836, '90464', '2018-01-16 14:57:48'),
	(2837, '90465', '2018-01-16 14:57:50'),
	(2838, '90465', '2018-01-16 14:57:52'),
	(2839, '90465', '2018-01-16 14:57:56'),
	(2840, '90466', '2018-01-16 14:57:59'),
	(2842, '90465', '2018-01-16 14:58:03'),
	(2845, '90467', '2018-01-16 14:58:11'),
	(2846, '90473', '2018-01-16 14:58:14'),
	(2849, '90473', '2018-01-16 14:58:19'),
	(2851, '90468', '2018-01-16 14:58:25'),
	(2852, '90468', '2018-01-16 14:58:28'),
	(2853, '90468', '2018-01-16 14:58:30'),
	(2854, '90473', '2018-01-16 14:58:32'),
	(2855, '90473', '2018-01-16 14:58:33'),
	(2856, '90468', '2018-01-16 14:58:37'),
	(2857, '90473', '2018-01-16 14:58:40'),
	(2859, '90473', '2018-01-16 14:58:45'),
	(2860, '90473', '2018-01-16 14:58:47'),
	(2862, '90473', '2018-01-16 14:58:52'),
	(2867, '90473', '2018-01-16 14:59:05'),
	(2868, '90473', '2018-01-16 14:59:08'),
	(2869, '90468', '2018-01-16 14:59:10'),
	(2870, '90468', '2018-01-16 14:59:13'),
	(2873, '90468', '2018-01-16 14:59:20'),
	(2874, '90473', '2018-01-16 14:59:22'),
	(2878, '90469', '2018-01-16 14:59:32'),
	(2879, '90469', '2018-01-16 14:59:33'),
	(2881, '90474', '2018-01-16 14:59:39'),
	(2883, '90474', '2018-01-16 14:59:43'),
	(2884, '90466', '2018-01-16 14:59:48'),
	(2885, '90471', '2018-01-16 14:59:51'),
	(2886, '90470', '2018-01-16 14:59:53'),
	(2888, '90476', '2018-01-16 14:59:57'),
	(2889, '90476', '2018-01-16 15:00:00'),
	(2890, '90472', '2018-01-16 15:00:03'),
	(2891, '90470', '2018-01-16 15:00:06'),
	(2892, '90475', '2018-01-16 15:00:09'),
	(2893, '90474', '2018-01-16 15:00:11'),
	(2894, '90474', '2018-01-16 15:00:14'),
	(2895, '90474', '2018-01-16 15:00:19'),
	(2899, '90473', '2018-01-16 15:00:27'),
	(2900, '90473', '2018-01-16 15:00:30'),
	(2901, '90477', '2018-01-16 15:00:33'),
	(2903, '90477', '2018-01-16 15:00:37'),
	(2904, '90478', '2018-01-16 15:00:40'),
	(2905, '90478', '2018-01-16 15:00:41'),
	(2906, '90477', '2018-01-16 15:00:46'),
	(2908, '90476', '2018-01-16 15:00:52'),
	(2909, '90477', '2018-01-16 15:00:55'),
	(2911, '90476', '2018-01-16 15:00:59'),
	(2912, '90470', '2018-01-16 15:01:01'),
	(2913, '90470', '2018-01-16 15:01:04'),
	(2914, '90474', '2018-01-16 15:01:05'),
	(2915, '90471', '2018-01-16 15:01:09'),
	(2916, '90474', '2018-01-16 15:01:11'),
	(2917, '90469', '2018-01-16 15:01:13'),
	(2918, '90474', '2018-01-16 15:01:17'),
	(2919, '90474', '2018-01-16 15:01:19'),
	(2920, '90474', '2018-01-16 15:01:20'),
	(2922, '90474', '2018-01-16 15:01:26'),
	(2923, '90475', '2018-01-16 15:01:28'),
	(2924, '90475', '2018-01-16 15:01:36'),
	(2925, '90479', '2018-01-16 15:01:39'),
	(2926, '90479', '2018-01-16 15:01:41'),
	(2927, '90475', '2018-01-16 15:01:44'),
	(2928, '90475', '2018-01-16 15:01:47'),
	(2929, '90501', '2018-01-16 15:01:49'),
	(2930, '90496', '2018-01-16 15:01:52'),
	(2931, '90491', '2018-01-16 15:01:55'),
	(2932, '90492', '2018-01-16 15:01:57'),
	(2934, '90492', '2018-01-16 15:02:03'),
	(2935, '90497', '2018-01-16 15:02:05'),
	(2936, '90498', '2018-01-16 15:02:08'),
	(2937, '90498', '2018-01-16 15:02:11'),
	(2939, '90500', '2018-01-16 15:02:15'),
	(2940, '90499', '2018-01-16 15:02:17'),
	(2941, '90500', '2018-01-16 15:02:19'),
	(2942, '90499', '2018-01-16 15:02:23'),
	(2944, '90495', '2018-01-16 15:02:27'),
	(2945, '90491', '2018-01-16 15:02:31'),
	(2946, '90484', '2018-01-16 15:02:33'),
	(2947, '90489', '2018-01-16 15:02:35'),
	(2948, '90490', '2018-01-16 15:02:38'),
	(2949, '90490', '2018-01-16 15:02:40'),
	(2951, '90490', '2018-01-16 15:02:46'),
	(2952, '90492', '2018-01-16 15:02:49'),
	(2953, '90492', '2018-01-16 15:02:50'),
	(2956, '90498', '2018-01-16 15:02:59'),
	(2957, '90498', '2018-01-16 15:03:00'),
	(2958, '90498', '2018-01-16 15:03:02'),
	(2959, '90498', '2018-01-16 15:03:06'),
	(2964, '90498', '2018-01-16 15:03:17'),
	(2965, '90498', '2018-01-16 15:03:21'),
	(2966, '90498', '2018-01-16 15:03:23'),
	(2967, '90499', '2018-01-16 15:03:25'),
	(2968, '90499', '2018-01-16 15:03:28'),
	(2969, '90499', '2018-01-16 15:03:33'),
	(2970, '90498', '2018-01-16 15:03:34'),
	(2972, '90499', '2018-01-16 15:03:39'),
	(2974, '90498', '2018-01-16 15:03:45'),
	(2975, '90498', '2018-01-16 15:03:48'),
	(2976, '90498', '2018-01-16 15:03:49'),
	(2979, '90500', '2018-01-16 15:04:00'),
	(2980, '90501', '2018-01-16 15:04:02'),
	(2981, '90506', '2018-01-16 15:04:05'),
	(2982, '90506', '2018-01-16 15:04:07'),
	(2983, '90505', '2018-01-16 15:04:09'),
	(2984, '90505', '2018-01-16 15:04:12'),
	(2985, '90506', '2018-01-16 15:04:15'),
	(2986, '90502', '2018-01-16 15:04:17'),
	(2989, '90506', '2018-01-16 15:04:24'),
	(2990, '90510', '2018-01-16 15:04:27'),
	(2991, '90511', '2018-01-16 15:04:30'),
	(2992, '90506', '2018-01-16 15:04:33'),
	(2994, '90505', '2018-01-16 15:04:38'),
	(2995, '90500', '2018-01-16 15:04:41'),
	(2997, '90500', '2018-01-16 15:04:44'),
	(2998, '90500', '2018-01-16 15:04:49'),
	(3000, '90498', '2018-01-16 15:04:55'),
	(3001, '90498', '2018-01-16 15:04:58'),
	(3002, '90498', '2018-01-16 15:05:00'),
	(3003, '90503', '2018-01-16 15:05:03'),
	(3004, '90505', '2018-01-16 15:05:05'),
	(3005, '90504', '2018-01-16 15:05:06'),
	(3008, '90503', '2018-01-16 15:05:15'),
	(3009, '90504', '2018-01-16 15:05:18'),
	(3010, '90505', '2018-01-16 15:05:20'),
	(3011, '90505', '2018-01-16 15:05:23'),
	(3012, '90506', '2018-01-16 15:05:26'),
	(3014, '90506', '2018-01-16 15:05:31'),
	(3015, '90499', '2018-01-16 15:05:33'),
	(3016, '90498', '2018-01-16 15:05:35'),
	(3017, '90494', '2018-01-16 15:05:38'),
	(3018, '90493', '2018-01-16 15:05:41'),
	(3019, '90493', '2018-01-16 15:05:42'),
	(3020, '90488', '2018-01-16 15:05:46'),
	(3021, '90487', '2018-01-16 15:05:48'),
	(3022, '90487', '2018-01-16 15:05:50'),
	(3023, '90487', '2018-01-16 15:05:53'),
	(3024, '90487', '2018-01-16 15:05:55'),
	(3025, '90487', '2018-01-16 15:05:57'),
	(3026, '90487', '2018-01-16 15:06:00'),
	(3027, '90487', '2018-01-16 15:06:04'),
	(3029, '90487', '2018-01-16 15:06:08'),
	(3032, '90483', '2018-01-16 15:06:17'),
	(3034, '90483', '2018-01-16 15:06:22'),
	(3035, '90483', '2018-01-16 15:06:25'),
	(3036, '90487', '2018-01-16 15:06:27'),
	(3037, '90493', '2018-01-16 15:06:29'),
	(3038, '90488', '2018-01-16 15:06:30'),
	(3040, '90484', '2018-01-16 15:06:37'),
	(3041, '90488', '2018-01-16 15:06:39'),
	(3042, '90488', '2018-01-16 15:06:41'),
	(3043, '90484', '2018-01-16 15:06:45'),
	(3044, '90484', '2018-01-16 15:06:47'),
	(3045, '90483', '2018-01-16 15:06:49'),
	(3046, '90483', '2018-01-16 15:06:53'),
	(3047, '90482', '2018-01-16 15:06:54'),
	(3048, '90493', '2018-01-16 15:06:58'),
	(3049, '90493', '2018-01-16 15:07:00'),
	(3050, '90493', '2018-01-16 15:07:02'),
	(3051, '90498', '2018-01-16 15:07:05'),
	(3052, '90497', '2018-01-16 15:07:08'),
	(3053, '90509', '2018-01-16 15:07:11'),
	(3054, '90514', '2018-01-16 15:07:14'),
	(3055, '90514', '2018-01-16 15:07:17'),
	(3056, '90512', '2018-01-16 15:07:19'),
	(3057, '90512', '2018-01-16 15:07:23'),
	(3058, '90512', '2018-01-16 15:07:25'),
	(3059, '90513', '2018-01-16 15:07:28'),
	(3060, '90513', '2018-01-16 15:07:31'),
	(3061, '90524', '2018-01-16 15:07:34'),
	(3062, '90542', '2018-01-16 15:07:37'),
	(3063, '90550', '2018-01-16 15:07:39'),
	(3064, '90561', '2018-01-16 15:07:42'),
	(3065, '90544', '2018-01-16 15:07:45'),
	(3066, '90554', '2018-01-16 15:07:48'),
	(3067, '90561', '2018-01-16 15:07:55'),
	(3068, '90567', '2018-01-16 15:07:57'),
	(3069, '90576', '2018-01-16 15:08:00'),
	(3070, '90587', '2018-01-16 15:08:03'),
	(3071, '90582', '2018-01-16 15:08:05'),
	(3072, '90586', '2018-01-16 15:08:08'),
	(3073, '90604', '2018-01-16 15:08:12'),
	(3074, '90632', '2018-01-16 15:08:15'),
	(3075, '90638', '2018-01-16 15:08:17'),
	(3076, '90648', '2018-01-16 15:08:20'),
	(3077, '90669', '2018-01-16 15:08:23'),
	(3078, '90671', '2018-01-16 15:08:25'),
	(3079, '90670', '2018-01-16 15:08:28'),
	(3080, '90667', '2018-01-16 15:08:30'),
	(3081, '90667', '2018-01-16 15:08:33'),
	(3082, '90658', '2018-01-16 15:08:35'),
	(3083, '90658', '2018-01-16 15:08:38'),
	(3084, '90658', '2018-01-16 15:08:41'),
	(3085, '90654', '2018-01-16 15:08:43'),
	(3086, '90658', '2018-01-16 15:08:45'),
	(3087, '90652', '2018-01-16 15:08:48'),
	(3088, '90641', '2018-01-16 15:08:50'),
	(3089, '90619', '2018-01-16 15:08:53'),
	(3090, '90624', '2018-01-16 15:08:56'),
	(3091, '90623', '2018-01-16 15:08:59'),
	(3092, '90610', '2018-01-16 15:09:01'),
	(3093, '90619', '2018-01-16 15:09:04'),
	(3094, '90622', '2018-01-16 15:09:07'),
	(3095, '90625', '2018-01-16 15:09:11'),
	(3096, '90624', '2018-01-16 15:09:13'),
	(3097, '90621', '2018-01-16 15:09:16'),
	(3098, '90618', '2018-01-16 15:09:18'),
	(3099, '90629', '2018-01-16 15:09:21'),
	(3100, '90629', '2018-01-16 15:09:23'),
	(3101, '90634', '2018-01-16 15:09:26'),
	(3102, '90634', '2018-01-16 15:09:28'),
	(3103, '90634', '2018-01-16 15:09:31'),
	(3104, '90639', '2018-01-16 15:09:33'),
	(3105, '90650', '2018-01-16 15:09:36'),
	(3106, '90646', '2018-01-16 15:09:39'),
	(3107, '90652', '2018-01-16 15:09:42'),
	(3108, '90653', '2018-01-16 15:09:45'),
	(3109, '90662', '2018-01-16 15:09:47'),
	(3110, '90661', '2018-01-16 15:09:50'),
	(3111, '90656', '2018-01-16 15:09:53'),
	(3112, '90668', '2018-01-16 15:09:56'),
	(3113, '90666', '2018-01-16 15:09:58'),
	(3114, '90656', '2018-01-16 15:10:01'),
	(3115, '90659', '2018-01-16 15:10:03'),
	(3116, '90665', '2018-01-16 15:10:07'),
	(3117, '90665', '2018-01-16 15:10:10'),
	(3118, '90666', '2018-01-16 15:10:14'),
	(3119, '90667', '2018-01-16 15:10:17'),
	(3120, '90662', '2018-01-16 15:10:20'),
	(3121, '90657', '2018-01-16 15:10:23'),
	(3122, '90661', '2018-01-16 15:10:26'),
	(3123, '90662', '2018-01-16 15:10:28'),
	(3124, '90662', '2018-01-16 15:10:31'),
	(3125, '90661', '2018-01-16 15:10:34'),
	(3126, '90671', '2018-01-16 15:10:40'),
	(3127, '90672', '2018-01-16 15:10:43'),
	(3128, '90682', '2018-01-16 15:10:48'),
	(3129, '90687', '2018-01-16 15:10:51'),
	(3130, '90687', '2018-01-16 15:10:55'),
	(3131, '90682', '2018-01-16 15:10:58'),
	(3132, '90676', '2018-01-16 15:11:00'),
	(3133, '90681', '2018-01-16 15:11:03'),
	(3134, '90681', '2018-01-16 15:11:05'),
	(3135, '90690', '2018-01-16 15:11:08'),
	(3136, '90711', '2018-01-16 15:11:12'),
	(3137, '90701', '2018-01-16 15:11:15'),
	(3138, '90708', '2018-01-16 15:11:17'),
	(3139, '90720', '2018-01-16 15:11:21'),
	(3140, '90719', '2018-01-16 15:11:23'),
	(3141, '90724', '2018-01-16 15:11:26'),
	(3142, '90720', '2018-01-16 15:11:28'),
	(3143, '90713', '2018-01-16 15:11:31'),
	(3144, '90705', '2018-01-16 15:11:33'),
	(3145, '90689', '2018-01-16 15:11:38'),
	(3146, '90705', '2018-01-16 15:11:40'),
	(3147, '90699', '2018-01-16 15:11:44'),
	(3148, '90700', '2018-01-16 15:11:50'),
	(3149, '90695', '2018-01-16 15:11:53'),
	(3150, '90696', '2018-01-16 15:11:56'),
	(3151, '90704', '2018-01-16 15:12:00'),
	(3152, '90702', '2018-01-16 15:12:02'),
	(3153, '90690', '2018-01-16 15:12:05'),
	(3154, '90689', '2018-01-16 15:12:07'),
	(3155, '90686', '2018-01-16 15:12:12'),
	(3156, '90686', '2018-01-16 15:12:14'),
	(3157, '90696', '2018-01-16 15:12:17'),
	(3158, '90692', '2018-01-16 15:12:20'),
	(3159, '90692', '2018-01-16 15:12:23'),
	(3160, '90692', '2018-01-16 15:12:25'),
	(3161, '90690', '2018-01-16 15:12:27'),
	(3162, '90690', '2018-01-16 15:12:30'),
	(3163, '90690', '2018-01-16 15:12:32'),
	(3164, '90686', '2018-01-16 15:12:35'),
	(3165, '90686', '2018-01-16 15:12:37'),
	(3166, '90680', '2018-01-16 15:12:39'),
	(3167, '90675', '2018-01-16 15:12:46'),
	(3168, '90681', '2018-01-16 15:12:51'),
	(3169, '90675', '2018-01-16 15:12:53'),
	(3170, '90675', '2018-01-16 15:12:55'),
	(3171, '90674', '2018-01-16 15:12:58'),
	(3172, '90656', '2018-01-16 15:13:02'),
	(3173, '90652', '2018-01-16 15:13:05'),
	(3174, '90652', '2018-01-16 15:13:07'),
	(3175, '90631', '2018-01-16 15:13:12'),
	(3176, '90625', '2018-01-16 15:13:14'),
	(3177, '90624', '2018-01-16 15:13:17'),
	(3178, '90635', '2018-01-16 15:13:18'),
	(3179, '90624', '2018-01-16 15:13:22'),
	(3180, '90630', '2018-01-16 15:13:24'),
	(3181, '90627', '2018-01-16 15:13:26'),
	(3182, '90625', '2018-01-16 15:13:30'),
	(3183, '90621', '2018-01-16 15:13:32'),
	(3184, '90621', '2018-01-16 15:13:36'),
	(3185, '90621', '2018-01-16 15:13:38'),
	(3186, '90631', '2018-01-16 15:13:41'),
	(3187, '90635', '2018-01-16 15:13:44'),
	(3188, '90630', '2018-01-16 15:13:46'),
	(3189, '90630', '2018-01-16 15:13:49'),
	(3190, '90637', '2018-01-16 15:13:52'),
	(3191, '90635', '2018-01-16 15:13:55'),
	(3192, '90637', '2018-01-16 15:13:57'),
	(3193, '90642', '2018-01-16 15:14:01'),
	(3194, '90648', '2018-01-16 15:14:04'),
	(3195, '90644', '2018-01-16 15:14:05'),
	(3196, '90649', '2018-01-16 15:14:10'),
	(3197, '90647', '2018-01-16 15:14:12'),
	(3198, '90653', '2018-01-16 15:14:15'),
	(3199, '90650', '2018-01-16 15:14:18'),
	(3200, '90648', '2018-01-16 15:14:20'),
	(3201, '90649', '2018-01-16 15:14:23'),
	(3202, '90650', '2018-01-16 15:14:25'),
	(3203, '90637', '2018-01-16 15:14:29'),
	(3204, '90637', '2018-01-16 15:14:31'),
	(3205, '90631', '2018-01-16 15:14:34'),
	(3206, '90625', '2018-01-16 15:14:36'),
	(3207, '90632', '2018-01-16 15:14:39'),
	(3208, '90631', '2018-01-16 15:14:41'),
	(3209, '90631', '2018-01-16 15:14:44'),
	(3210, '90631', '2018-01-16 15:14:46'),
	(3211, '90636', '2018-01-16 15:14:49'),
	(3212, '90637', '2018-01-16 15:14:51'),
	(3213, '90647', '2018-01-16 15:14:55'),
	(3214, '90657', '2018-01-16 15:14:57'),
	(3215, '90668', '2018-01-16 15:15:01'),
	(3216, '90687', '2018-01-16 15:15:03'),
	(3217, '90691', '2018-01-16 15:15:05'),
	(3218, '90690', '2018-01-16 15:15:09'),
	(3219, '90684', '2018-01-16 15:15:12'),
	(3220, '90691', '2018-01-16 15:15:14'),
	(3221, '90691', '2018-01-16 15:15:17'),
	(3222, '90684', '2018-01-16 15:15:21'),
	(3223, '90673', '2018-01-16 15:15:26'),
	(3224, '90658', '2018-01-16 15:15:35'),
	(3225, '90643', '2018-01-16 15:15:41'),
	(3226, '90647', '2018-01-16 15:15:46'),
	(3227, '90663', '2018-01-16 15:15:50'),
	(3228, '90657', '2018-01-16 15:15:55'),
	(3229, '90658', '2018-01-16 15:15:58'),
	(3230, '90660', '2018-01-16 15:16:02'),
	(3231, '90667', '2018-01-16 15:16:10'),
	(3232, '90667', '2018-01-16 15:16:12'),
	(3233, '90668', '2018-01-16 15:16:14'),
	(3234, '90669', '2018-01-16 15:16:20'),
	(3235, '90666', '2018-01-16 15:16:24'),
	(3236, '90655', '2018-01-16 15:16:27'),
	(3237, '90650', '2018-01-16 15:16:29'),
	(3238, '90644', '2018-01-16 15:16:31'),
	(3239, '90651', '2018-01-16 15:16:34'),
	(3240, '90656', '2018-01-16 15:16:37'),
	(3241, '90655', '2018-01-16 15:16:40'),
	(3242, '90655', '2018-01-16 15:16:43'),
	(3243, '90651', '2018-01-16 15:16:47'),
	(3244, '90650', '2018-01-16 15:16:51'),
	(3245, '90645', '2018-01-16 15:16:53'),
	(3246, '90651', '2018-01-16 15:16:56'),
	(3247, '90641', '2018-01-16 15:16:58'),
	(3248, '90636', '2018-01-16 15:17:00'),
	(3249, '90630', '2018-01-16 15:17:03'),
	(3250, '90619', '2018-01-16 15:17:05'),
	(3251, '90625', '2018-01-16 15:17:07'),
	(3252, '90619', '2018-01-16 15:17:10'),
	(3253, '90621', '2018-01-16 15:17:12'),
	(3254, '90616', '2018-01-16 15:17:15'),
	(3255, '90627', '2018-01-16 15:17:17'),
	(3256, '90631', '2018-01-16 15:17:19'),
	(3257, '90632', '2018-01-16 15:17:21'),
	(3258, '90632', '2018-01-16 15:17:23'),
	(3259, '90630', '2018-01-16 15:17:26'),
	(3260, '90619', '2018-01-16 15:17:28'),
	(3261, '90616', '2018-01-16 15:17:32'),
	(3262, '90627', '2018-01-16 15:17:35'),
	(3263, '90627', '2018-01-16 15:17:38'),
	(3264, '90626', '2018-01-16 15:17:40'),
	(3265, '90631', '2018-01-16 15:17:43'),
	(3266, '90626', '2018-01-16 15:17:45'),
	(3267, '90627', '2018-01-16 15:17:47'),
	(3268, '90632', '2018-01-16 15:17:49'),
	(3269, '90627', '2018-01-16 15:17:50'),
	(3270, '90626', '2018-01-16 15:17:53'),
	(3271, '90628', '2018-01-16 15:17:55'),
	(3272, '90627', '2018-01-16 15:17:57'),
	(3273, '90636', '2018-01-16 15:18:00'),
	(3274, '90635', '2018-01-16 15:18:03'),
	(3275, '90626', '2018-01-16 15:18:06'),
	(3276, '90626', '2018-01-16 15:18:08'),
	(3277, '90626', '2018-01-16 15:18:10'),
	(3278, '90635', '2018-01-16 15:18:13'),
	(3279, '90637', '2018-01-16 15:18:15'),
	(3280, '90636', '2018-01-16 15:18:17'),
	(3281, '90636', '2018-01-16 15:18:20'),
	(3282, '90641', '2018-01-16 15:18:23'),
	(3283, '90646', '2018-01-16 15:18:25'),
	(3284, '90642', '2018-01-16 15:18:27'),
	(3285, '90627', '2018-01-16 15:18:30'),
	(3286, '90647', '2018-01-16 15:18:32'),
	(3287, '90648', '2018-01-16 15:18:35'),
	(3288, '90643', '2018-01-16 15:18:37'),
	(3289, '90640', '2018-01-16 15:18:40'),
	(3290, '90626', '2018-01-16 15:18:42'),
	(3291, '90630', '2018-01-16 15:18:44'),
	(3292, '90634', '2018-01-16 15:18:47'),
	(3293, '90635', '2018-01-16 15:18:50'),
	(3294, '90634', '2018-01-16 15:18:52'),
	(3295, '90641', '2018-01-16 15:18:54'),
	(3296, '90636', '2018-01-16 15:18:56'),
	(3297, '90636', '2018-01-16 15:18:59'),
	(3298, '90635', '2018-01-16 15:19:01'),
	(3299, '90631', '2018-01-16 15:19:03'),
	(3300, '90618', '2018-01-16 15:19:05'),
	(3301, '90618', '2018-01-16 15:19:06'),
	(3302, '90615', '2018-01-16 15:19:09'),
	(3303, '90609', '2018-01-16 15:19:11'),
	(3304, '90609', '2018-01-16 15:19:14'),
	(3305, '90613', '2018-01-16 15:19:16'),
	(3306, '90609', '2018-01-16 15:19:18'),
	(3307, '90609', '2018-01-16 15:19:19'),
	(3308, '90609', '2018-01-16 15:19:22'),
	(3309, '90614', '2018-01-16 15:19:23'),
	(3310, '90619', '2018-01-16 15:19:26'),
	(3311, '90604', '2018-01-16 15:19:30'),
	(3312, '90603', '2018-01-16 15:19:33'),
	(3313, '90610', '2018-01-16 15:19:35'),
	(3314, '90617', '2018-01-16 15:19:39'),
	(3315, '90612', '2018-01-16 15:19:41'),
	(3316, '90611', '2018-01-16 15:19:44'),
	(3317, '90613', '2018-01-16 15:19:45'),
	(3318, '90617', '2018-01-16 15:19:48'),
	(3319, '90616', '2018-01-16 15:19:51'),
	(3320, '90616', '2018-01-16 15:19:53'),
	(3321, '90618', '2018-01-16 15:19:56'),
	(3322, '90623', '2018-01-16 15:20:00'),
	(3323, '90623', '2018-01-16 15:20:08'),
	(3324, '90618', '2018-01-16 15:20:11'),
	(3325, '90623', '2018-01-16 15:20:14'),
	(3326, '90624', '2018-01-16 15:20:17'),
	(3327, '90628', '2018-01-16 15:20:21'),
	(3328, '90623', '2018-01-16 15:20:23'),
	(3329, '90618', '2018-01-16 15:20:25'),
	(3330, '90616', '2018-01-16 15:20:27'),
	(3331, '90612', '2018-01-16 15:20:30'),
	(3332, '90612', '2018-01-16 15:20:32'),
	(3333, '90607', '2018-01-16 15:20:35'),
	(3334, '90606', '2018-01-16 15:20:38'),
	(3335, '90601', '2018-01-16 15:20:41'),
	(3336, '90607', '2018-01-16 15:20:44'),
	(3337, '90602', '2018-01-16 15:20:47'),
	(3338, '90607', '2018-01-16 15:20:49'),
	(3339, '90609', '2018-01-16 15:20:53'),
	(3340, '90609', '2018-01-16 15:20:55'),
	(3341, '90615', '2018-01-16 15:20:57'),
	(3342, '90607', '2018-01-16 15:21:00'),
	(3343, '90607', '2018-01-16 15:21:04'),
	(3344, '90607', '2018-01-16 15:21:06'),
	(3345, '90606', '2018-01-16 15:21:09'),
	(3346, '90607', '2018-01-16 15:21:12'),
	(3347, '90612', '2018-01-16 15:21:14'),
	(3348, '90612', '2018-01-16 15:21:19'),
	(3349, '90607', '2018-01-16 15:21:22'),
	(3350, '90602', '2018-01-16 15:21:23'),
	(3351, '90602', '2018-01-16 15:21:27'),
	(3352, '90602', '2018-01-16 15:21:28'),
	(3353, '90601', '2018-01-16 15:21:30'),
	(3354, '90602', '2018-01-16 15:21:32'),
	(3355, '90612', '2018-01-16 15:21:37'),
	(3356, '90602', '2018-01-16 15:21:39'),
	(3357, '90597', '2018-01-16 15:21:43'),
	(3358, '90592', '2018-01-16 15:21:46'),
	(3359, '90592', '2018-01-16 15:21:47'),
	(3360, '90592', '2018-01-16 15:21:49'),
	(3361, '90588', '2018-01-16 15:21:54'),
	(3362, '90584', '2018-01-16 15:21:56'),
	(3363, '90578', '2018-01-16 15:22:01'),
	(3364, '90580', '2018-01-16 15:22:02'),
	(3365, '90575', '2018-01-16 15:22:06');
/*!40000 ALTER TABLE `data_usd` ENABLE KEYS */;

-- 导出  表 ylife.data_xau 结构
DROP TABLE IF EXISTS `data_xau`;
CREATE TABLE IF NOT EXISTS `data_xau` (
  `id` int(11) NOT NULL AUTO_INCREMENT,
  `price` varchar(30) DEFAULT NULL,
  `time` datetime DEFAULT NULL,
  PRIMARY KEY (`id`),
  UNIQUE KEY `time` (`time`)
) ENGINE=InnoDB AUTO_INCREMENT=3363 DEFAULT CHARSET=utf8;

-- 正在导出表  ylife.data_xau 的数据：~2,056 rows (大约)
/*!40000 ALTER TABLE `data_xau` DISABLE KEYS */;
INSERT INTO `data_xau` (`id`, `price`, `time`) VALUES
	(1, '134161', '2018-01-16 10:33:31'),
	(3, '134153', '2018-01-16 10:33:36'),
	(4, '134156', '2018-01-16 10:33:40'),
	(5, '134153', '2018-01-16 10:33:41'),
	(6, '134153', '2018-01-16 10:33:45'),
	(7, '134143', '2018-01-16 10:33:47'),
	(8, '134143', '2018-01-16 10:33:50'),
	(9, '134145', '2018-01-16 10:33:53'),
	(10, '134141', '2018-01-16 12:42:31'),
	(12, '134141', '2018-01-16 12:42:37'),
	(13, '134141', '2018-01-16 12:42:40'),
	(14, '134140', '2018-01-16 12:42:43'),
	(16, '134140', '2018-01-16 12:42:49'),
	(17, '134139', '2018-01-16 12:42:52'),
	(18, '134140', '2018-01-16 12:42:54'),
	(20, '134140', '2018-01-16 12:42:59'),
	(21, '134141', '2018-01-16 12:43:02'),
	(22, '134141', '2018-01-16 12:43:03'),
	(23, '134140', '2018-01-16 12:43:09'),
	(24, '134141', '2018-01-16 12:43:13'),
	(25, '134140', '2018-01-16 12:43:15'),
	(26, '134140', '2018-01-16 12:43:16'),
	(30, '134140', '2018-01-16 12:43:29'),
	(32, '134140', '2018-01-16 12:43:34'),
	(33, '134140', '2018-01-16 12:43:36'),
	(34, '134140', '2018-01-16 12:43:37'),
	(35, '134140', '2018-01-16 12:43:41'),
	(36, '134140', '2018-01-16 12:43:45'),
	(38, '134140', '2018-01-16 12:43:49'),
	(40, '134140', '2018-01-16 12:43:55'),
	(41, '134140', '2018-01-16 12:43:57'),
	(42, '134140', '2018-01-16 12:43:59'),
	(43, '134141', '2018-01-16 12:44:01'),
	(44, '134140', '2018-01-16 12:44:03'),
	(45, '134140', '2018-01-16 12:44:05'),
	(46, '134140', '2018-01-16 12:44:08'),
	(48, '134141', '2018-01-16 12:44:15'),
	(51, '134140', '2018-01-16 12:44:26'),
	(55, '134140', '2018-01-16 12:44:37'),
	(56, '134141', '2018-01-16 12:44:40'),
	(57, '134141', '2018-01-16 12:44:41'),
	(58, '134141', '2018-01-16 12:44:44'),
	(59, '134140', '2018-01-16 12:44:47'),
	(61, '134140', '2018-01-16 12:44:51'),
	(64, '134131', '2018-01-16 12:45:00'),
	(65, '134122', '2018-01-16 12:45:02'),
	(66, '134130', '2018-01-16 12:45:04'),
	(67, '134130', '2018-01-16 12:45:06'),
	(69, '134130', '2018-01-16 12:45:12'),
	(70, '134140', '2018-01-16 12:45:15'),
	(71, '134137', '2018-01-16 12:45:17'),
	(72, '134141', '2018-01-16 12:45:18'),
	(73, '134140', '2018-01-16 12:45:21'),
	(74, '134132', '2018-01-16 12:45:22'),
	(75, '134131', '2018-01-16 12:45:24'),
	(88, '134132', '2018-01-16 12:45:55'),
	(90, '134129', '2018-01-16 12:46:02'),
	(93, '134130', '2018-01-16 12:46:08'),
	(94, '134122', '2018-01-16 12:46:11'),
	(95, '134122', '2018-01-16 12:46:13'),
	(96, '134120', '2018-01-16 12:46:16'),
	(97, '134121', '2018-01-16 12:46:18'),
	(98, '134128', '2018-01-16 12:46:22'),
	(99, '134129', '2018-01-16 12:46:23'),
	(100, '134122', '2018-01-16 12:46:28'),
	(101, '134121', '2018-01-16 12:46:31'),
	(103, '134121', '2018-01-16 12:46:36'),
	(104, '134122', '2018-01-16 12:46:37'),
	(107, '134129', '2018-01-16 12:46:45'),
	(108, '134130', '2018-01-16 12:46:48'),
	(109, '134130', '2018-01-16 12:46:52'),
	(110, '134129', '2018-01-16 12:46:53'),
	(112, '134130', '2018-01-16 12:47:00'),
	(113, '134129', '2018-01-16 12:47:01'),
	(114, '134130', '2018-01-16 12:47:05'),
	(117, '134130', '2018-01-16 12:47:11'),
	(118, '134129', '2018-01-16 12:47:16'),
	(119, '134129', '2018-01-16 12:47:18'),
	(120, '134129', '2018-01-16 12:47:21'),
	(121, '134129', '2018-01-16 12:47:23'),
	(124, '134129', '2018-01-16 12:47:28'),
	(125, '134130', '2018-01-16 12:47:31'),
	(127, '134129', '2018-01-16 12:47:38'),
	(128, '134122', '2018-01-16 12:47:40'),
	(130, '134122', '2018-01-16 12:47:46'),
	(131, '134121', '2018-01-16 12:47:48'),
	(133, '134129', '2018-01-16 12:47:55'),
	(134, '134126', '2018-01-16 12:47:56'),
	(135, '134123', '2018-01-16 12:48:00'),
	(136, '134121', '2018-01-16 12:48:01'),
	(137, '134122', '2018-01-16 12:48:03'),
	(140, '134121', '2018-01-16 12:48:12'),
	(144, '134122', '2018-01-16 12:48:22'),
	(149, '134122', '2018-01-16 12:48:34'),
	(150, '134123', '2018-01-16 12:48:36'),
	(152, '134130', '2018-01-16 12:48:39'),
	(153, '134131', '2018-01-16 12:48:45'),
	(155, '134130', '2018-01-16 12:48:50'),
	(156, '134130', '2018-01-16 12:48:51'),
	(159, '134130', '2018-01-16 12:49:01'),
	(166, '134129', '2018-01-16 12:49:17'),
	(168, '134131', '2018-01-16 12:49:24'),
	(171, '134131', '2018-01-16 12:49:29'),
	(172, '134130', '2018-01-16 12:49:33'),
	(173, '134130', '2018-01-16 12:49:36'),
	(176, '134130', '2018-01-16 12:49:41'),
	(177, '134131', '2018-01-16 12:49:47'),
	(178, '134131', '2018-01-16 12:49:49'),
	(179, '134130', '2018-01-16 12:49:51'),
	(181, '134129', '2018-01-16 12:49:55'),
	(182, '134129', '2018-01-16 12:49:59'),
	(188, '134129', '2018-01-16 12:50:14'),
	(189, '134122', '2018-01-16 12:50:18'),
	(190, '134121', '2018-01-16 12:50:20'),
	(191, '134120', '2018-01-16 12:50:24'),
	(192, '134120', '2018-01-16 12:50:26'),
	(196, '134120', '2018-01-16 12:50:35'),
	(200, '134119', '2018-01-16 12:50:47'),
	(202, '134120', '2018-01-16 12:50:51'),
	(203, '134121', '2018-01-16 12:50:52'),
	(204, '134120', '2018-01-16 12:51:01'),
	(210, '134120', '2018-01-16 12:51:20'),
	(212, '134119', '2018-01-16 12:51:25'),
	(213, '134120', '2018-01-16 12:51:28'),
	(214, '134119', '2018-01-16 12:51:29'),
	(217, '134119', '2018-01-16 12:51:36'),
	(224, '134100', '2018-01-16 12:51:54'),
	(225, '134109', '2018-01-16 12:52:01'),
	(226, '134109', '2018-01-16 12:52:03'),
	(227, '134110', '2018-01-16 12:52:04'),
	(228, '134109', '2018-01-16 12:52:11'),
	(229, '134111', '2018-01-16 12:52:13'),
	(233, '134110', '2018-01-16 12:52:25'),
	(234, '134110', '2018-01-16 12:52:29'),
	(235, '134111', '2018-01-16 12:52:30'),
	(237, '134111', '2018-01-16 12:52:38'),
	(241, '134113', '2018-01-16 12:52:47'),
	(242, '134111', '2018-01-16 12:52:49'),
	(245, '134111', '2018-01-16 12:52:54'),
	(246, '134111', '2018-01-16 12:52:57'),
	(247, '134111', '2018-01-16 12:53:01'),
	(248, '134111', '2018-01-16 12:53:03'),
	(249, '134110', '2018-01-16 12:53:04'),
	(252, '134110', '2018-01-16 12:53:13'),
	(254, '134108', '2018-01-16 12:53:17'),
	(261, '134109', '2018-01-16 12:53:35'),
	(262, '134119', '2018-01-16 12:53:37'),
	(264, '134119', '2018-01-16 12:53:42'),
	(269, '134120', '2018-01-16 12:53:53'),
	(270, '134128', '2018-01-16 12:53:57'),
	(275, '134121', '2018-01-16 12:54:08'),
	(276, '134122', '2018-01-16 12:54:11'),
	(277, '134121', '2018-01-16 12:54:13'),
	(279, '134121', '2018-01-16 12:54:19'),
	(280, '134120', '2018-01-16 12:54:20'),
	(282, '134121', '2018-01-16 12:54:26'),
	(285, '134121', '2018-01-16 12:54:39'),
	(287, '134122', '2018-01-16 12:54:44'),
	(289, '134121', '2018-01-16 12:54:50'),
	(290, '134122', '2018-01-16 12:54:51'),
	(291, '134126', '2018-01-16 12:54:55'),
	(294, '134130', '2018-01-16 12:55:02'),
	(295, '134130', '2018-01-16 12:55:05'),
	(297, '134130', '2018-01-16 12:55:11'),
	(299, '134131', '2018-01-16 12:55:13'),
	(305, '134132', '2018-01-16 12:55:35'),
	(307, '134131', '2018-01-16 12:55:39'),
	(308, '134131', '2018-01-16 12:55:40'),
	(309, '134130', '2018-01-16 12:55:46'),
	(311, '134122', '2018-01-16 12:55:50'),
	(312, '134121', '2018-01-16 12:55:54'),
	(314, '134112', '2018-01-16 12:55:58'),
	(315, '134111', '2018-01-16 12:55:59'),
	(316, '134121', '2018-01-16 12:56:02'),
	(318, '134122', '2018-01-16 12:56:09'),
	(320, '134121', '2018-01-16 12:56:12'),
	(321, '134122', '2018-01-16 12:56:15'),
	(326, '134121', '2018-01-16 12:56:26'),
	(327, '134122', '2018-01-16 12:56:28'),
	(328, '134123', '2018-01-16 12:56:33'),
	(331, '134122', '2018-01-16 12:56:40'),
	(332, '134121', '2018-01-16 12:56:42'),
	(333, '134123', '2018-01-16 12:56:43'),
	(334, '134122', '2018-01-16 12:56:47'),
	(335, '134121', '2018-01-16 12:56:49'),
	(342, '134122', '2018-01-16 12:57:04'),
	(343, '134131', '2018-01-16 12:57:09'),
	(344, '134130', '2018-01-16 12:57:12'),
	(345, '134131', '2018-01-16 12:57:13'),
	(346, '134122', '2018-01-16 12:57:17'),
	(347, '134121', '2018-01-16 12:57:21'),
	(348, '134130', '2018-01-16 12:57:24'),
	(349, '134131', '2018-01-16 12:57:27'),
	(350, '134131', '2018-01-16 12:57:28'),
	(352, '134141', '2018-01-16 12:57:34'),
	(357, '134140', '2018-01-16 12:57:47'),
	(359, '134141', '2018-01-16 12:57:51'),
	(362, '134141', '2018-01-16 12:58:00'),
	(365, '134140', '2018-01-16 12:58:07'),
	(367, '134141', '2018-01-16 12:58:13'),
	(370, '134142', '2018-01-16 12:58:21'),
	(371, '134151', '2018-01-16 12:58:24'),
	(372, '134147', '2018-01-16 12:58:27'),
	(373, '134141', '2018-01-16 12:58:29'),
	(377, '134131', '2018-01-16 12:58:43'),
	(378, '134127', '2018-01-16 12:58:46'),
	(379, '134121', '2018-01-16 12:58:47'),
	(380, '134121', '2018-01-16 12:58:50'),
	(382, '134121', '2018-01-16 12:58:56'),
	(384, '134121', '2018-01-16 12:59:00'),
	(385, '134122', '2018-01-16 12:59:03'),
	(387, '134121', '2018-01-16 12:59:08'),
	(390, '134122', '2018-01-16 12:59:15'),
	(391, '134131', '2018-01-16 12:59:19'),
	(393, '134131', '2018-01-16 12:59:24'),
	(394, '134121', '2018-01-16 12:59:26'),
	(395, '134122', '2018-01-16 12:59:29'),
	(398, '134121', '2018-01-16 12:59:33'),
	(400, '134112', '2018-01-16 12:59:41'),
	(401, '134111', '2018-01-16 12:59:42'),
	(406, '134111', '2018-01-16 12:59:56'),
	(407, '134122', '2018-01-16 12:59:58'),
	(408, '134112', '2018-01-16 13:00:01'),
	(409, '134112', '2018-01-16 13:00:04'),
	(411, '134113', '2018-01-16 13:00:09'),
	(412, '134122', '2018-01-16 13:00:10'),
	(413, '134131', '2018-01-16 13:00:15'),
	(414, '134131', '2018-01-16 13:00:16'),
	(419, '134131', '2018-01-16 13:00:31'),
	(420, '134132', '2018-01-16 13:00:33'),
	(421, '134131', '2018-01-16 13:00:34'),
	(422, '134131', '2018-01-16 13:00:38'),
	(423, '134130', '2018-01-16 13:00:41'),
	(424, '134131', '2018-01-16 13:00:43'),
	(425, '134131', '2018-01-16 13:00:45'),
	(426, '134132', '2018-01-16 13:00:51'),
	(427, '134132', '2018-01-16 13:00:52'),
	(428, '134131', '2018-01-16 13:00:56'),
	(429, '134131', '2018-01-16 13:00:58'),
	(430, '134132', '2018-01-16 13:01:00'),
	(433, '134131', '2018-01-16 13:01:07'),
	(434, '134132', '2018-01-16 13:01:09'),
	(437, '134131', '2018-01-16 13:01:18'),
	(438, '134122', '2018-01-16 13:01:21'),
	(439, '134121', '2018-01-16 13:01:22'),
	(441, '134129', '2018-01-16 13:01:29'),
	(443, '134131', '2018-01-16 13:01:33'),
	(448, '134131', '2018-01-16 13:01:45'),
	(449, '134131', '2018-01-16 13:01:47'),
	(450, '134131', '2018-01-16 13:01:51'),
	(453, '134129', '2018-01-16 13:02:00'),
	(454, '134129', '2018-01-16 13:02:03'),
	(456, '134132', '2018-01-16 13:02:07'),
	(457, '134130', '2018-01-16 13:02:08'),
	(458, '134129', '2018-01-16 13:02:10'),
	(460, '134131', '2018-01-16 13:02:17'),
	(463, '134140', '2018-01-16 13:02:24'),
	(464, '134141', '2018-01-16 13:02:25'),
	(466, '134141', '2018-01-16 13:02:33'),
	(467, '134141', '2018-01-16 13:02:36'),
	(468, '134141', '2018-01-16 13:02:38'),
	(472, '134140', '2018-01-16 13:02:47'),
	(474, '134141', '2018-01-16 13:02:51'),
	(475, '134140', '2018-01-16 13:02:53'),
	(477, '134140', '2018-01-16 13:03:00'),
	(478, '134140', '2018-01-16 13:03:02'),
	(479, '134141', '2018-01-16 13:03:06'),
	(480, '134141', '2018-01-16 13:03:10'),
	(482, '134140', '2018-01-16 13:03:13'),
	(484, '134140', '2018-01-16 13:03:19'),
	(486, '134139', '2018-01-16 13:03:23'),
	(487, '134139', '2018-01-16 13:03:26'),
	(488, '134139', '2018-01-16 13:03:28'),
	(489, '134141', '2018-01-16 13:03:32'),
	(490, '134140', '2018-01-16 13:03:34'),
	(493, '134141', '2018-01-16 13:03:39'),
	(500, '134141', '2018-01-16 13:04:00'),
	(503, '134140', '2018-01-16 13:04:06'),
	(504, '134141', '2018-01-16 13:04:10'),
	(506, '134141', '2018-01-16 13:04:15'),
	(507, '134142', '2018-01-16 13:04:18'),
	(508, '134141', '2018-01-16 13:04:19'),
	(510, '134139', '2018-01-16 13:04:25'),
	(511, '134140', '2018-01-16 13:04:30'),
	(513, '134140', '2018-01-16 13:04:34'),
	(514, '134141', '2018-01-16 13:04:37'),
	(515, '134140', '2018-01-16 13:04:38'),
	(516, '134141', '2018-01-16 13:04:41'),
	(517, '134140', '2018-01-16 13:04:44'),
	(518, '134142', '2018-01-16 13:04:47'),
	(519, '134141', '2018-01-16 13:04:50'),
	(520, '134141', '2018-01-16 13:04:53'),
	(521, '134141', '2018-01-16 13:04:55'),
	(522, '134141', '2018-01-16 13:04:57'),
	(526, '134140', '2018-01-16 13:05:05'),
	(527, '134131', '2018-01-16 13:05:10'),
	(533, '134140', '2018-01-16 13:05:24'),
	(534, '134131', '2018-01-16 13:05:26'),
	(540, '134131', '2018-01-16 13:05:42'),
	(542, '134130', '2018-01-16 13:05:46'),
	(543, '134131', '2018-01-16 13:05:47'),
	(544, '134131', '2018-01-16 13:05:51'),
	(546, '134130', '2018-01-16 13:05:57'),
	(548, '134127', '2018-01-16 13:06:07'),
	(549, '134126', '2018-01-16 13:06:08'),
	(555, '134127', '2018-01-16 13:06:25'),
	(557, '134126', '2018-01-16 13:06:31'),
	(558, '134127', '2018-01-16 13:06:33'),
	(560, '134128', '2018-01-16 13:06:40'),
	(562, '134129', '2018-01-16 13:06:44'),
	(563, '134129', '2018-01-16 13:06:46'),
	(565, '134127', '2018-01-16 13:06:53'),
	(567, '134127', '2018-01-16 13:06:58'),
	(568, '134128', '2018-01-16 13:07:02'),
	(569, '134127', '2018-01-16 13:07:08'),
	(570, '134126', '2018-01-16 13:07:11'),
	(571, '134118', '2018-01-16 13:07:15'),
	(579, '134119', '2018-01-16 13:07:35'),
	(582, '134118', '2018-01-16 13:07:41'),
	(584, '134118', '2018-01-16 13:07:47'),
	(585, '134120', '2018-01-16 13:07:49'),
	(586, '134119', '2018-01-16 13:07:51'),
	(587, '134119', '2018-01-16 13:07:53'),
	(588, '134118', '2018-01-16 13:07:54'),
	(589, '134123', '2018-01-16 13:07:58'),
	(590, '134126', '2018-01-16 13:08:02'),
	(591, '134128', '2018-01-16 13:08:09'),
	(593, '134128', '2018-01-16 13:08:17'),
	(595, '134129', '2018-01-16 13:08:26'),
	(596, '134128', '2018-01-16 13:08:27'),
	(598, '134127', '2018-01-16 13:08:32'),
	(599, '134126', '2018-01-16 13:08:34'),
	(601, '134128', '2018-01-16 13:08:46'),
	(602, '134127', '2018-01-16 13:08:48'),
	(603, '134128', '2018-01-16 13:08:52'),
	(604, '134126', '2018-01-16 13:08:53'),
	(605, '134127', '2018-01-16 13:08:56'),
	(606, '134127', '2018-01-16 13:09:01'),
	(607, '134127', '2018-01-16 13:09:02'),
	(608, '134127', '2018-01-16 13:09:08'),
	(609, '134127', '2018-01-16 13:09:13'),
	(610, '134127', '2018-01-16 13:09:14'),
	(613, '134128', '2018-01-16 13:09:21'),
	(614, '134129', '2018-01-16 13:09:24'),
	(615, '134128', '2018-01-16 13:09:27'),
	(619, '134128', '2018-01-16 13:09:39'),
	(621, '134119', '2018-01-16 13:09:49'),
	(622, '134118', '2018-01-16 13:09:53'),
	(623, '134128', '2018-01-16 13:09:55'),
	(624, '134128', '2018-01-16 13:10:01'),
	(626, '134122', '2018-01-16 13:10:05'),
	(627, '134128', '2018-01-16 13:10:06'),
	(628, '134129', '2018-01-16 13:10:12'),
	(629, '134129', '2018-01-16 13:10:15'),
	(630, '134128', '2018-01-16 13:10:17'),
	(634, '134128', '2018-01-16 13:10:27'),
	(635, '134129', '2018-01-16 13:10:31'),
	(636, '134128', '2018-01-16 13:10:33'),
	(637, '134126', '2018-01-16 13:10:36'),
	(638, '134127', '2018-01-16 13:10:38'),
	(639, '134127', '2018-01-16 13:10:40'),
	(640, '134126', '2018-01-16 13:10:47'),
	(641, '134128', '2018-01-16 13:10:48'),
	(642, '134128', '2018-01-16 13:10:53'),
	(643, '134127', '2018-01-16 13:10:57'),
	(644, '134127', '2018-01-16 13:11:11'),
	(646, '134118', '2018-01-16 13:11:20'),
	(653, '134119', '2018-01-16 13:11:50'),
	(654, '134118', '2018-01-16 13:11:53'),
	(657, '134120', '2018-01-16 13:12:01'),
	(659, '134119', '2018-01-16 13:12:06'),
	(662, '134118', '2018-01-16 13:12:11'),
	(663, '134117', '2018-01-16 13:12:19'),
	(665, '134118', '2018-01-16 13:12:26'),
	(667, '134117', '2018-01-16 13:12:31'),
	(669, '134116', '2018-01-16 13:12:50'),
	(672, '134116', '2018-01-16 13:13:00'),
	(674, '134116', '2018-01-16 13:13:05'),
	(675, '134117', '2018-01-16 13:13:10'),
	(677, '134117', '2018-01-16 13:13:18'),
	(682, '134117', '2018-01-16 13:13:46'),
	(683, '134116', '2018-01-16 13:13:49'),
	(684, '134117', '2018-01-16 13:13:51'),
	(685, '134116', '2018-01-16 13:13:54'),
	(687, '134108', '2018-01-16 13:13:58'),
	(688, '134107', '2018-01-16 13:14:08'),
	(689, '134107', '2018-01-16 13:14:09'),
	(690, '134107', '2018-01-16 13:14:12'),
	(691, '134107', '2018-01-16 13:14:16'),
	(692, '134107', '2018-01-16 13:14:21'),
	(693, '134098', '2018-01-16 13:14:23'),
	(694, '134098', '2018-01-16 13:14:26'),
	(695, '134097', '2018-01-16 13:14:31'),
	(696, '134088', '2018-01-16 13:14:37'),
	(700, '134091', '2018-01-16 13:14:48'),
	(701, '134090', '2018-01-16 13:14:49'),
	(705, '134090', '2018-01-16 13:15:03'),
	(706, '134098', '2018-01-16 13:15:12'),
	(707, '134098', '2018-01-16 13:15:15'),
	(708, '134099', '2018-01-16 13:15:16'),
	(709, '134098', '2018-01-16 13:15:21'),
	(710, '134098', '2018-01-16 13:15:24'),
	(711, '134090', '2018-01-16 13:15:28'),
	(719, '134087', '2018-01-16 13:15:59'),
	(721, '134089', '2018-01-16 13:16:06'),
	(722, '134088', '2018-01-16 13:16:09'),
	(723, '134089', '2018-01-16 13:16:11'),
	(724, '134089', '2018-01-16 13:16:14'),
	(727, '134080', '2018-01-16 13:16:25'),
	(728, '134070', '2018-01-16 13:16:29'),
	(729, '134069', '2018-01-16 13:16:34'),
	(730, '134060', '2018-01-16 13:16:36'),
	(731, '134069', '2018-01-16 13:16:39'),
	(733, '134070', '2018-01-16 13:16:45'),
	(734, '134078', '2018-01-16 13:16:47'),
	(735, '134080', '2018-01-16 13:16:49'),
	(736, '134080', '2018-01-16 13:16:53'),
	(738, '134079', '2018-01-16 13:17:04'),
	(739, '134086', '2018-01-16 13:17:07'),
	(740, '134087', '2018-01-16 13:17:09'),
	(741, '134088', '2018-01-16 13:17:12'),
	(742, '134088', '2018-01-16 13:17:14'),
	(743, '134088', '2018-01-16 13:17:16'),
	(744, '134097', '2018-01-16 13:17:19'),
	(745, '134090', '2018-01-16 13:17:22'),
	(747, '134089', '2018-01-16 13:17:27'),
	(749, '134089', '2018-01-16 13:17:31'),
	(750, '134081', '2018-01-16 13:17:34'),
	(751, '134080', '2018-01-16 13:17:35'),
	(752, '134079', '2018-01-16 13:17:39'),
	(754, '134069', '2018-01-16 13:17:42'),
	(757, '134068', '2018-01-16 13:17:51'),
	(758, '134067', '2018-01-16 13:17:53'),
	(759, '134058', '2018-01-16 13:17:55'),
	(760, '134059', '2018-01-16 13:17:58'),
	(761, '134058', '2018-01-16 13:18:00'),
	(762, '134057', '2018-01-16 13:18:02'),
	(763, '134049', '2018-01-16 13:18:05'),
	(764, '134049', '2018-01-16 13:18:07'),
	(765, '134047', '2018-01-16 13:18:10'),
	(766, '134048', '2018-01-16 13:18:12'),
	(767, '134047', '2018-01-16 13:18:15'),
	(768, '134041', '2018-01-16 13:18:17'),
	(769, '134040', '2018-01-16 13:18:18'),
	(770, '134039', '2018-01-16 13:18:22'),
	(771, '134031', '2018-01-16 13:18:23'),
	(772, '134030', '2018-01-16 13:18:25'),
	(773, '134021', '2018-01-16 13:18:27'),
	(774, '134022', '2018-01-16 13:18:30'),
	(775, '134031', '2018-01-16 13:18:32'),
	(776, '134021', '2018-01-16 13:18:35'),
	(777, '134030', '2018-01-16 13:18:37'),
	(778, '134031', '2018-01-16 13:18:39'),
	(779, '134033', '2018-01-16 13:18:42'),
	(780, '134053', '2018-01-16 13:18:45'),
	(781, '134052', '2018-01-16 13:18:47'),
	(782, '134052', '2018-01-16 13:18:50'),
	(783, '134122', '2018-01-16 13:18:52'),
	(784, '134133', '2018-01-16 13:18:55'),
	(788, '134134', '2018-01-16 13:19:05'),
	(789, '134134', '2018-01-16 13:19:06'),
	(792, '134135', '2018-01-16 13:19:13'),
	(793, '134135', '2018-01-16 13:19:17'),
	(794, '134134', '2018-01-16 13:19:20'),
	(796, '134135', '2018-01-16 13:19:24'),
	(797, '134134', '2018-01-16 13:19:26'),
	(800, '134135', '2018-01-16 13:19:32'),
	(801, '134134', '2018-01-16 13:19:34'),
	(802, '134134', '2018-01-16 13:19:41'),
	(804, '134135', '2018-01-16 13:19:46'),
	(805, '134144', '2018-01-16 13:19:48'),
	(806, '134145', '2018-01-16 13:19:52'),
	(807, '134145', '2018-01-16 13:19:54'),
	(808, '134149', '2018-01-16 13:19:57'),
	(809, '134144', '2018-01-16 13:19:59'),
	(813, '134144', '2018-01-16 13:20:08'),
	(814, '134144', '2018-01-16 13:20:11'),
	(816, '134143', '2018-01-16 13:20:15'),
	(819, '134146', '2018-01-16 13:20:23'),
	(820, '134146', '2018-01-16 13:20:24'),
	(821, '134145', '2018-01-16 13:20:27'),
	(822, '134132', '2018-01-16 13:20:29'),
	(825, '134133', '2018-01-16 13:20:36'),
	(826, '134133', '2018-01-16 13:20:38'),
	(827, '134135', '2018-01-16 13:20:41'),
	(828, '134133', '2018-01-16 13:20:43'),
	(829, '134133', '2018-01-16 13:20:45'),
	(830, '134132', '2018-01-16 13:20:46'),
	(832, '134133', '2018-01-16 13:20:52'),
	(836, '134133', '2018-01-16 13:21:01'),
	(837, '134132', '2018-01-16 13:21:02'),
	(838, '134133', '2018-01-16 13:21:05'),
	(847, '134132', '2018-01-16 13:21:27'),
	(850, '134134', '2018-01-16 13:21:33'),
	(853, '134133', '2018-01-16 13:21:40'),
	(854, '134134', '2018-01-16 13:21:43'),
	(855, '134135', '2018-01-16 13:21:44'),
	(856, '134134', '2018-01-16 13:21:46'),
	(857, '134134', '2018-01-16 13:21:50'),
	(858, '134133', '2018-01-16 13:21:53'),
	(865, '134132', '2018-01-16 13:22:11'),
	(869, '134133', '2018-01-16 13:22:22'),
	(873, '134132', '2018-01-16 13:22:42'),
	(876, '134132', '2018-01-16 13:22:48'),
	(877, '134132', '2018-01-16 13:22:50'),
	(878, '134133', '2018-01-16 13:22:54'),
	(881, '134132', '2018-01-16 13:23:02'),
	(883, '134133', '2018-01-16 13:23:06'),
	(884, '134132', '2018-01-16 13:23:09'),
	(886, '134133', '2018-01-16 13:23:12'),
	(887, '134132', '2018-01-16 13:23:16'),
	(888, '134133', '2018-01-16 13:23:18'),
	(893, '134133', '2018-01-16 13:23:31'),
	(894, '134123', '2018-01-16 13:23:33'),
	(895, '134132', '2018-01-16 13:23:38'),
	(907, '134133', '2018-01-16 13:24:09'),
	(910, '134132', '2018-01-16 13:24:18'),
	(911, '134132', '2018-01-16 13:24:19'),
	(912, '134133', '2018-01-16 13:24:22'),
	(920, '134132', '2018-01-16 13:24:40'),
	(923, '134132', '2018-01-16 13:24:49'),
	(924, '134133', '2018-01-16 13:24:52'),
	(925, '134134', '2018-01-16 13:24:55'),
	(926, '134132', '2018-01-16 13:24:57'),
	(928, '134133', '2018-01-16 13:25:01'),
	(929, '134132', '2018-01-16 13:25:04'),
	(930, '134134', '2018-01-16 13:25:06'),
	(932, '134132', '2018-01-16 13:25:11'),
	(934, '134133', '2018-01-16 13:25:16'),
	(945, '134133', '2018-01-16 13:25:43'),
	(950, '134134', '2018-01-16 13:25:54'),
	(955, '134133', '2018-01-16 13:26:07'),
	(960, '134133', '2018-01-16 13:26:21'),
	(963, '134134', '2018-01-16 13:26:28'),
	(965, '134133', '2018-01-16 13:26:33'),
	(967, '134133', '2018-01-16 13:26:38'),
	(968, '134133', '2018-01-16 13:26:42'),
	(974, '134133', '2018-01-16 13:26:57'),
	(975, '134132', '2018-01-16 13:26:59'),
	(976, '134133', '2018-01-16 13:27:01'),
	(979, '134133', '2018-01-16 13:27:09'),
	(980, '134132', '2018-01-16 13:27:12'),
	(983, '134134', '2018-01-16 13:27:19'),
	(984, '134133', '2018-01-16 13:27:20'),
	(985, '134132', '2018-01-16 13:27:24'),
	(987, '134133', '2018-01-16 13:27:27'),
	(988, '134132', '2018-01-16 13:27:30'),
	(990, '134133', '2018-01-16 13:27:36'),
	(996, '134134', '2018-01-16 13:27:52'),
	(997, '134136', '2018-01-16 13:27:54'),
	(998, '134136', '2018-01-16 13:27:56'),
	(1004, '134136', '2018-01-16 13:28:10'),
	(1008, '134135', '2018-01-16 13:28:21'),
	(1009, '134134', '2018-01-16 13:28:23'),
	(1010, '134133', '2018-01-16 13:28:24'),
	(1011, '134134', '2018-01-16 13:28:26'),
	(1012, '134134', '2018-01-16 13:28:31'),
	(1015, '134135', '2018-01-16 13:28:38'),
	(1016, '134134', '2018-01-16 13:28:41'),
	(1017, '134134', '2018-01-16 13:28:45'),
	(1018, '134144', '2018-01-16 13:28:50'),
	(1019, '134145', '2018-01-16 13:28:53'),
	(1020, '134144', '2018-01-16 13:28:55'),
	(1021, '134139', '2018-01-16 13:28:58'),
	(1022, '134136', '2018-01-16 13:28:59'),
	(1025, '134135', '2018-01-16 13:29:07'),
	(1027, '134141', '2018-01-16 13:29:13'),
	(1028, '134135', '2018-01-16 13:29:15'),
	(1036, '134136', '2018-01-16 13:29:33'),
	(1039, '134136', '2018-01-16 13:29:43'),
	(1040, '134137', '2018-01-16 13:29:45'),
	(1041, '134138', '2018-01-16 13:29:48'),
	(1042, '134138', '2018-01-16 13:29:50'),
	(1043, '134138', '2018-01-16 13:29:51'),
	(1048, '134131', '2018-01-16 13:30:05'),
	(1049, '134128', '2018-01-16 13:30:08'),
	(1050, '134128', '2018-01-16 13:30:10'),
	(1051, '134127', '2018-01-16 13:30:13'),
	(1052, '134127', '2018-01-16 13:30:16'),
	(1053, '134126', '2018-01-16 13:30:19'),
	(1055, '134134', '2018-01-16 13:30:29'),
	(1056, '134145', '2018-01-16 13:30:32'),
	(1057, '134135', '2018-01-16 13:30:39'),
	(1058, '134135', '2018-01-16 13:30:41'),
	(1062, '134136', '2018-01-16 13:30:52'),
	(1064, '134136', '2018-01-16 13:30:57'),
	(1065, '134135', '2018-01-16 13:31:00'),
	(1066, '134135', '2018-01-16 13:31:03'),
	(1069, '134146', '2018-01-16 13:31:17'),
	(1070, '134146', '2018-01-16 13:31:18'),
	(1071, '134145', '2018-01-16 13:31:22'),
	(1072, '134146', '2018-01-16 13:31:26'),
	(1078, '134146', '2018-01-16 13:31:41'),
	(1079, '134146', '2018-01-16 13:31:44'),
	(1080, '134147', '2018-01-16 13:31:45'),
	(1083, '134147', '2018-01-16 13:31:54'),
	(1085, '134147', '2018-01-16 13:32:00'),
	(1086, '134148', '2018-01-16 13:32:02'),
	(1087, '134147', '2018-01-16 13:32:05'),
	(1089, '134147', '2018-01-16 13:32:08'),
	(1090, '134154', '2018-01-16 13:32:13'),
	(1091, '134162', '2018-01-16 13:32:15'),
	(1095, '134166', '2018-01-16 13:32:24'),
	(1097, '134165', '2018-01-16 13:32:30'),
	(1103, '134166', '2018-01-16 13:32:43'),
	(1105, '134167', '2018-01-16 13:32:49'),
	(1107, '134156', '2018-01-16 13:32:54'),
	(1108, '134155', '2018-01-16 13:32:57'),
	(1110, '134156', '2018-01-16 13:33:03'),
	(1111, '134156', '2018-01-16 13:33:05'),
	(1112, '134148', '2018-01-16 13:33:07'),
	(1113, '134155', '2018-01-16 13:33:10'),
	(1114, '134154', '2018-01-16 13:33:11'),
	(1115, '134156', '2018-01-16 13:33:15'),
	(1116, '134155', '2018-01-16 13:33:16'),
	(1117, '134156', '2018-01-16 13:33:20'),
	(1118, '134164', '2018-01-16 13:33:23'),
	(1119, '134165', '2018-01-16 13:33:28'),
	(1120, '134155', '2018-01-16 13:33:30'),
	(1123, '134155', '2018-01-16 13:33:37'),
	(1124, '134156', '2018-01-16 13:33:39'),
	(1125, '134155', '2018-01-16 13:33:41'),
	(1126, '134156', '2018-01-16 13:33:43'),
	(1127, '134154', '2018-01-16 13:33:46'),
	(1134, '134155', '2018-01-16 13:34:02'),
	(1135, '134154', '2018-01-16 13:34:04'),
	(1137, '134157', '2018-01-16 13:34:12'),
	(1138, '134157', '2018-01-16 13:34:13'),
	(1139, '134151', '2018-01-16 13:34:17'),
	(1140, '134150', '2018-01-16 13:34:23'),
	(1148, '134151', '2018-01-16 13:34:43'),
	(1151, '134153', '2018-01-16 13:34:51'),
	(1154, '134154', '2018-01-16 13:34:57'),
	(1155, '134154', '2018-01-16 13:35:01'),
	(1159, '134153', '2018-01-16 13:35:10'),
	(1160, '134154', '2018-01-16 13:35:11'),
	(1162, '134147', '2018-01-16 13:35:18'),
	(1163, '134147', '2018-01-16 13:35:21'),
	(1164, '134146', '2018-01-16 13:35:23'),
	(1165, '134142', '2018-01-16 13:35:24'),
	(1166, '134152', '2018-01-16 13:35:26'),
	(1177, '134151', '2018-01-16 13:35:56'),
	(1179, '134142', '2018-01-16 13:36:01'),
	(1180, '134143', '2018-01-16 13:36:03'),
	(1181, '134142', '2018-01-16 13:36:04'),
	(1182, '134141', '2018-01-16 13:36:08'),
	(1184, '134142', '2018-01-16 13:36:13'),
	(1191, '134143', '2018-01-16 13:36:31'),
	(1194, '134143', '2018-01-16 13:36:38'),
	(1195, '134142', '2018-01-16 13:36:40'),
	(1198, '134141', '2018-01-16 13:36:49'),
	(1199, '134132', '2018-01-16 13:36:51'),
	(1200, '134131', '2018-01-16 13:36:54'),
	(1201, '134131', '2018-01-16 13:36:56'),
	(1202, '134132', '2018-01-16 13:36:57'),
	(1203, '134132', '2018-01-16 13:37:01'),
	(1204, '134123', '2018-01-16 13:37:03'),
	(1205, '134122', '2018-01-16 13:37:06'),
	(1206, '134123', '2018-01-16 13:37:09'),
	(1207, '134122', '2018-01-16 13:37:11'),
	(1209, '134122', '2018-01-16 13:37:16'),
	(1210, '134122', '2018-01-16 13:37:19'),
	(1216, '134121', '2018-01-16 13:37:33'),
	(1218, '134121', '2018-01-16 13:37:39'),
	(1219, '134120', '2018-01-16 13:37:40'),
	(1220, '134121', '2018-01-16 13:37:43'),
	(1221, '134122', '2018-01-16 13:37:45'),
	(1223, '134132', '2018-01-16 13:37:52'),
	(1235, '134133', '2018-01-16 13:38:22'),
	(1236, '134132', '2018-01-16 13:38:23'),
	(1238, '134122', '2018-01-16 13:38:29'),
	(1240, '134121', '2018-01-16 13:38:32'),
	(1245, '134122', '2018-01-16 13:38:44'),
	(1246, '134122', '2018-01-16 13:38:47'),
	(1250, '134123', '2018-01-16 13:38:57'),
	(1251, '134122', '2018-01-16 13:38:58'),
	(1252, '134123', '2018-01-16 13:39:00'),
	(1253, '134112', '2018-01-16 13:39:03'),
	(1254, '134121', '2018-01-16 13:39:05'),
	(1255, '134122', '2018-01-16 13:39:08'),
	(1257, '134121', '2018-01-16 13:39:14'),
	(1259, '134122', '2018-01-16 13:39:18'),
	(1260, '134122', '2018-01-16 13:39:20'),
	(1262, '134113', '2018-01-16 13:39:30'),
	(1263, '134111', '2018-01-16 13:39:33'),
	(1265, '134102', '2018-01-16 13:39:36'),
	(1268, '134101', '2018-01-16 13:39:43'),
	(1271, '134091', '2018-01-16 13:39:53'),
	(1272, '134092', '2018-01-16 13:39:54'),
	(1273, '134091', '2018-01-16 13:39:56'),
	(1275, '134091', '2018-01-16 13:40:02'),
	(1276, '134092', '2018-01-16 13:40:03'),
	(1277, '134100', '2018-01-16 13:40:07'),
	(1278, '134092', '2018-01-16 13:40:10'),
	(1279, '134093', '2018-01-16 13:40:12'),
	(1280, '134093', '2018-01-16 13:40:14'),
	(1281, '134091', '2018-01-16 13:40:17'),
	(1282, '134082', '2018-01-16 13:40:21'),
	(1283, '134073', '2018-01-16 13:40:24'),
	(1284, '134072', '2018-01-16 13:40:27'),
	(1285, '134071', '2018-01-16 13:40:28'),
	(1286, '134072', '2018-01-16 13:40:32'),
	(1287, '134071', '2018-01-16 13:40:33'),
	(1288, '134071', '2018-01-16 13:40:37'),
	(1289, '134071', '2018-01-16 13:40:39'),
	(1290, '134072', '2018-01-16 13:40:40'),
	(1291, '134071', '2018-01-16 13:40:44'),
	(1292, '134081', '2018-01-16 13:40:46'),
	(1293, '134072', '2018-01-16 13:40:50'),
	(1294, '134072', '2018-01-16 13:40:53'),
	(1295, '134072', '2018-01-16 13:40:56'),
	(1296, '134071', '2018-01-16 13:40:58'),
	(1297, '134073', '2018-01-16 13:41:01'),
	(1298, '134072', '2018-01-16 13:41:03'),
	(1300, '134072', '2018-01-16 13:41:07'),
	(1301, '134080', '2018-01-16 13:41:11'),
	(1303, '134080', '2018-01-16 13:41:15'),
	(1304, '134072', '2018-01-16 13:41:17'),
	(1313, '134072', '2018-01-16 13:41:40'),
	(1314, '134080', '2018-01-16 13:41:43'),
	(1318, '134079', '2018-01-16 13:41:54'),
	(1319, '134080', '2018-01-16 13:41:56'),
	(1329, '134081', '2018-01-16 13:42:23'),
	(1331, '134081', '2018-01-16 13:42:27'),
	(1333, '134082', '2018-01-16 13:42:33'),
	(1334, '134080', '2018-01-16 13:42:37'),
	(1335, '134080', '2018-01-16 13:42:40'),
	(1337, '134081', '2018-01-16 13:42:44'),
	(1341, '134082', '2018-01-16 13:42:54'),
	(1342, '134082', '2018-01-16 13:42:56'),
	(1343, '134081', '2018-01-16 13:42:58'),
	(1344, '134072', '2018-01-16 13:43:02'),
	(1349, '134064', '2018-01-16 13:43:15'),
	(1350, '134064', '2018-01-16 13:43:16'),
	(1351, '134062', '2018-01-16 13:43:18'),
	(1353, '134072', '2018-01-16 13:43:26'),
	(1357, '134073', '2018-01-16 13:43:35'),
	(1360, '134072', '2018-01-16 13:43:42'),
	(1361, '134073', '2018-01-16 13:43:44'),
	(1362, '134073', '2018-01-16 13:43:48'),
	(1366, '134070', '2018-01-16 13:43:57'),
	(1367, '134071', '2018-01-16 13:43:58'),
	(1368, '134061', '2018-01-16 13:44:06'),
	(1369, '134062', '2018-01-16 13:44:07'),
	(1370, '134062', '2018-01-16 13:44:09'),
	(1371, '134062', '2018-01-16 13:44:14'),
	(1372, '134061', '2018-01-16 13:44:15'),
	(1373, '134061', '2018-01-16 13:44:19'),
	(1374, '134060', '2018-01-16 13:44:22'),
	(1375, '134061', '2018-01-16 13:44:25'),
	(1376, '134070', '2018-01-16 13:44:28'),
	(1377, '134068', '2018-01-16 13:44:31'),
	(1378, '134068', '2018-01-16 13:44:34'),
	(1379, '134065', '2018-01-16 13:44:35'),
	(1380, '134069', '2018-01-16 13:44:38'),
	(1381, '134070', '2018-01-16 13:44:45'),
	(1383, '134070', '2018-01-16 13:44:51'),
	(1384, '134069', '2018-01-16 13:44:52'),
	(1385, '134069', '2018-01-16 13:44:54'),
	(1386, '134069', '2018-01-16 13:44:58'),
	(1387, '134070', '2018-01-16 13:44:59'),
	(1390, '134070', '2018-01-16 13:45:08'),
	(1391, '134070', '2018-01-16 13:45:09'),
	(1392, '134069', '2018-01-16 13:45:15'),
	(1393, '134066', '2018-01-16 13:45:17'),
	(1394, '134070', '2018-01-16 13:45:20'),
	(1397, '134071', '2018-01-16 13:45:28'),
	(1398, '134072', '2018-01-16 13:45:31'),
	(1401, '134071', '2018-01-16 13:45:38'),
	(1403, '134071', '2018-01-16 13:45:43'),
	(1404, '134063', '2018-01-16 13:45:46'),
	(1405, '134062', '2018-01-16 13:45:48'),
	(1409, '134053', '2018-01-16 13:45:59'),
	(1410, '134052', '2018-01-16 13:46:01'),
	(1420, '134054', '2018-01-16 13:46:26'),
	(1421, '134054', '2018-01-16 13:46:30'),
	(1422, '134055', '2018-01-16 13:46:32'),
	(1423, '134054', '2018-01-16 13:46:33'),
	(1427, '134054', '2018-01-16 13:46:49'),
	(1428, '134055', '2018-01-16 13:46:53'),
	(1430, '134054', '2018-01-16 13:46:58'),
	(1431, '134045', '2018-01-16 13:47:00'),
	(1432, '134042', '2018-01-16 13:47:03'),
	(1433, '134044', '2018-01-16 13:47:05'),
	(1434, '134044', '2018-01-16 13:47:06'),
	(1435, '134035', '2018-01-16 13:47:11'),
	(1436, '134044', '2018-01-16 13:47:12'),
	(1438, '134024', '2018-01-16 13:47:59'),
	(1439, '134024', '2018-01-16 13:48:01'),
	(1440, '134024', '2018-01-16 13:48:04'),
	(1441, '134024', '2018-01-16 13:48:05'),
	(1442, '134023', '2018-01-16 13:48:09'),
	(1443, '134024', '2018-01-16 13:48:12'),
	(1444, '134025', '2018-01-16 13:48:15'),
	(1445, '134024', '2018-01-16 13:48:17'),
	(1446, '134025', '2018-01-16 13:48:19'),
	(1447, '134015', '2018-01-16 13:48:24'),
	(1448, '134016', '2018-01-16 13:48:34'),
	(1449, '134015', '2018-01-16 13:48:37'),
	(1450, '134016', '2018-01-16 13:48:40'),
	(1451, '134014', '2018-01-16 13:48:43'),
	(1452, '134016', '2018-01-16 13:48:45'),
	(1453, '134025', '2018-01-16 13:48:48'),
	(1455, '134016', '2018-01-16 13:48:56'),
	(1456, '134014', '2018-01-16 13:49:02'),
	(1457, '134024', '2018-01-16 13:49:05'),
	(1458, '134024', '2018-01-16 13:49:08'),
	(1459, '134023', '2018-01-16 13:49:10'),
	(1460, '134023', '2018-01-16 13:49:13'),
	(1461, '134043', '2018-01-16 13:49:16'),
	(1462, '134046', '2018-01-16 13:49:18'),
	(1463, '134045', '2018-01-16 13:49:21'),
	(1464, '134056', '2018-01-16 13:49:23'),
	(1465, '134055', '2018-01-16 13:49:26'),
	(1467, '134066', '2018-01-16 13:49:31'),
	(1469, '134067', '2018-01-16 13:49:39'),
	(1471, '134080', '2018-01-16 13:49:46'),
	(1472, '134076', '2018-01-16 13:49:47'),
	(1474, '134065', '2018-01-16 13:49:54'),
	(1475, '134055', '2018-01-16 13:49:56'),
	(1476, '134035', '2018-01-16 13:49:58'),
	(1477, '134035', '2018-01-16 13:50:01'),
	(1478, '134045', '2018-01-16 13:50:06'),
	(1479, '134044', '2018-01-16 13:50:07'),
	(1480, '134045', '2018-01-16 13:50:12'),
	(1481, '134055', '2018-01-16 13:50:24'),
	(1482, '134064', '2018-01-16 13:50:26'),
	(1483, '134065', '2018-01-16 13:50:32'),
	(1484, '134064', '2018-01-16 13:50:37'),
	(1485, '134065', '2018-01-16 13:50:40'),
	(1486, '134064', '2018-01-16 13:50:41'),
	(1487, '134064', '2018-01-16 13:50:51'),
	(1489, '134063', '2018-01-16 13:51:00'),
	(1490, '134055', '2018-01-16 13:51:01'),
	(1491, '134054', '2018-01-16 13:51:06'),
	(1492, '134055', '2018-01-16 13:51:10'),
	(1493, '134055', '2018-01-16 13:51:13'),
	(1494, '134057', '2018-01-16 13:51:16'),
	(1495, '134055', '2018-01-16 13:51:19'),
	(1496, '134054', '2018-01-16 13:51:21'),
	(1499, '134054', '2018-01-16 13:51:30'),
	(1501, '134054', '2018-01-16 13:51:39'),
	(1502, '134053', '2018-01-16 13:51:47'),
	(1503, '134054', '2018-01-16 13:51:58'),
	(1507, '134055', '2018-01-16 13:52:09'),
	(1508, '134054', '2018-01-16 13:52:13'),
	(1510, '134063', '2018-01-16 13:52:26'),
	(1511, '134063', '2018-01-16 13:52:29'),
	(1512, '134062', '2018-01-16 13:52:40'),
	(1513, '134062', '2018-01-16 13:52:43'),
	(1514, '134063', '2018-01-16 13:52:47'),
	(1515, '134061', '2018-01-16 13:52:49'),
	(1516, '134054', '2018-01-16 13:52:51'),
	(1517, '134053', '2018-01-16 13:52:55'),
	(1519, '134054', '2018-01-16 13:53:03'),
	(1520, '134053', '2018-01-16 13:53:05'),
	(1522, '134053', '2018-01-16 13:53:17'),
	(1523, '134054', '2018-01-16 13:53:21'),
	(1524, '134053', '2018-01-16 13:53:23'),
	(1525, '134062', '2018-01-16 13:53:31'),
	(1526, '134062', '2018-01-16 13:53:34'),
	(1527, '134054', '2018-01-16 13:53:35'),
	(1528, '134062', '2018-01-16 13:53:46'),
	(1529, '134063', '2018-01-16 13:53:47'),
	(1530, '134063', '2018-01-16 13:53:50'),
	(1531, '134063', '2018-01-16 13:53:57'),
	(1532, '134061', '2018-01-16 13:54:03'),
	(1533, '134063', '2018-01-16 13:54:06'),
	(1534, '134062', '2018-01-16 13:54:13'),
	(1535, '134063', '2018-01-16 13:54:17'),
	(1536, '134063', '2018-01-16 13:54:21'),
	(1537, '134063', '2018-01-16 13:54:27'),
	(1538, '134070', '2018-01-16 13:54:33'),
	(1540, '134078', '2018-01-16 13:54:40'),
	(1541, '134070', '2018-01-16 13:54:43'),
	(1542, '134072', '2018-01-16 13:54:47'),
	(1543, '134078', '2018-01-16 13:54:53'),
	(1544, '134081', '2018-01-16 13:54:56'),
	(1545, '134073', '2018-01-16 13:55:04'),
	(1547, '134074', '2018-01-16 13:55:09'),
	(1548, '134072', '2018-01-16 13:55:18'),
	(1549, '134073', '2018-01-16 13:55:20'),
	(1550, '134073', '2018-01-16 13:55:26'),
	(1551, '134072', '2018-01-16 13:55:27'),
	(1552, '134081', '2018-01-16 13:55:35'),
	(1553, '134072', '2018-01-16 13:55:38'),
	(1554, '134073', '2018-01-16 13:55:41'),
	(1555, '134072', '2018-01-16 13:55:45'),
	(1556, '134072', '2018-01-16 13:55:46'),
	(1558, '134082', '2018-01-16 13:55:57'),
	(1559, '134072', '2018-01-16 13:56:04'),
	(1560, '134063', '2018-01-16 13:56:09'),
	(1562, '134063', '2018-01-16 13:56:12'),
	(1563, '134072', '2018-01-16 13:56:14'),
	(1564, '134073', '2018-01-16 13:56:18'),
	(1565, '134072', '2018-01-16 13:56:20'),
	(1567, '134081', '2018-01-16 13:56:25'),
	(1568, '134082', '2018-01-16 13:56:28'),
	(1569, '134103', '2018-01-16 13:56:37'),
	(1570, '134103', '2018-01-16 13:56:39'),
	(1571, '134103', '2018-01-16 13:56:42'),
	(1574, '134103', '2018-01-16 13:56:52'),
	(1577, '134103', '2018-01-16 13:57:07'),
	(1579, '134103', '2018-01-16 13:57:14'),
	(1582, '134103', '2018-01-16 13:57:24'),
	(1584, '134103', '2018-01-16 13:57:29'),
	(1585, '134103', '2018-01-16 13:57:36'),
	(1587, '134104', '2018-01-16 13:57:42'),
	(1588, '134105', '2018-01-16 13:57:53'),
	(1589, '134108', '2018-01-16 13:57:57'),
	(1590, '134113', '2018-01-16 13:57:58'),
	(1591, '134134', '2018-01-16 13:58:03'),
	(1592, '134135', '2018-01-16 13:58:06'),
	(1593, '134134', '2018-01-16 13:58:11'),
	(1594, '134129', '2018-01-16 13:58:13'),
	(1595, '134124', '2018-01-16 13:58:31'),
	(1601, '134125', '2018-01-16 13:58:49'),
	(1602, '134120', '2018-01-16 13:58:53'),
	(1603, '134120', '2018-01-16 13:58:57'),
	(1604, '134116', '2018-01-16 13:59:02'),
	(1606, '134114', '2018-01-16 13:59:06'),
	(1607, '134125', '2018-01-16 13:59:13'),
	(1611, '134115', '2018-01-16 13:59:23'),
	(1612, '134116', '2018-01-16 13:59:24'),
	(1613, '134116', '2018-01-16 13:59:31'),
	(1614, '134116', '2018-01-16 13:59:38'),
	(1617, '134116', '2018-01-16 13:59:46'),
	(1618, '134114', '2018-01-16 13:59:48'),
	(1619, '134115', '2018-01-16 13:59:50'),
	(1620, '134119', '2018-01-16 13:59:55'),
	(1621, '134115', '2018-01-16 13:59:57'),
	(1622, '134115', '2018-01-16 14:00:01'),
	(1623, '134106', '2018-01-16 14:00:03'),
	(1625, '134107', '2018-01-16 14:00:11'),
	(1626, '134107', '2018-01-16 14:00:14'),
	(1627, '134106', '2018-01-16 14:00:16'),
	(1628, '134105', '2018-01-16 14:00:18'),
	(1629, '134106', '2018-01-16 14:00:22'),
	(1630, '134104', '2018-01-16 14:00:25'),
	(1631, '134104', '2018-01-16 14:00:27'),
	(1632, '134105', '2018-01-16 14:00:30'),
	(1633, '134105', '2018-01-16 14:00:31'),
	(1638, '134104', '2018-01-16 14:00:43'),
	(1640, '134105', '2018-01-16 14:00:48'),
	(1641, '134105', '2018-01-16 14:00:52'),
	(1643, '134105', '2018-01-16 14:00:58'),
	(1644, '134085', '2018-01-16 14:01:06'),
	(1645, '134085', '2018-01-16 14:01:10'),
	(1646, '134085', '2018-01-16 14:01:15'),
	(1649, '134093', '2018-01-16 14:01:21'),
	(1650, '134097', '2018-01-16 14:01:24'),
	(1651, '134096', '2018-01-16 14:01:25'),
	(1653, '134095', '2018-01-16 14:01:33'),
	(1654, '134095', '2018-01-16 14:01:38'),
	(1658, '134096', '2018-01-16 14:01:55'),
	(1659, '134096', '2018-01-16 14:01:57'),
	(1660, '134095', '2018-01-16 14:02:01'),
	(1661, '134086', '2018-01-16 14:02:10'),
	(1662, '134085', '2018-01-16 14:02:11'),
	(1663, '134085', '2018-01-16 14:02:15'),
	(1665, '134086', '2018-01-16 14:02:18'),
	(1666, '134084', '2018-01-16 14:02:23'),
	(1668, '134084', '2018-01-16 14:02:27'),
	(1669, '134085', '2018-01-16 14:02:31'),
	(1670, '134094', '2018-01-16 14:02:36'),
	(1671, '134093', '2018-01-16 14:02:37'),
	(1672, '134083', '2018-01-16 14:02:48'),
	(1674, '134085', '2018-01-16 14:02:53'),
	(1676, '134092', '2018-01-16 14:03:00'),
	(1677, '134084', '2018-01-16 14:03:02'),
	(1681, '134084', '2018-01-16 14:03:16'),
	(1683, '134084', '2018-01-16 14:03:21'),
	(1685, '134084', '2018-01-16 14:03:31'),
	(1686, '134083', '2018-01-16 14:03:33'),
	(1687, '134084', '2018-01-16 14:03:34'),
	(1688, '134083', '2018-01-16 14:03:37'),
	(1689, '134084', '2018-01-16 14:03:40'),
	(1691, '134083', '2018-01-16 14:03:45'),
	(1692, '134083', '2018-01-16 14:03:47'),
	(1693, '134084', '2018-01-16 14:03:53'),
	(1694, '134075', '2018-01-16 14:03:56'),
	(1695, '134083', '2018-01-16 14:04:00'),
	(1696, '134080', '2018-01-16 14:04:03'),
	(1697, '134081', '2018-01-16 14:04:05'),
	(1698, '134085', '2018-01-16 14:04:09'),
	(1699, '134077', '2018-01-16 14:04:10'),
	(1700, '134075', '2018-01-16 14:04:15'),
	(1702, '134066', '2018-01-16 14:04:21'),
	(1703, '134061', '2018-01-16 14:04:23'),
	(1704, '134057', '2018-01-16 14:04:28'),
	(1705, '134064', '2018-01-16 14:04:34'),
	(1706, '134065', '2018-01-16 14:04:38'),
	(1707, '134067', '2018-01-16 14:04:41'),
	(1708, '134065', '2018-01-16 14:04:45'),
	(1709, '134066', '2018-01-16 14:04:47'),
	(1710, '134058', '2018-01-16 14:04:50'),
	(1711, '134065', '2018-01-16 14:04:53'),
	(1712, '134066', '2018-01-16 14:04:56'),
	(1713, '134057', '2018-01-16 14:04:58'),
	(1714, '134056', '2018-01-16 14:05:04'),
	(1715, '134056', '2018-01-16 14:05:06'),
	(1718, '134057', '2018-01-16 14:05:14'),
	(1719, '134056', '2018-01-16 14:05:19'),
	(1723, '134057', '2018-01-16 14:05:31'),
	(1724, '134058', '2018-01-16 14:05:36'),
	(1725, '134058', '2018-01-16 14:05:38'),
	(1728, '134057', '2018-01-16 14:05:48'),
	(1729, '134057', '2018-01-16 14:05:52'),
	(1730, '134057', '2018-01-16 14:05:53'),
	(1732, '134056', '2018-01-16 14:06:04'),
	(1734, '134056', '2018-01-16 14:06:10'),
	(1735, '134057', '2018-01-16 14:06:12'),
	(1736, '134056', '2018-01-16 14:06:13'),
	(1737, '134047', '2018-01-16 14:06:17'),
	(1738, '134048', '2018-01-16 14:06:20'),
	(1740, '134047', '2018-01-16 14:06:25'),
	(1742, '134047', '2018-01-16 14:06:31'),
	(1744, '134056', '2018-01-16 14:06:36'),
	(1745, '134056', '2018-01-16 14:06:40'),
	(1746, '134056', '2018-01-16 14:06:46'),
	(1747, '134048', '2018-01-16 14:06:48'),
	(1748, '134046', '2018-01-16 14:06:51'),
	(1749, '134047', '2018-01-16 14:06:54'),
	(1750, '134037', '2018-01-16 14:07:30'),
	(1751, '134036', '2018-01-16 14:07:34'),
	(1752, '134036', '2018-01-16 14:07:36'),
	(1753, '134035', '2018-01-16 14:07:37'),
	(1754, '134027', '2018-01-16 14:07:41'),
	(1755, '134028', '2018-01-16 14:07:42'),
	(1756, '134025', '2018-01-16 14:07:45'),
	(1757, '134026', '2018-01-16 14:07:48'),
	(1758, '134027', '2018-01-16 14:07:50'),
	(1759, '134027', '2018-01-16 14:07:53'),
	(1760, '134026', '2018-01-16 14:07:55'),
	(1761, '134027', '2018-01-16 14:07:58'),
	(1762, '134042', '2018-01-16 14:08:02'),
	(1765, '134047', '2018-01-16 14:08:09'),
	(1766, '134046', '2018-01-16 14:08:11'),
	(1767, '134047', '2018-01-16 14:08:13'),
	(1768, '134046', '2018-01-16 14:08:16'),
	(1769, '134056', '2018-01-16 14:08:18'),
	(1770, '134048', '2018-01-16 14:08:21'),
	(1771, '134041', '2018-01-16 14:08:24'),
	(1772, '134037', '2018-01-16 14:08:26'),
	(1773, '134047', '2018-01-16 14:08:27'),
	(1774, '134047', '2018-01-16 14:08:31'),
	(1775, '134046', '2018-01-16 14:08:32'),
	(1776, '134039', '2018-01-16 14:08:36'),
	(1779, '134046', '2018-01-16 14:08:42'),
	(1780, '134047', '2018-01-16 14:08:45'),
	(1781, '134047', '2018-01-16 14:08:48'),
	(1784, '134048', '2018-01-16 14:08:55'),
	(1785, '134047', '2018-01-16 14:08:57'),
	(1787, '134046', '2018-01-16 14:09:03'),
	(1788, '134047', '2018-01-16 14:09:04'),
	(1789, '134046', '2018-01-16 14:09:07'),
	(1790, '134044', '2018-01-16 14:09:11'),
	(1791, '134045', '2018-01-16 14:09:13'),
	(1793, '134047', '2018-01-16 14:09:21'),
	(1794, '134047', '2018-01-16 14:09:23'),
	(1795, '134046', '2018-01-16 14:09:25'),
	(1796, '134037', '2018-01-16 14:09:29'),
	(1797, '134046', '2018-01-16 14:09:30'),
	(1798, '134045', '2018-01-16 14:09:32'),
	(1799, '134036', '2018-01-16 14:09:36'),
	(1800, '134037', '2018-01-16 14:09:40'),
	(1801, '134036', '2018-01-16 14:09:42'),
	(1802, '134036', '2018-01-16 14:09:45'),
	(1804, '134036', '2018-01-16 14:09:51'),
	(1805, '134045', '2018-01-16 14:09:54'),
	(1806, '134044', '2018-01-16 14:09:56'),
	(1807, '134036', '2018-01-16 14:09:59'),
	(1808, '134035', '2018-01-16 14:10:01'),
	(1812, '134035', '2018-01-16 14:10:12'),
	(1813, '134034', '2018-01-16 14:10:13'),
	(1814, '134035', '2018-01-16 14:10:17'),
	(1815, '134037', '2018-01-16 14:10:20'),
	(1816, '134036', '2018-01-16 14:10:21'),
	(1818, '134036', '2018-01-16 14:10:32'),
	(1820, '134045', '2018-01-16 14:10:36'),
	(1822, '134046', '2018-01-16 14:10:42'),
	(1826, '134045', '2018-01-16 14:10:52'),
	(1827, '134046', '2018-01-16 14:10:53'),
	(1828, '134045', '2018-01-16 14:10:57'),
	(1830, '134046', '2018-01-16 14:11:01'),
	(1831, '134046', '2018-01-16 14:11:04'),
	(1832, '134047', '2018-01-16 14:11:07'),
	(1833, '134054', '2018-01-16 14:11:11'),
	(1834, '134054', '2018-01-16 14:11:14'),
	(1835, '134055', '2018-01-16 14:11:15'),
	(1836, '134056', '2018-01-16 14:11:18'),
	(1838, '134056', '2018-01-16 14:11:23'),
	(1840, '134055', '2018-01-16 14:11:28'),
	(1841, '134056', '2018-01-16 14:11:33'),
	(1842, '134057', '2018-01-16 14:11:39'),
	(1843, '134055', '2018-01-16 14:11:42'),
	(1844, '134056', '2018-01-16 14:11:43'),
	(1846, '134065', '2018-01-16 14:11:50'),
	(1847, '134064', '2018-01-16 14:11:53'),
	(1848, '134057', '2018-01-16 14:11:55'),
	(1850, '134057', '2018-01-16 14:12:01'),
	(1851, '134057', '2018-01-16 14:12:02'),
	(1852, '134057', '2018-01-16 14:12:06'),
	(1853, '134066', '2018-01-16 14:12:08'),
	(1854, '134065', '2018-01-16 14:12:10'),
	(1855, '134066', '2018-01-16 14:12:12'),
	(1858, '134067', '2018-01-16 14:12:18'),
	(1859, '134076', '2018-01-16 14:12:25'),
	(1860, '134068', '2018-01-16 14:12:31'),
	(1861, '134066', '2018-01-16 14:12:33'),
	(1864, '134067', '2018-01-16 14:12:42'),
	(1865, '134066', '2018-01-16 14:12:43'),
	(1867, '134067', '2018-01-16 14:12:49'),
	(1868, '134067', '2018-01-16 14:12:51'),
	(1869, '134047', '2018-01-16 14:12:55'),
	(1871, '134046', '2018-01-16 14:12:58'),
	(1872, '134047', '2018-01-16 14:13:02'),
	(1873, '134046', '2018-01-16 14:13:05'),
	(1876, '134056', '2018-01-16 14:13:11'),
	(1879, '134048', '2018-01-16 14:13:21'),
	(1880, '134047', '2018-01-16 14:13:24'),
	(1881, '134047', '2018-01-16 14:13:27'),
	(1883, '134047', '2018-01-16 14:13:30'),
	(1884, '134056', '2018-01-16 14:13:31'),
	(1889, '134047', '2018-01-16 14:13:46'),
	(1890, '134056', '2018-01-16 14:13:48'),
	(1891, '134057', '2018-01-16 14:13:51'),
	(1893, '134057', '2018-01-16 14:13:57'),
	(1895, '134056', '2018-01-16 14:14:00'),
	(1896, '134056', '2018-01-16 14:14:03'),
	(1898, '134056', '2018-01-16 14:14:07'),
	(1899, '134057', '2018-01-16 14:14:09'),
	(1900, '134056', '2018-01-16 14:14:11'),
	(1903, '134057', '2018-01-16 14:14:20'),
	(1905, '134056', '2018-01-16 14:14:23'),
	(1906, '134056', '2018-01-16 14:14:25'),
	(1907, '134056', '2018-01-16 14:14:29'),
	(1908, '134049', '2018-01-16 14:14:32'),
	(1909, '134048', '2018-01-16 14:14:34'),
	(1910, '134047', '2018-01-16 14:14:36'),
	(1918, '134047', '2018-01-16 14:14:56'),
	(1919, '134045', '2018-01-16 14:14:59'),
	(1920, '134038', '2018-01-16 14:15:02'),
	(1921, '134028', '2018-01-16 14:15:04'),
	(1922, '134027', '2018-01-16 14:15:06'),
	(1923, '134035', '2018-01-16 14:15:08'),
	(1924, '134037', '2018-01-16 14:15:11'),
	(1925, '134036', '2018-01-16 14:15:14'),
	(1926, '134036', '2018-01-16 14:15:17'),
	(1927, '134035', '2018-01-16 14:15:19'),
	(1928, '134036', '2018-01-16 14:15:21'),
	(1929, '134037', '2018-01-16 14:15:23'),
	(1930, '134036', '2018-01-16 14:15:25'),
	(1936, '134037', '2018-01-16 14:15:40'),
	(1937, '134038', '2018-01-16 14:15:43'),
	(1939, '134037', '2018-01-16 14:15:48'),
	(1940, '134038', '2018-01-16 14:15:54'),
	(1941, '134038', '2018-01-16 14:16:01'),
	(1942, '134039', '2018-01-16 14:16:02'),
	(1944, '134038', '2018-01-16 14:16:11'),
	(1945, '134038', '2018-01-16 14:16:15'),
	(1946, '134038', '2018-01-16 14:16:17'),
	(1947, '134038', '2018-01-16 14:16:20'),
	(1948, '134037', '2018-01-16 14:16:23'),
	(1950, '134038', '2018-01-16 14:16:27'),
	(1951, '134047', '2018-01-16 14:16:31'),
	(1952, '134047', '2018-01-16 14:16:34'),
	(1953, '134046', '2018-01-16 14:16:36'),
	(1955, '134046', '2018-01-16 14:16:41'),
	(1956, '134047', '2018-01-16 14:16:43'),
	(1957, '134046', '2018-01-16 14:16:46'),
	(1958, '134048', '2018-01-16 14:16:49'),
	(1959, '134048', '2018-01-16 14:16:52'),
	(1960, '134057', '2018-01-16 14:16:54'),
	(1966, '134057', '2018-01-16 14:17:09'),
	(1967, '134056', '2018-01-16 14:17:11'),
	(1968, '134057', '2018-01-16 14:17:14'),
	(1969, '134057', '2018-01-16 14:17:16'),
	(1971, '134057', '2018-01-16 14:17:21'),
	(1972, '134058', '2018-01-16 14:17:24'),
	(1973, '134057', '2018-01-16 14:17:25'),
	(1974, '134048', '2018-01-16 14:17:29'),
	(1975, '134047', '2018-01-16 14:17:31'),
	(1976, '134038', '2018-01-16 14:17:33'),
	(1977, '134046', '2018-01-16 14:17:37'),
	(1978, '134047', '2018-01-16 14:17:39'),
	(1979, '134047', '2018-01-16 14:17:42'),
	(1980, '134038', '2018-01-16 14:17:45'),
	(1981, '134047', '2018-01-16 14:17:48'),
	(1982, '134042', '2018-01-16 14:17:50'),
	(1983, '134047', '2018-01-16 14:17:52'),
	(1984, '134046', '2018-01-16 14:17:54'),
	(1986, '134046', '2018-01-16 14:18:00'),
	(1987, '134046', '2018-01-16 14:18:02'),
	(1989, '134047', '2018-01-16 14:18:06'),
	(1990, '134046', '2018-01-16 14:18:09'),
	(1992, '134046', '2018-01-16 14:18:14'),
	(1996, '134047', '2018-01-16 14:18:24'),
	(1998, '134038', '2018-01-16 14:18:29'),
	(1999, '134038', '2018-01-16 14:18:31'),
	(2000, '134046', '2018-01-16 14:18:34'),
	(2001, '134047', '2018-01-16 14:18:35'),
	(2002, '134047', '2018-01-16 14:18:39'),
	(2004, '134037', '2018-01-16 14:18:45'),
	(2005, '134036', '2018-01-16 14:18:46'),
	(2006, '134037', '2018-01-16 14:18:48'),
	(2008, '134036', '2018-01-16 14:18:52'),
	(2010, '134036', '2018-01-16 14:18:57'),
	(2011, '134037', '2018-01-16 14:19:00'),
	(2013, '134046', '2018-01-16 14:19:05'),
	(2015, '134047', '2018-01-16 14:19:09'),
	(2016, '134046', '2018-01-16 14:19:13'),
	(2017, '134046', '2018-01-16 14:19:15'),
	(2020, '134046', '2018-01-16 14:19:23'),
	(2021, '134047', '2018-01-16 14:19:29'),
	(2022, '134047', '2018-01-16 14:19:33'),
	(2024, '134047', '2018-01-16 14:19:36'),
	(2025, '134047', '2018-01-16 14:19:40'),
	(2029, '134047', '2018-01-16 14:19:49'),
	(2031, '134038', '2018-01-16 14:19:54'),
	(2032, '134037', '2018-01-16 14:19:56'),
	(2037, '134038', '2018-01-16 14:20:06'),
	(2044, '134039', '2018-01-16 14:20:26'),
	(2047, '134047', '2018-01-16 14:20:32'),
	(2048, '134047', '2018-01-16 14:20:33'),
	(2050, '134039', '2018-01-16 14:20:39'),
	(2060, '134039', '2018-01-16 14:21:03'),
	(2062, '134038', '2018-01-16 14:21:07'),
	(2063, '134039', '2018-01-16 14:21:11'),
	(2065, '134039', '2018-01-16 14:21:16'),
	(2066, '134038', '2018-01-16 14:21:21'),
	(2067, '134037', '2018-01-16 14:21:24'),
	(2068, '134038', '2018-01-16 14:21:25'),
	(2069, '134030', '2018-01-16 14:21:33'),
	(2070, '134028', '2018-01-16 14:21:34'),
	(2072, '134027', '2018-01-16 14:21:41'),
	(2073, '134028', '2018-01-16 14:21:42'),
	(2078, '134027', '2018-01-16 14:21:59'),
	(2079, '134028', '2018-01-16 14:22:01'),
	(2080, '134027', '2018-01-16 14:22:04'),
	(2081, '134028', '2018-01-16 14:22:05'),
	(2082, '134034', '2018-01-16 14:22:09'),
	(2083, '134018', '2018-01-16 14:22:12'),
	(2084, '134028', '2018-01-16 14:22:14'),
	(2085, '134028', '2018-01-16 14:22:17'),
	(2091, '134028', '2018-01-16 14:22:40'),
	(2092, '134028', '2018-01-16 14:22:43'),
	(2097, '134028', '2018-01-16 14:23:06'),
	(2099, '134037', '2018-01-16 14:23:11'),
	(2105, '134038', '2018-01-16 14:23:31'),
	(2106, '134037', '2018-01-16 14:23:32'),
	(2107, '134037', '2018-01-16 14:23:38'),
	(2108, '134037', '2018-01-16 14:23:40'),
	(2109, '134038', '2018-01-16 14:23:43'),
	(2115, '134038', '2018-01-16 14:24:00'),
	(2121, '134042', '2018-01-16 14:24:16'),
	(2123, '134040', '2018-01-16 14:24:20'),
	(2126, '134041', '2018-01-16 14:24:29'),
	(2127, '134047', '2018-01-16 14:24:31'),
	(2128, '134048', '2018-01-16 14:24:33'),
	(2129, '134047', '2018-01-16 14:24:42'),
	(2130, '134039', '2018-01-16 14:24:44'),
	(2131, '134038', '2018-01-16 14:24:46'),
	(2133, '134029', '2018-01-16 14:24:51'),
	(2136, '134037', '2018-01-16 14:24:57'),
	(2137, '134038', '2018-01-16 14:24:59'),
	(2138, '134038', '2018-01-16 14:25:02'),
	(2139, '134037', '2018-01-16 14:25:03'),
	(2140, '134047', '2018-01-16 14:25:07'),
	(2141, '134049', '2018-01-16 14:25:08'),
	(2144, '134049', '2018-01-16 14:25:18'),
	(2145, '134049', '2018-01-16 14:25:19'),
	(2146, '134050', '2018-01-16 14:25:21'),
	(2147, '134049', '2018-01-16 14:25:22'),
	(2152, '134048', '2018-01-16 14:25:37'),
	(2156, '134047', '2018-01-16 14:25:44'),
	(2159, '134048', '2018-01-16 14:25:54'),
	(2160, '134048', '2018-01-16 14:25:57'),
	(2161, '134048', '2018-01-16 14:26:00'),
	(2162, '134047', '2018-01-16 14:26:01'),
	(2164, '134047', '2018-01-16 14:26:07'),
	(2165, '134038', '2018-01-16 14:26:11'),
	(2166, '134038', '2018-01-16 14:26:12'),
	(2168, '134047', '2018-01-16 14:26:18'),
	(2169, '134048', '2018-01-16 14:26:22'),
	(2170, '134047', '2018-01-16 14:26:28'),
	(2172, '134047', '2018-01-16 14:26:32'),
	(2173, '134048', '2018-01-16 14:26:37'),
	(2175, '134058', '2018-01-16 14:26:45'),
	(2176, '134059', '2018-01-16 14:26:50'),
	(2177, '134058', '2018-01-16 14:26:51'),
	(2179, '134059', '2018-01-16 14:27:00'),
	(2180, '134058', '2018-01-16 14:27:04'),
	(2181, '134050', '2018-01-16 14:27:05'),
	(2182, '134050', '2018-01-16 14:27:09'),
	(2184, '134050', '2018-01-16 14:27:16'),
	(2185, '134049', '2018-01-16 14:27:17'),
	(2186, '134041', '2018-01-16 14:27:22'),
	(2187, '134050', '2018-01-16 14:27:23'),
	(2188, '134050', '2018-01-16 14:27:26'),
	(2189, '134057', '2018-01-16 14:27:30'),
	(2200, '134057', '2018-01-16 14:28:01'),
	(2206, '134049', '2018-01-16 14:28:16'),
	(2208, '134050', '2018-01-16 14:28:22'),
	(2209, '134049', '2018-01-16 14:28:24'),
	(2212, '134051', '2018-01-16 14:28:33'),
	(2219, '134050', '2018-01-16 14:28:49'),
	(2220, '134049', '2018-01-16 14:28:51'),
	(2222, '134058', '2018-01-16 14:28:56'),
	(2223, '134058', '2018-01-16 14:29:02'),
	(2224, '134059', '2018-01-16 14:29:05'),
	(2225, '134058', '2018-01-16 14:29:12'),
	(2226, '134059', '2018-01-16 14:29:13'),
	(2230, '134060', '2018-01-16 14:29:28'),
	(2231, '134061', '2018-01-16 14:29:33'),
	(2232, '134069', '2018-01-16 14:29:36'),
	(2235, '134068', '2018-01-16 14:29:46'),
	(2238, '134071', '2018-01-16 14:29:52'),
	(2239, '134062', '2018-01-16 14:29:55'),
	(2240, '134061', '2018-01-16 14:29:58'),
	(2241, '134061', '2018-01-16 14:30:00'),
	(2242, '134061', '2018-01-16 14:30:04'),
	(2243, '134061', '2018-01-16 14:30:07'),
	(2248, '134070', '2018-01-16 14:30:18'),
	(2254, '134070', '2018-01-16 14:30:34'),
	(2258, '134071', '2018-01-16 14:30:42'),
	(2259, '134072', '2018-01-16 14:30:45'),
	(2261, '134076', '2018-01-16 14:30:49'),
	(2262, '134072', '2018-01-16 14:30:51'),
	(2263, '134071', '2018-01-16 14:30:52'),
	(2266, '134072', '2018-01-16 14:31:01'),
	(2267, '134075', '2018-01-16 14:31:09'),
	(2268, '134071', '2018-01-16 14:31:12'),
	(2269, '134079', '2018-01-16 14:31:14'),
	(2270, '134074', '2018-01-16 14:31:17'),
	(2271, '134072', '2018-01-16 14:31:18'),
	(2272, '134071', '2018-01-16 14:31:20'),
	(2274, '134070', '2018-01-16 14:31:26'),
	(2275, '134070', '2018-01-16 14:31:28'),
	(2276, '134070', '2018-01-16 14:31:33'),
	(2279, '134071', '2018-01-16 14:31:39'),
	(2281, '134079', '2018-01-16 14:31:46'),
	(2282, '134072', '2018-01-16 14:31:48'),
	(2283, '134077', '2018-01-16 14:31:51'),
	(2284, '134080', '2018-01-16 14:31:54'),
	(2290, '134079', '2018-01-16 14:32:11'),
	(2291, '134080', '2018-01-16 14:32:12'),
	(2292, '134081', '2018-01-16 14:32:16'),
	(2293, '134080', '2018-01-16 14:32:17'),
	(2294, '134089', '2018-01-16 14:32:21'),
	(2296, '134090', '2018-01-16 14:32:26'),
	(2297, '134089', '2018-01-16 14:32:28'),
	(2299, '134090', '2018-01-16 14:32:33'),
	(2300, '134099', '2018-01-16 14:32:36'),
	(2301, '134099', '2018-01-16 14:32:38'),
	(2302, '134099', '2018-01-16 14:32:40'),
	(2303, '134100', '2018-01-16 14:32:44'),
	(2304, '134110', '2018-01-16 14:32:46'),
	(2305, '134119', '2018-01-16 14:32:49'),
	(2306, '134119', '2018-01-16 14:32:52'),
	(2307, '134119', '2018-01-16 14:32:53'),
	(2308, '134126', '2018-01-16 14:32:58'),
	(2309, '134120', '2018-01-16 14:33:03'),
	(2310, '134121', '2018-01-16 14:33:05'),
	(2311, '134108', '2018-01-16 14:33:08'),
	(2312, '134108', '2018-01-16 14:33:09'),
	(2313, '134110', '2018-01-16 14:33:15'),
	(2314, '134110', '2018-01-16 14:33:16'),
	(2315, '134109', '2018-01-16 14:33:19'),
	(2316, '134118', '2018-01-16 14:33:22'),
	(2317, '134119', '2018-01-16 14:33:23'),
	(2318, '134119', '2018-01-16 14:33:27'),
	(2319, '134118', '2018-01-16 14:33:30'),
	(2320, '134119', '2018-01-16 14:33:32'),
	(2322, '134111', '2018-01-16 14:33:38'),
	(2323, '134122', '2018-01-16 14:33:41'),
	(2325, '134112', '2018-01-16 14:33:46'),
	(2326, '134122', '2018-01-16 14:33:49'),
	(2327, '134123', '2018-01-16 14:33:53'),
	(2328, '134122', '2018-01-16 14:33:55'),
	(2330, '134132', '2018-01-16 14:34:00'),
	(2331, '134131', '2018-01-16 14:34:03'),
	(2332, '134132', '2018-01-16 14:34:06'),
	(2333, '134123', '2018-01-16 14:34:08'),
	(2334, '134123', '2018-01-16 14:34:11'),
	(2335, '134123', '2018-01-16 14:34:14'),
	(2336, '134112', '2018-01-16 14:34:17'),
	(2337, '134120', '2018-01-16 14:34:19'),
	(2338, '134130', '2018-01-16 14:34:23'),
	(2339, '134131', '2018-01-16 14:34:24'),
	(2341, '134132', '2018-01-16 14:34:29'),
	(2342, '134131', '2018-01-16 14:34:32'),
	(2344, '134131', '2018-01-16 14:34:39'),
	(2345, '134122', '2018-01-16 14:34:40'),
	(2346, '134120', '2018-01-16 14:34:46'),
	(2348, '134121', '2018-01-16 14:34:53'),
	(2349, '134120', '2018-01-16 14:34:55'),
	(2351, '134121', '2018-01-16 14:35:00'),
	(2352, '134113', '2018-01-16 14:35:04'),
	(2353, '134121', '2018-01-16 14:35:05'),
	(2354, '134121', '2018-01-16 14:35:10'),
	(2355, '134120', '2018-01-16 14:35:12'),
	(2356, '134121', '2018-01-16 14:35:14'),
	(2357, '134120', '2018-01-16 14:35:15'),
	(2359, '134119', '2018-01-16 14:35:21'),
	(2360, '134109', '2018-01-16 14:35:24'),
	(2363, '134101', '2018-01-16 14:35:31'),
	(2364, '134109', '2018-01-16 14:35:34'),
	(2365, '134119', '2018-01-16 14:35:37'),
	(2366, '134110', '2018-01-16 14:35:40'),
	(2367, '134105', '2018-01-16 14:35:42'),
	(2368, '134105', '2018-01-16 14:35:46'),
	(2369, '134109', '2018-01-16 14:35:47'),
	(2370, '134109', '2018-01-16 14:35:51'),
	(2371, '134102', '2018-01-16 14:35:54'),
	(2373, '134108', '2018-01-16 14:35:58'),
	(2374, '134109', '2018-01-16 14:36:00'),
	(2376, '134131', '2018-01-16 14:36:06'),
	(2377, '134129', '2018-01-16 14:36:09'),
	(2378, '134131', '2018-01-16 14:36:12'),
	(2379, '134122', '2018-01-16 14:36:14'),
	(2380, '134121', '2018-01-16 14:36:17'),
	(2381, '134122', '2018-01-16 14:36:18'),
	(2382, '134122', '2018-01-16 14:36:21'),
	(2383, '134122', '2018-01-16 14:36:24'),
	(2385, '134131', '2018-01-16 14:36:28'),
	(2386, '134123', '2018-01-16 14:36:31'),
	(2387, '134122', '2018-01-16 14:36:38'),
	(2388, '134141', '2018-01-16 14:36:41'),
	(2390, '134133', '2018-01-16 14:36:46'),
	(2391, '134151', '2018-01-16 14:36:50'),
	(2392, '134143', '2018-01-16 14:36:54'),
	(2393, '134143', '2018-01-16 14:36:55'),
	(2394, '134159', '2018-01-16 14:36:58'),
	(2395, '134150', '2018-01-16 14:37:01'),
	(2396, '134150', '2018-01-16 14:37:06'),
	(2397, '134151', '2018-01-16 14:37:08'),
	(2398, '134150', '2018-01-16 14:37:09'),
	(2400, '134151', '2018-01-16 14:37:17'),
	(2401, '134150', '2018-01-16 14:37:18'),
	(2403, '134150', '2018-01-16 14:37:24'),
	(2404, '134149', '2018-01-16 14:37:26'),
	(2405, '134148', '2018-01-16 14:37:35'),
	(2406, '134150', '2018-01-16 14:37:36'),
	(2407, '134149', '2018-01-16 14:37:40'),
	(2408, '134141', '2018-01-16 14:37:42'),
	(2409, '134141', '2018-01-16 14:37:45'),
	(2411, '134140', '2018-01-16 14:37:50'),
	(2414, '134141', '2018-01-16 14:37:57'),
	(2415, '134143', '2018-01-16 14:38:01'),
	(2416, '134150', '2018-01-16 14:38:03'),
	(2417, '134151', '2018-01-16 14:38:06'),
	(2418, '134142', '2018-01-16 14:38:08'),
	(2419, '134142', '2018-01-16 14:38:11'),
	(2420, '134141', '2018-01-16 14:38:13'),
	(2422, '134140', '2018-01-16 14:38:17'),
	(2423, '134139', '2018-01-16 14:38:22'),
	(2424, '134139', '2018-01-16 14:38:24'),
	(2425, '134140', '2018-01-16 14:38:25'),
	(2426, '134132', '2018-01-16 14:38:29'),
	(2427, '134131', '2018-01-16 14:38:33'),
	(2429, '134130', '2018-01-16 14:38:38'),
	(2432, '134121', '2018-01-16 14:38:46'),
	(2435, '134111', '2018-01-16 14:38:54'),
	(2436, '134121', '2018-01-16 14:38:56'),
	(2438, '134120', '2018-01-16 14:39:03'),
	(2443, '134130', '2018-01-16 14:39:20'),
	(2444, '134130', '2018-01-16 14:39:25'),
	(2445, '134133', '2018-01-16 14:39:31'),
	(2446, '134142', '2018-01-16 14:39:34'),
	(2447, '134143', '2018-01-16 14:39:38'),
	(2451, '134132', '2018-01-16 14:39:49'),
	(2452, '134132', '2018-01-16 14:39:52'),
	(2453, '134133', '2018-01-16 14:39:53'),
	(2454, '134133', '2018-01-16 14:39:55'),
	(2458, '134131', '2018-01-16 14:40:07'),
	(2459, '134130', '2018-01-16 14:40:10'),
	(2461, '134121', '2018-01-16 14:40:14'),
	(2464, '134130', '2018-01-16 14:40:23'),
	(2466, '134140', '2018-01-16 14:40:28'),
	(2471, '134132', '2018-01-16 14:40:41'),
	(2472, '134141', '2018-01-16 14:40:44'),
	(2473, '134143', '2018-01-16 14:40:46'),
	(2474, '134132', '2018-01-16 14:40:47'),
	(2475, '134133', '2018-01-16 14:40:51'),
	(2477, '134141', '2018-01-16 14:40:56'),
	(2478, '134151', '2018-01-16 14:41:00'),
	(2479, '134151', '2018-01-16 14:41:04'),
	(2480, '134144', '2018-01-16 14:41:06'),
	(2481, '134142', '2018-01-16 14:41:09'),
	(2482, '134142', '2018-01-16 14:41:11'),
	(2483, '134142', '2018-01-16 14:41:14'),
	(2484, '134141', '2018-01-16 14:41:17'),
	(2487, '134150', '2018-01-16 14:41:23'),
	(2492, '134145', '2018-01-16 14:41:37'),
	(2493, '134146', '2018-01-16 14:41:39'),
	(2494, '134141', '2018-01-16 14:41:41'),
	(2495, '134141', '2018-01-16 14:41:45'),
	(2497, '134146', '2018-01-16 14:41:51'),
	(2498, '134142', '2018-01-16 14:41:54'),
	(2500, '134145', '2018-01-16 14:42:00'),
	(2501, '134143', '2018-01-16 14:42:03'),
	(2502, '134141', '2018-01-16 14:42:05'),
	(2503, '134140', '2018-01-16 14:42:06'),
	(2509, '134140', '2018-01-16 14:42:21'),
	(2511, '134131', '2018-01-16 14:42:27'),
	(2512, '134132', '2018-01-16 14:42:30'),
	(2513, '134131', '2018-01-16 14:42:31'),
	(2515, '134130', '2018-01-16 14:42:38'),
	(2521, '134131', '2018-01-16 14:42:55'),
	(2522, '134130', '2018-01-16 14:42:57'),
	(2524, '134131', '2018-01-16 14:43:03'),
	(2525, '134131', '2018-01-16 14:43:05'),
	(2526, '134130', '2018-01-16 14:43:07'),
	(2527, '134131', '2018-01-16 14:43:08'),
	(2528, '134131', '2018-01-16 14:43:12'),
	(2529, '134131', '2018-01-16 14:43:17'),
	(2530, '134130', '2018-01-16 14:43:20'),
	(2531, '134122', '2018-01-16 14:43:21'),
	(2532, '134122', '2018-01-16 14:43:26'),
	(2533, '134122', '2018-01-16 14:43:31'),
	(2534, '134122', '2018-01-16 14:43:34'),
	(2535, '134122', '2018-01-16 14:43:37'),
	(2537, '134113', '2018-01-16 14:43:43'),
	(2538, '134112', '2018-01-16 14:43:44'),
	(2539, '134110', '2018-01-16 14:43:49'),
	(2540, '134111', '2018-01-16 14:43:51'),
	(2541, '134110', '2018-01-16 14:43:54'),
	(2544, '134121', '2018-01-16 14:44:03'),
	(2545, '134123', '2018-01-16 14:44:05'),
	(2546, '134113', '2018-01-16 14:44:09'),
	(2547, '134113', '2018-01-16 14:44:10'),
	(2548, '134112', '2018-01-16 14:44:14'),
	(2550, '134111', '2018-01-16 14:44:22'),
	(2555, '134110', '2018-01-16 14:44:40'),
	(2556, '134113', '2018-01-16 14:44:45'),
	(2557, '134111', '2018-01-16 14:44:47'),
	(2558, '134112', '2018-01-16 14:44:52'),
	(2560, '134111', '2018-01-16 14:44:59'),
	(2561, '134108', '2018-01-16 14:45:01'),
	(2562, '134102', '2018-01-16 14:45:03'),
	(2563, '134102', '2018-01-16 14:45:06'),
	(2565, '134104', '2018-01-16 14:45:12'),
	(2566, '134111', '2018-01-16 14:45:15'),
	(2567, '134118', '2018-01-16 14:45:17'),
	(2568, '134121', '2018-01-16 14:45:20'),
	(2569, '134113', '2018-01-16 14:45:23'),
	(2570, '134112', '2018-01-16 14:45:24'),
	(2571, '134111', '2018-01-16 14:45:27'),
	(2573, '134111', '2018-01-16 14:45:33'),
	(2574, '134111', '2018-01-16 14:45:36'),
	(2577, '134111', '2018-01-16 14:45:43'),
	(2579, '134111', '2018-01-16 14:45:48'),
	(2580, '134112', '2018-01-16 14:45:51'),
	(2581, '134111', '2018-01-16 14:45:55'),
	(2585, '134110', '2018-01-16 14:46:10'),
	(2590, '134110', '2018-01-16 14:46:25'),
	(2591, '134112', '2018-01-16 14:46:29'),
	(2592, '134111', '2018-01-16 14:46:31'),
	(2593, '134110', '2018-01-16 14:46:33'),
	(2596, '134112', '2018-01-16 14:46:43'),
	(2597, '134111', '2018-01-16 14:46:45'),
	(2599, '134111', '2018-01-16 14:46:48'),
	(2600, '134110', '2018-01-16 14:46:52'),
	(2601, '134112', '2018-01-16 14:46:54'),
	(2603, '134112', '2018-01-16 14:47:00'),
	(2604, '134111', '2018-01-16 14:47:01'),
	(2606, '134112', '2018-01-16 14:47:05'),
	(2608, '134111', '2018-01-16 14:47:13'),
	(2609, '134110', '2018-01-16 14:47:16'),
	(2610, '134110', '2018-01-16 14:47:18'),
	(2611, '134109', '2018-01-16 14:47:21'),
	(2612, '134103', '2018-01-16 14:47:23'),
	(2613, '134102', '2018-01-16 14:47:28'),
	(2614, '134103', '2018-01-16 14:47:31'),
	(2615, '134102', '2018-01-16 14:47:33'),
	(2617, '134101', '2018-01-16 14:47:40'),
	(2621, '134101', '2018-01-16 14:47:53'),
	(2622, '134100', '2018-01-16 14:47:54'),
	(2623, '134101', '2018-01-16 14:47:58'),
	(2625, '134101', '2018-01-16 14:48:05'),
	(2626, '134101', '2018-01-16 14:48:07'),
	(2627, '134102', '2018-01-16 14:48:09'),
	(2628, '134101', '2018-01-16 14:48:15'),
	(2630, '134101', '2018-01-16 14:48:20'),
	(2631, '134100', '2018-01-16 14:48:23'),
	(2632, '134101', '2018-01-16 14:48:26'),
	(2634, '134101', '2018-01-16 14:48:30'),
	(2635, '134102', '2018-01-16 14:48:34'),
	(2636, '134101', '2018-01-16 14:48:36'),
	(2637, '134101', '2018-01-16 14:48:39'),
	(2638, '134101', '2018-01-16 14:48:41'),
	(2639, '134101', '2018-01-16 14:48:44'),
	(2641, '134102', '2018-01-16 14:48:50'),
	(2642, '134101', '2018-01-16 14:48:52'),
	(2644, '134101', '2018-01-16 14:48:59'),
	(2645, '134100', '2018-01-16 14:49:03'),
	(2646, '134101', '2018-01-16 14:49:05'),
	(2647, '134101', '2018-01-16 14:49:09'),
	(2652, '134102', '2018-01-16 14:49:21'),
	(2653, '134101', '2018-01-16 14:49:26'),
	(2654, '134102', '2018-01-16 14:49:29'),
	(2655, '134101', '2018-01-16 14:49:31'),
	(2656, '134100', '2018-01-16 14:49:33'),
	(2657, '134101', '2018-01-16 14:49:36'),
	(2659, '134101', '2018-01-16 14:49:41'),
	(2660, '134100', '2018-01-16 14:49:43'),
	(2667, '134100', '2018-01-16 14:50:01'),
	(2668, '134100', '2018-01-16 14:50:03'),
	(2670, '134101', '2018-01-16 14:50:09'),
	(2671, '134100', '2018-01-16 14:50:12'),
	(2672, '134102', '2018-01-16 14:50:15'),
	(2673, '134101', '2018-01-16 14:50:16'),
	(2674, '134102', '2018-01-16 14:50:20'),
	(2675, '134101', '2018-01-16 14:50:24'),
	(2676, '134100', '2018-01-16 14:50:27'),
	(2677, '134101', '2018-01-16 14:50:30'),
	(2678, '134100', '2018-01-16 14:50:33'),
	(2680, '134090', '2018-01-16 14:50:38'),
	(2681, '134081', '2018-01-16 14:50:41'),
	(2682, '134082', '2018-01-16 14:50:45'),
	(2683, '134086', '2018-01-16 14:50:48'),
	(2684, '134085', '2018-01-16 14:50:49'),
	(2685, '134071', '2018-01-16 14:50:52'),
	(2686, '134070', '2018-01-16 14:50:55'),
	(2687, '134070', '2018-01-16 14:50:59'),
	(2688, '134070', '2018-01-16 14:51:01'),
	(2689, '134070', '2018-01-16 14:51:04'),
	(2690, '134060', '2018-01-16 14:51:07'),
	(2691, '134061', '2018-01-16 14:51:11'),
	(2692, '134061', '2018-01-16 14:51:14'),
	(2693, '134060', '2018-01-16 14:51:15'),
	(2694, '134052', '2018-01-16 14:51:21'),
	(2695, '134052', '2018-01-16 14:51:23'),
	(2696, '134051', '2018-01-16 14:51:27'),
	(2697, '134043', '2018-01-16 14:51:31'),
	(2698, '134053', '2018-01-16 14:51:33'),
	(2699, '134052', '2018-01-16 14:51:34'),
	(2700, '134052', '2018-01-16 14:51:41'),
	(2701, '134053', '2018-01-16 14:51:44'),
	(2702, '134052', '2018-01-16 14:51:47'),
	(2703, '134052', '2018-01-16 14:51:51'),
	(2704, '134044', '2018-01-16 14:51:54'),
	(2705, '134043', '2018-01-16 14:51:56'),
	(2706, '134043', '2018-01-16 14:51:57'),
	(2708, '134043', '2018-01-16 14:52:03'),
	(2709, '134033', '2018-01-16 14:52:06'),
	(2710, '134041', '2018-01-16 14:52:08'),
	(2711, '134041', '2018-01-16 14:52:11'),
	(2712, '134053', '2018-01-16 14:52:14'),
	(2713, '134048', '2018-01-16 14:52:18'),
	(2714, '134052', '2018-01-16 14:52:23'),
	(2715, '134048', '2018-01-16 14:52:25'),
	(2716, '134048', '2018-01-16 14:52:28'),
	(2717, '134043', '2018-01-16 14:52:31'),
	(2718, '134033', '2018-01-16 14:52:34'),
	(2719, '134033', '2018-01-16 14:52:37'),
	(2720, '134034', '2018-01-16 14:52:38'),
	(2721, '134043', '2018-01-16 14:52:42'),
	(2722, '134042', '2018-01-16 14:52:47'),
	(2723, '134042', '2018-01-16 14:52:53'),
	(2724, '134041', '2018-01-16 14:52:58'),
	(2725, '134042', '2018-01-16 14:53:00'),
	(2727, '134042', '2018-01-16 14:53:06'),
	(2728, '134040', '2018-01-16 14:53:09'),
	(2729, '134034', '2018-01-16 14:53:13'),
	(2730, '134043', '2018-01-16 14:53:14'),
	(2731, '134042', '2018-01-16 14:53:18'),
	(2732, '134043', '2018-01-16 14:53:21'),
	(2733, '134052', '2018-01-16 14:53:22'),
	(2734, '134044', '2018-01-16 14:53:27'),
	(2735, '134047', '2018-01-16 14:53:30'),
	(2736, '134044', '2018-01-16 14:53:33'),
	(2737, '134048', '2018-01-16 14:53:36'),
	(2738, '134051', '2018-01-16 14:53:39'),
	(2750, '134052', '2018-01-16 14:54:11'),
	(2751, '134053', '2018-01-16 14:54:13'),
	(2758, '134052', '2018-01-16 14:54:31'),
	(2760, '134051', '2018-01-16 14:54:36'),
	(2767, '134052', '2018-01-16 14:54:54'),
	(2769, '134051', '2018-01-16 14:54:58'),
	(2771, '134052', '2018-01-16 14:55:06'),
	(2772, '134051', '2018-01-16 14:55:07'),
	(2774, '134052', '2018-01-16 14:55:11'),
	(2776, '134053', '2018-01-16 14:55:17'),
	(2777, '134052', '2018-01-16 14:55:20'),
	(2784, '134047', '2018-01-16 14:55:40'),
	(2785, '134043', '2018-01-16 14:55:43'),
	(2787, '134042', '2018-01-16 14:55:46'),
	(2792, '134050', '2018-01-16 14:56:00'),
	(2800, '134044', '2018-01-16 14:56:21'),
	(2802, '134043', '2018-01-16 14:56:25'),
	(2805, '134051', '2018-01-16 14:56:33'),
	(2806, '134052', '2018-01-16 14:56:37'),
	(2810, '134052', '2018-01-16 14:56:46'),
	(2811, '134051', '2018-01-16 14:56:48'),
	(2814, '134050', '2018-01-16 14:56:56'),
	(2815, '134050', '2018-01-16 14:56:59'),
	(2817, '134052', '2018-01-16 14:57:03'),
	(2818, '134063', '2018-01-16 14:57:09'),
	(2819, '134063', '2018-01-16 14:57:11'),
	(2820, '134061', '2018-01-16 14:57:14'),
	(2824, '134060', '2018-01-16 14:57:23'),
	(2825, '134058', '2018-01-16 14:57:25'),
	(2827, '134049', '2018-01-16 14:57:29'),
	(2833, '134050', '2018-01-16 14:57:44'),
	(2834, '134049', '2018-01-16 14:57:49'),
	(2837, '134040', '2018-01-16 14:57:57'),
	(2839, '134040', '2018-01-16 14:58:00'),
	(2840, '134049', '2018-01-16 14:58:02'),
	(2841, '134049', '2018-01-16 14:58:05'),
	(2842, '134049', '2018-01-16 14:58:07'),
	(2843, '134039', '2018-01-16 14:58:10'),
	(2852, '134039', '2018-01-16 14:58:33'),
	(2856, '134039', '2018-01-16 14:58:43'),
	(2857, '134039', '2018-01-16 14:58:45'),
	(2859, '134041', '2018-01-16 14:58:49'),
	(2860, '134040', '2018-01-16 14:58:53'),
	(2861, '134040', '2018-01-16 14:58:57'),
	(2863, '134041', '2018-01-16 14:59:01'),
	(2866, '134038', '2018-01-16 14:59:08'),
	(2867, '134040', '2018-01-16 14:59:11'),
	(2869, '134040', '2018-01-16 14:59:14'),
	(2870, '134040', '2018-01-16 14:59:16'),
	(2871, '134040', '2018-01-16 14:59:21'),
	(2872, '134039', '2018-01-16 14:59:22'),
	(2874, '134030', '2018-01-16 14:59:27'),
	(2875, '134031', '2018-01-16 14:59:30'),
	(2876, '134038', '2018-01-16 14:59:32'),
	(2877, '134032', '2018-01-16 14:59:35'),
	(2878, '134029', '2018-01-16 14:59:36'),
	(2879, '134030', '2018-01-16 14:59:39'),
	(2880, '134029', '2018-01-16 14:59:41'),
	(2881, '134029', '2018-01-16 14:59:46'),
	(2882, '134029', '2018-01-16 14:59:48'),
	(2884, '134030', '2018-01-16 14:59:52'),
	(2886, '134021', '2018-01-16 14:59:57'),
	(2887, '134021', '2018-01-16 15:00:00'),
	(2888, '134020', '2018-01-16 15:00:03'),
	(2889, '134020', '2018-01-16 15:00:06'),
	(2890, '134022', '2018-01-16 15:00:07'),
	(2892, '134013', '2018-01-16 15:00:15'),
	(2893, '133992', '2018-01-16 15:00:21'),
	(2894, '133994', '2018-01-16 15:00:23'),
	(2895, '133993', '2018-01-16 15:00:24'),
	(2896, '134002', '2018-01-16 15:00:27'),
	(2897, '134002', '2018-01-16 15:00:30'),
	(2898, '133999', '2018-01-16 15:00:33'),
	(2899, '134001', '2018-01-16 15:00:36'),
	(2900, '134000', '2018-01-16 15:00:38'),
	(2901, '134000', '2018-01-16 15:00:41'),
	(2902, '134001', '2018-01-16 15:00:43'),
	(2903, '134009', '2018-01-16 15:00:46'),
	(2904, '134010', '2018-01-16 15:00:49'),
	(2905, '134010', '2018-01-16 15:00:52'),
	(2906, '134009', '2018-01-16 15:00:55'),
	(2907, '134009', '2018-01-16 15:00:57'),
	(2908, '134010', '2018-01-16 15:00:58'),
	(2909, '134019', '2018-01-16 15:01:01'),
	(2910, '134011', '2018-01-16 15:01:03'),
	(2911, '134010', '2018-01-16 15:01:06'),
	(2912, '134010', '2018-01-16 15:01:09'),
	(2913, '134011', '2018-01-16 15:01:12'),
	(2914, '134010', '2018-01-16 15:01:15'),
	(2916, '134010', '2018-01-16 15:01:19'),
	(2917, '134010', '2018-01-16 15:01:22'),
	(2919, '134010', '2018-01-16 15:01:27'),
	(2921, '134009', '2018-01-16 15:01:32'),
	(2922, '134010', '2018-01-16 15:01:36'),
	(2923, '134011', '2018-01-16 15:01:39'),
	(2924, '134010', '2018-01-16 15:01:40'),
	(2925, '134013', '2018-01-16 15:01:45'),
	(2927, '134001', '2018-01-16 15:01:48'),
	(2929, '134010', '2018-01-16 15:01:55'),
	(2930, '134010', '2018-01-16 15:01:57'),
	(2931, '134020', '2018-01-16 15:02:01'),
	(2932, '134011', '2018-01-16 15:02:02'),
	(2933, '134010', '2018-01-16 15:02:04'),
	(2938, '133993', '2018-01-16 15:02:18'),
	(2939, '133991', '2018-01-16 15:02:20'),
	(2940, '134000', '2018-01-16 15:02:22'),
	(2941, '133993', '2018-01-16 15:02:26'),
	(2942, '133992', '2018-01-16 15:02:28'),
	(2943, '134001', '2018-01-16 15:02:31'),
	(2944, '134001', '2018-01-16 15:02:34'),
	(2945, '133993', '2018-01-16 15:02:36'),
	(2946, '133992', '2018-01-16 15:02:37'),
	(2947, '134000', '2018-01-16 15:02:41'),
	(2948, '134001', '2018-01-16 15:02:44'),
	(2949, '134000', '2018-01-16 15:02:46'),
	(2950, '134000', '2018-01-16 15:02:49'),
	(2951, '134003', '2018-01-16 15:02:50'),
	(2954, '134002', '2018-01-16 15:02:59'),
	(2955, '134002', '2018-01-16 15:03:00'),
	(2959, '134012', '2018-01-16 15:03:09'),
	(2961, '134013', '2018-01-16 15:03:16'),
	(2964, '134013', '2018-01-16 15:03:22'),
	(2969, '134010', '2018-01-16 15:03:38'),
	(2970, '134003', '2018-01-16 15:03:39'),
	(2971, '134001', '2018-01-16 15:03:43'),
	(2972, '134002', '2018-01-16 15:03:45'),
	(2973, '134002', '2018-01-16 15:03:48'),
	(2974, '134002', '2018-01-16 15:03:50'),
	(2977, '133992', '2018-01-16 15:04:00'),
	(2978, '133996', '2018-01-16 15:04:03'),
	(2979, '133991', '2018-01-16 15:04:04'),
	(2980, '133997', '2018-01-16 15:04:07'),
	(2981, '134001', '2018-01-16 15:04:08'),
	(2982, '134000', '2018-01-16 15:04:13'),
	(2983, '134000', '2018-01-16 15:04:15'),
	(2984, '134000', '2018-01-16 15:04:18'),
	(2985, '134001', '2018-01-16 15:04:19'),
	(2986, '134000', '2018-01-16 15:04:22'),
	(2987, '133993', '2018-01-16 15:04:25'),
	(2988, '133990', '2018-01-16 15:04:28'),
	(2989, '133990', '2018-01-16 15:04:30'),
	(2990, '133991', '2018-01-16 15:04:32'),
	(2991, '133990', '2018-01-16 15:04:35'),
	(2992, '134010', '2018-01-16 15:04:38'),
	(2993, '134010', '2018-01-16 15:04:41'),
	(2994, '134011', '2018-01-16 15:04:43'),
	(2995, '134010', '2018-01-16 15:04:45'),
	(2996, '134010', '2018-01-16 15:04:49'),
	(2997, '134010', '2018-01-16 15:04:51'),
	(2998, '134011', '2018-01-16 15:04:56'),
	(2999, '134010', '2018-01-16 15:04:57'),
	(3000, '134020', '2018-01-16 15:05:00'),
	(3001, '134011', '2018-01-16 15:05:02'),
	(3002, '134010', '2018-01-16 15:05:04'),
	(3004, '134011', '2018-01-16 15:05:08'),
	(3008, '134010', '2018-01-16 15:05:20'),
	(3010, '134021', '2018-01-16 15:05:24'),
	(3011, '134011', '2018-01-16 15:05:28'),
	(3012, '134020', '2018-01-16 15:05:30'),
	(3013, '134020', '2018-01-16 15:05:33'),
	(3014, '134021', '2018-01-16 15:05:36'),
	(3015, '134020', '2018-01-16 15:05:38'),
	(3016, '134022', '2018-01-16 15:05:40'),
	(3017, '134021', '2018-01-16 15:05:43'),
	(3018, '134022', '2018-01-16 15:05:46'),
	(3020, '134022', '2018-01-16 15:05:50'),
	(3021, '134021', '2018-01-16 15:05:53'),
	(3024, '134021', '2018-01-16 15:06:00'),
	(3025, '134021', '2018-01-16 15:06:04'),
	(3026, '134022', '2018-01-16 15:06:05'),
	(3027, '134021', '2018-01-16 15:06:06'),
	(3028, '134021', '2018-01-16 15:06:12'),
	(3029, '134022', '2018-01-16 15:06:15'),
	(3030, '134021', '2018-01-16 15:06:17'),
	(3031, '134022', '2018-01-16 15:06:18'),
	(3032, '134023', '2018-01-16 15:06:22'),
	(3033, '134022', '2018-01-16 15:06:25'),
	(3034, '134023', '2018-01-16 15:06:26'),
	(3035, '134023', '2018-01-16 15:06:29'),
	(3036, '134021', '2018-01-16 15:06:32'),
	(3037, '134021', '2018-01-16 15:06:33'),
	(3038, '134022', '2018-01-16 15:06:35'),
	(3039, '134022', '2018-01-16 15:06:38'),
	(3042, '134022', '2018-01-16 15:06:47'),
	(3043, '134021', '2018-01-16 15:06:49'),
	(3044, '134021', '2018-01-16 15:06:53'),
	(3046, '134021', '2018-01-16 15:06:57'),
	(3047, '134021', '2018-01-16 15:07:00'),
	(3048, '134020', '2018-01-16 15:07:02'),
	(3049, '134021', '2018-01-16 15:07:05'),
	(3050, '134020', '2018-01-16 15:07:07'),
	(3051, '134010', '2018-01-16 15:07:10'),
	(3058, '134010', '2018-01-16 15:07:32'),
	(3059, '133993', '2018-01-16 15:07:34'),
	(3060, '133982', '2018-01-16 15:07:37'),
	(3061, '133981', '2018-01-16 15:07:39'),
	(3062, '133981', '2018-01-16 15:07:42'),
	(3063, '133990', '2018-01-16 15:07:44'),
	(3064, '133981', '2018-01-16 15:07:47'),
	(3065, '133982', '2018-01-16 15:07:51'),
	(3066, '133973', '2018-01-16 15:07:55'),
	(3067, '133970', '2018-01-16 15:07:58'),
	(3068, '133963', '2018-01-16 15:08:00'),
	(3069, '133961', '2018-01-16 15:08:03'),
	(3070, '133972', '2018-01-16 15:08:05'),
	(3072, '133963', '2018-01-16 15:08:12'),
	(3073, '133943', '2018-01-16 15:08:15'),
	(3074, '133940', '2018-01-16 15:08:17'),
	(3075, '133948', '2018-01-16 15:08:20'),
	(3076, '133923', '2018-01-16 15:08:23'),
	(3077, '133930', '2018-01-16 15:08:26'),
	(3078, '133932', '2018-01-16 15:08:28'),
	(3079, '133922', '2018-01-16 15:08:30'),
	(3080, '133927', '2018-01-16 15:08:33'),
	(3082, '133929', '2018-01-16 15:08:38'),
	(3083, '133919', '2018-01-16 15:08:41'),
	(3084, '133923', '2018-01-16 15:08:43'),
	(3085, '133919', '2018-01-16 15:08:45'),
	(3086, '133918', '2018-01-16 15:08:48'),
	(3087, '133927', '2018-01-16 15:08:51'),
	(3088, '133940', '2018-01-16 15:08:53'),
	(3089, '133929', '2018-01-16 15:08:56'),
	(3090, '133935', '2018-01-16 15:08:59'),
	(3091, '133958', '2018-01-16 15:09:02'),
	(3092, '133948', '2018-01-16 15:09:04'),
	(3093, '133949', '2018-01-16 15:09:07'),
	(3094, '133947', '2018-01-16 15:09:11'),
	(3095, '133948', '2018-01-16 15:09:13'),
	(3096, '133958', '2018-01-16 15:09:16'),
	(3097, '133967', '2018-01-16 15:09:18'),
	(3098, '133968', '2018-01-16 15:09:20'),
	(3099, '133959', '2018-01-16 15:09:23'),
	(3100, '133959', '2018-01-16 15:09:26'),
	(3101, '133958', '2018-01-16 15:09:29'),
	(3102, '133959', '2018-01-16 15:09:31'),
	(3103, '133951', '2018-01-16 15:09:33'),
	(3104, '133921', '2018-01-16 15:09:36'),
	(3105, '133927', '2018-01-16 15:09:39'),
	(3106, '133912', '2018-01-16 15:09:43'),
	(3107, '133895', '2018-01-16 15:09:45'),
	(3108, '133904', '2018-01-16 15:09:47'),
	(3109, '133905', '2018-01-16 15:09:48'),
	(3110, '133899', '2018-01-16 15:09:54'),
	(3111, '133894', '2018-01-16 15:09:56'),
	(3112, '133897', '2018-01-16 15:09:59'),
	(3113, '133906', '2018-01-16 15:10:01'),
	(3114, '133906', '2018-01-16 15:10:03'),
	(3115, '133906', '2018-01-16 15:10:08'),
	(3116, '133897', '2018-01-16 15:10:10'),
	(3117, '133895', '2018-01-16 15:10:13'),
	(3118, '133886', '2018-01-16 15:10:17'),
	(3119, '133885', '2018-01-16 15:10:20'),
	(3120, '133895', '2018-01-16 15:10:22'),
	(3121, '133886', '2018-01-16 15:10:25'),
	(3122, '133881', '2018-01-16 15:10:29'),
	(3123, '133874', '2018-01-16 15:10:32'),
	(3124, '133872', '2018-01-16 15:10:34'),
	(3125, '133872', '2018-01-16 15:10:40'),
	(3126, '133873', '2018-01-16 15:10:43'),
	(3127, '133873', '2018-01-16 15:10:47'),
	(3128, '133862', '2018-01-16 15:10:52'),
	(3129, '133862', '2018-01-16 15:10:54'),
	(3130, '133862', '2018-01-16 15:10:58'),
	(3131, '133891', '2018-01-16 15:11:01'),
	(3132, '133882', '2018-01-16 15:11:03'),
	(3133, '133873', '2018-01-16 15:11:06'),
	(3134, '133870', '2018-01-16 15:11:09'),
	(3135, '133862', '2018-01-16 15:11:13'),
	(3136, '133863', '2018-01-16 15:11:15'),
	(3137, '133861', '2018-01-16 15:11:17'),
	(3138, '133852', '2018-01-16 15:11:20'),
	(3139, '133853', '2018-01-16 15:11:24'),
	(3140, '133853', '2018-01-16 15:11:25'),
	(3141, '133854', '2018-01-16 15:11:28'),
	(3142, '133862', '2018-01-16 15:11:31'),
	(3143, '133855', '2018-01-16 15:11:35'),
	(3144, '133863', '2018-01-16 15:11:38'),
	(3145, '133854', '2018-01-16 15:11:42'),
	(3146, '133854', '2018-01-16 15:11:44'),
	(3147, '133854', '2018-01-16 15:11:49'),
	(3148, '133864', '2018-01-16 15:11:53'),
	(3149, '133866', '2018-01-16 15:11:56'),
	(3150, '133845', '2018-01-16 15:12:01'),
	(3151, '133864', '2018-01-16 15:12:03'),
	(3152, '133864', '2018-01-16 15:12:06'),
	(3153, '133873', '2018-01-16 15:12:08'),
	(3154, '133865', '2018-01-16 15:12:12'),
	(3155, '133854', '2018-01-16 15:12:13'),
	(3156, '133853', '2018-01-16 15:12:18'),
	(3157, '133846', '2018-01-16 15:12:20'),
	(3158, '133845', '2018-01-16 15:12:22'),
	(3159, '133844', '2018-01-16 15:12:25'),
	(3160, '133846', '2018-01-16 15:12:28'),
	(3161, '133844', '2018-01-16 15:12:29'),
	(3162, '133842', '2018-01-16 15:12:33'),
	(3163, '133842', '2018-01-16 15:12:34'),
	(3164, '133847', '2018-01-16 15:12:38'),
	(3165, '133845', '2018-01-16 15:12:39'),
	(3166, '133842', '2018-01-16 15:12:46'),
	(3167, '133821', '2018-01-16 15:12:51'),
	(3168, '133832', '2018-01-16 15:12:53'),
	(3169, '133842', '2018-01-16 15:12:55'),
	(3170, '133843', '2018-01-16 15:12:59'),
	(3171, '133855', '2018-01-16 15:13:03'),
	(3172, '133854', '2018-01-16 15:13:04'),
	(3173, '133863', '2018-01-16 15:13:08'),
	(3174, '133874', '2018-01-16 15:13:15'),
	(3175, '133881', '2018-01-16 15:13:17'),
	(3176, '133882', '2018-01-16 15:13:20'),
	(3177, '133883', '2018-01-16 15:13:22'),
	(3178, '133894', '2018-01-16 15:13:25'),
	(3179, '133895', '2018-01-16 15:13:26'),
	(3180, '133894', '2018-01-16 15:13:30'),
	(3181, '133904', '2018-01-16 15:13:33'),
	(3182, '133895', '2018-01-16 15:13:36'),
	(3183, '133896', '2018-01-16 15:13:39'),
	(3184, '133895', '2018-01-16 15:13:42'),
	(3185, '133895', '2018-01-16 15:13:44'),
	(3186, '133895', '2018-01-16 15:13:46'),
	(3188, '133886', '2018-01-16 15:13:53'),
	(3189, '133894', '2018-01-16 15:13:55'),
	(3190, '133892', '2018-01-16 15:13:57'),
	(3191, '133883', '2018-01-16 15:14:00'),
	(3192, '133891', '2018-01-16 15:14:04'),
	(3193, '133894', '2018-01-16 15:14:07'),
	(3194, '133892', '2018-01-16 15:14:10'),
	(3195, '133904', '2018-01-16 15:14:12'),
	(3196, '133893', '2018-01-16 15:14:15'),
	(3197, '133902', '2018-01-16 15:14:18'),
	(3198, '133901', '2018-01-16 15:14:20'),
	(3199, '133907', '2018-01-16 15:14:23'),
	(3200, '133902', '2018-01-16 15:14:26'),
	(3201, '133922', '2018-01-16 15:14:29'),
	(3202, '133924', '2018-01-16 15:14:31'),
	(3203, '133933', '2018-01-16 15:14:34'),
	(3204, '133924', '2018-01-16 15:14:37'),
	(3205, '133924', '2018-01-16 15:14:39'),
	(3206, '133924', '2018-01-16 15:14:42'),
	(3207, '133922', '2018-01-16 15:14:44'),
	(3208, '133922', '2018-01-16 15:14:45'),
	(3209, '133913', '2018-01-16 15:14:49'),
	(3210, '133912', '2018-01-16 15:14:51'),
	(3211, '133893', '2018-01-16 15:14:55'),
	(3212, '133901', '2018-01-16 15:14:58'),
	(3213, '133893', '2018-01-16 15:15:01'),
	(3214, '133892', '2018-01-16 15:15:03'),
	(3215, '133884', '2018-01-16 15:15:06'),
	(3216, '133902', '2018-01-16 15:15:09'),
	(3217, '133900', '2018-01-16 15:15:13'),
	(3218, '133890', '2018-01-16 15:15:14'),
	(3219, '133892', '2018-01-16 15:15:18'),
	(3220, '133901', '2018-01-16 15:15:22'),
	(3221, '133920', '2018-01-16 15:15:26'),
	(3222, '133910', '2018-01-16 15:15:35'),
	(3223, '133910', '2018-01-16 15:15:40'),
	(3224, '133908', '2018-01-16 15:15:46'),
	(3225, '133900', '2018-01-16 15:15:51'),
	(3226, '133910', '2018-01-16 15:15:55'),
	(3227, '133900', '2018-01-16 15:15:58'),
	(3228, '133909', '2018-01-16 15:16:01'),
	(3229, '133904', '2018-01-16 15:16:10'),
	(3230, '133900', '2018-01-16 15:16:12'),
	(3231, '133902', '2018-01-16 15:16:15'),
	(3232, '133892', '2018-01-16 15:16:20'),
	(3233, '133900', '2018-01-16 15:16:24'),
	(3234, '133901', '2018-01-16 15:16:26'),
	(3235, '133902', '2018-01-16 15:16:27'),
	(3236, '133911', '2018-01-16 15:16:32'),
	(3237, '133901', '2018-01-16 15:16:34'),
	(3238, '133892', '2018-01-16 15:16:35'),
	(3239, '133901', '2018-01-16 15:16:39'),
	(3240, '133902', '2018-01-16 15:16:42'),
	(3242, '133901', '2018-01-16 15:16:53'),
	(3243, '133902', '2018-01-16 15:16:55'),
	(3244, '133902', '2018-01-16 15:16:59'),
	(3245, '133911', '2018-01-16 15:17:00'),
	(3246, '133912', '2018-01-16 15:17:03'),
	(3247, '133921', '2018-01-16 15:17:05'),
	(3248, '133920', '2018-01-16 15:17:08'),
	(3249, '133920', '2018-01-16 15:17:10'),
	(3250, '133921', '2018-01-16 15:17:13'),
	(3251, '133921', '2018-01-16 15:17:15'),
	(3252, '133912', '2018-01-16 15:17:16'),
	(3253, '133920', '2018-01-16 15:17:19'),
	(3254, '133911', '2018-01-16 15:17:21'),
	(3255, '133920', '2018-01-16 15:17:24'),
	(3256, '133922', '2018-01-16 15:17:25'),
	(3257, '133931', '2018-01-16 15:17:28'),
	(3258, '133922', '2018-01-16 15:17:33'),
	(3259, '133921', '2018-01-16 15:17:35'),
	(3260, '133921', '2018-01-16 15:17:38'),
	(3261, '133922', '2018-01-16 15:17:39'),
	(3266, '133911', '2018-01-16 15:17:51'),
	(3267, '133921', '2018-01-16 15:17:53'),
	(3268, '133922', '2018-01-16 15:17:56'),
	(3270, '133921', '2018-01-16 15:18:01'),
	(3273, '133921', '2018-01-16 15:18:07'),
	(3274, '133911', '2018-01-16 15:18:11'),
	(3276, '133911', '2018-01-16 15:18:15'),
	(3277, '133910', '2018-01-16 15:18:16'),
	(3278, '133911', '2018-01-16 15:18:18'),
	(3279, '133910', '2018-01-16 15:18:22'),
	(3280, '133901', '2018-01-16 15:18:25'),
	(3281, '133909', '2018-01-16 15:18:28'),
	(3282, '133910', '2018-01-16 15:18:30'),
	(3283, '133901', '2018-01-16 15:18:31'),
	(3284, '133901', '2018-01-16 15:18:34'),
	(3286, '133908', '2018-01-16 15:18:40'),
	(3287, '133910', '2018-01-16 15:18:43'),
	(3289, '133908', '2018-01-16 15:18:47'),
	(3292, '133899', '2018-01-16 15:18:54'),
	(3294, '133898', '2018-01-16 15:18:58'),
	(3295, '133898', '2018-01-16 15:19:00'),
	(3296, '133907', '2018-01-16 15:19:03'),
	(3297, '133918', '2018-01-16 15:19:05'),
	(3298, '133908', '2018-01-16 15:19:07'),
	(3299, '133909', '2018-01-16 15:19:09'),
	(3300, '133911', '2018-01-16 15:19:11'),
	(3303, '133910', '2018-01-16 15:19:18'),
	(3308, '133920', '2018-01-16 15:19:30'),
	(3309, '133921', '2018-01-16 15:19:33'),
	(3310, '133919', '2018-01-16 15:19:36'),
	(3311, '133911', '2018-01-16 15:19:39'),
	(3312, '133920', '2018-01-16 15:19:42'),
	(3313, '133911', '2018-01-16 15:19:44'),
	(3314, '133911', '2018-01-16 15:19:45'),
	(3315, '133919', '2018-01-16 15:19:48'),
	(3316, '133920', '2018-01-16 15:19:51'),
	(3317, '133920', '2018-01-16 15:19:53'),
	(3318, '133921', '2018-01-16 15:19:55'),
	(3319, '133920', '2018-01-16 15:19:58'),
	(3320, '133911', '2018-01-16 15:20:05'),
	(3321, '133911', '2018-01-16 15:20:08'),
	(3322, '133920', '2018-01-16 15:20:12'),
	(3323, '133920', '2018-01-16 15:20:15'),
	(3324, '133911', '2018-01-16 15:20:18'),
	(3326, '133916', '2018-01-16 15:20:23'),
	(3327, '133911', '2018-01-16 15:20:24'),
	(3328, '133920', '2018-01-16 15:20:27'),
	(3329, '133920', '2018-01-16 15:20:30'),
	(3331, '133930', '2018-01-16 15:20:36'),
	(3332, '133921', '2018-01-16 15:20:38'),
	(3335, '133921', '2018-01-16 15:20:46'),
	(3336, '133919', '2018-01-16 15:20:50'),
	(3337, '133919', '2018-01-16 15:20:53'),
	(3338, '133920', '2018-01-16 15:20:54'),
	(3339, '133920', '2018-01-16 15:20:58'),
	(3340, '133930', '2018-01-16 15:20:59'),
	(3342, '133921', '2018-01-16 15:21:07'),
	(3343, '133929', '2018-01-16 15:21:09'),
	(3344, '133929', '2018-01-16 15:21:11'),
	(3345, '133921', '2018-01-16 15:21:14'),
	(3346, '133921', '2018-01-16 15:21:16'),
	(3347, '133930', '2018-01-16 15:21:21'),
	(3348, '133940', '2018-01-16 15:21:24'),
	(3349, '133931', '2018-01-16 15:21:27'),
	(3350, '133932', '2018-01-16 15:21:30'),
	(3351, '133933', '2018-01-16 15:21:32'),
	(3352, '133932', '2018-01-16 15:21:34'),
	(3353, '133931', '2018-01-16 15:21:35'),
	(3354, '133942', '2018-01-16 15:21:39'),
	(3355, '133933', '2018-01-16 15:21:43'),
	(3356, '133931', '2018-01-16 15:21:46'),
	(3357, '133932', '2018-01-16 15:21:47'),
	(3358, '133932', '2018-01-16 15:21:52'),
	(3361, '133932', '2018-01-16 15:22:00'),
	(3362, '133932', '2018-01-16 15:22:02');
/*!40000 ALTER TABLE `data_xau` ENABLE KEYS */;

-- 导出  表 ylife.log 结构
DROP TABLE IF EXISTS `log`;
CREATE TABLE IF NOT EXISTS `log` (
  `id` bigint(20) NOT NULL AUTO_INCREMENT,
  `level` int(11) DEFAULT NULL,
  `category` varchar(255) COLLATE utf8_unicode_ci DEFAULT NULL,
  `log_time` double DEFAULT NULL,
  `prefix` text COLLATE utf8_unicode_ci,
  `message` text COLLATE utf8_unicode_ci,
  PRIMARY KEY (`id`),
  KEY `idx_log_level` (`level`),
  KEY `idx_log_category` (`category`)
) ENGINE=InnoDB AUTO_INCREMENT=4 DEFAULT CHARSET=utf8 COLLATE=utf8_unicode_ci;

-- 正在导出表  ylife.log 的数据：~2 rows (大约)
/*!40000 ALTER TABLE `log` DISABLE KEYS */;
INSERT INTO `log` (`id`, `level`, `category`, `log_time`, `prefix`, `message`) VALUES
	(1, 1, 'yii\\db\\Exception', 1516067702.831, '[GET][http://x73.lc/site/get-data?id=20][127.0.0.1][100001][-]', 'exception \'PDOException\' with message \'SQLSTATE[42000]: Syntax error or access violation: 1055 Expression #3 of SELECT list is not in GROUP BY clause and contains nonaggregated column \'ylife.d1.price\' which is not functionally dependent on columns in GROUP BY clause; this is incompatible with sql_mode=only_full_group_by\' in E:\\www\\x73\\vendor\\yiisoft\\yii2\\db\\Command.php:900\nStack trace:\n#0 E:\\www\\x73\\vendor\\yiisoft\\yii2\\db\\Command.php(900): PDOStatement->execute()\n#1 E:\\www\\x73\\vendor\\yiisoft\\yii2\\db\\Command.php(362): yii\\db\\Command->queryInternal(\'fetchAll\', NULL)\n#2 E:\\www\\x73\\frontend\\controllers\\SiteController.php(526): yii\\db\\Command->queryAll()\n#3 [internal function]: frontend\\controllers\\SiteController->actionGetData(\'20\')\n#4 E:\\www\\x73\\vendor\\yiisoft\\yii2\\base\\InlineAction.php(55): call_user_func_array(Array, Array)\n#5 E:\\www\\x73\\vendor\\yiisoft\\yii2\\base\\Controller.php(166): yii\\base\\InlineAction->runWithParams(Array)\n#6 E:\\www\\x73\\vendor\\yiisoft\\yii2\\base\\Module.php(454): yii\\base\\Controller->runAction(\'get-data\', Array)\n#7 E:\\www\\x73\\vendor\\yiisoft\\yii2\\web\\Application.php(84): yii\\base\\Module->runAction(\'site/get-data\', Array)\n#8 E:\\www\\x73\\vendor\\yiisoft\\yii2\\base\\Application.php(375): yii\\web\\Application->handleRequest(Object(yii\\web\\Request))\n#9 E:\\www\\x73\\frontend\\web\\index.php(18): yii\\base\\Application->run()\n#10 {main}\n\nNext exception \'yii\\db\\Exception\' with message \'SQLSTATE[42000]: Syntax error or access violation: 1055 Expression #3 of SELECT list is not in GROUP BY clause and contains nonaggregated column \'ylife.d1.price\' which is not functionally dependent on columns in GROUP BY clause; this is incompatible with sql_mode=only_full_group_by\nThe SQL being executed was: SELECT\r\n                sub.*, cu.price close, UNIX_TIMESTAMP(DATE_FORMAT(time, "%Y-%m-%d %H:%i")) * 1000 time\r\n        FROM\r\n            (\r\n                SELECT\r\n                    min(d1.price) low,\r\n                    max(d1.price) high,\r\n                    d1.price open,\r\n                    max(d1.id) id\r\n                FROM\r\n                    data_longyanxiang d1\r\n                where time >= "2018-01-13 09:55:02"\r\n                group by\r\n                    DATE_FORMAT(time, "%Y-%m-%d %H:%i")\r\n            ) sub,\r\n            data_longyanxiang cu\r\n        WHERE\r\n            cu.id = sub.id\' in E:\\www\\x73\\vendor\\yiisoft\\yii2\\db\\Schema.php:633\nStack trace:\n#0 E:\\www\\x73\\vendor\\yiisoft\\yii2\\db\\Command.php(915): yii\\db\\Schema->convertException(Object(PDOException), \'SELECT\\r\\n       ...\')\n#1 E:\\www\\x73\\vendor\\yiisoft\\yii2\\db\\Command.php(362): yii\\db\\Command->queryInternal(\'fetchAll\', NULL)\n#2 E:\\www\\x73\\frontend\\controllers\\SiteController.php(526): yii\\db\\Command->queryAll()\n#3 [internal function]: frontend\\controllers\\SiteController->actionGetData(\'20\')\n#4 E:\\www\\x73\\vendor\\yiisoft\\yii2\\base\\InlineAction.php(55): call_user_func_array(Array, Array)\n#5 E:\\www\\x73\\vendor\\yiisoft\\yii2\\base\\Controller.php(166): yii\\base\\InlineAction->runWithParams(Array)\n#6 E:\\www\\x73\\vendor\\yiisoft\\yii2\\base\\Module.php(454): yii\\base\\Controller->runAction(\'get-data\', Array)\n#7 E:\\www\\x73\\vendor\\yiisoft\\yii2\\web\\Application.php(84): yii\\base\\Module->runAction(\'site/get-data\', Array)\n#8 E:\\www\\x73\\vendor\\yiisoft\\yii2\\base\\Application.php(375): yii\\web\\Application->handleRequest(Object(yii\\web\\Request))\n#9 E:\\www\\x73\\frontend\\web\\index.php(18): yii\\base\\Application->run()\n#10 {main}\r\nAdditional Information:\r\nArray\n(\n    [0] => 42000\n    [1] => 1055\n    [2] => Expression #3 of SELECT list is not in GROUP BY clause and contains nonaggregated column \'ylife.d1.price\' which is not functionally dependent on columns in GROUP BY clause; this is incompatible with sql_mode=only_full_group_by\n)\n'),
	(2, 1, 'yii\\db\\Exception', 1516067755.779, '[GET][http://x73.lc/site/get-data?id=20][127.0.0.1][100001][-]', 'exception \'PDOException\' with message \'SQLSTATE[42000]: Syntax error or access violation: 1055 Expression #3 of SELECT list is not in GROUP BY clause and contains nonaggregated column \'ylife.d1.price\' which is not functionally dependent on columns in GROUP BY clause; this is incompatible with sql_mode=only_full_group_by\' in E:\\www\\x73\\vendor\\yiisoft\\yii2\\db\\Command.php:900\nStack trace:\n#0 E:\\www\\x73\\vendor\\yiisoft\\yii2\\db\\Command.php(900): PDOStatement->execute()\n#1 E:\\www\\x73\\vendor\\yiisoft\\yii2\\db\\Command.php(362): yii\\db\\Command->queryInternal(\'fetchAll\', NULL)\n#2 E:\\www\\x73\\frontend\\controllers\\SiteController.php(526): yii\\db\\Command->queryAll()\n#3 [internal function]: frontend\\controllers\\SiteController->actionGetData(\'20\')\n#4 E:\\www\\x73\\vendor\\yiisoft\\yii2\\base\\InlineAction.php(55): call_user_func_array(Array, Array)\n#5 E:\\www\\x73\\vendor\\yiisoft\\yii2\\base\\Controller.php(166): yii\\base\\InlineAction->runWithParams(Array)\n#6 E:\\www\\x73\\vendor\\yiisoft\\yii2\\base\\Module.php(454): yii\\base\\Controller->runAction(\'get-data\', Array)\n#7 E:\\www\\x73\\vendor\\yiisoft\\yii2\\web\\Application.php(84): yii\\base\\Module->runAction(\'site/get-data\', Array)\n#8 E:\\www\\x73\\vendor\\yiisoft\\yii2\\base\\Application.php(375): yii\\web\\Application->handleRequest(Object(yii\\web\\Request))\n#9 E:\\www\\x73\\frontend\\web\\index.php(18): yii\\base\\Application->run()\n#10 {main}\n\nNext exception \'yii\\db\\Exception\' with message \'SQLSTATE[42000]: Syntax error or access violation: 1055 Expression #3 of SELECT list is not in GROUP BY clause and contains nonaggregated column \'ylife.d1.price\' which is not functionally dependent on columns in GROUP BY clause; this is incompatible with sql_mode=only_full_group_by\nThe SQL being executed was: SELECT\r\n                sub.*, cu.price close, UNIX_TIMESTAMP(DATE_FORMAT(time, "%Y-%m-%d %H:%i")) * 1000 time\r\n        FROM\r\n            (\r\n                SELECT\r\n                    min(d1.price) low,\r\n                    max(d1.price) high,\r\n                    d1.price open,\r\n                    max(d1.id) id\r\n                FROM\r\n                    data_longyanxiang d1\r\n                where time >= "2018-01-13 09:55:55"\r\n                group by\r\n                    DATE_FORMAT(time, "%Y-%m-%d %H:%i")\r\n            ) sub,\r\n            data_longyanxiang cu\r\n        WHERE\r\n            cu.id = sub.id\' in E:\\www\\x73\\vendor\\yiisoft\\yii2\\db\\Schema.php:633\nStack trace:\n#0 E:\\www\\x73\\vendor\\yiisoft\\yii2\\db\\Command.php(915): yii\\db\\Schema->convertException(Object(PDOException), \'SELECT\\r\\n       ...\')\n#1 E:\\www\\x73\\vendor\\yiisoft\\yii2\\db\\Command.php(362): yii\\db\\Command->queryInternal(\'fetchAll\', NULL)\n#2 E:\\www\\x73\\frontend\\controllers\\SiteController.php(526): yii\\db\\Command->queryAll()\n#3 [internal function]: frontend\\controllers\\SiteController->actionGetData(\'20\')\n#4 E:\\www\\x73\\vendor\\yiisoft\\yii2\\base\\InlineAction.php(55): call_user_func_array(Array, Array)\n#5 E:\\www\\x73\\vendor\\yiisoft\\yii2\\base\\Controller.php(166): yii\\base\\InlineAction->runWithParams(Array)\n#6 E:\\www\\x73\\vendor\\yiisoft\\yii2\\base\\Module.php(454): yii\\base\\Controller->runAction(\'get-data\', Array)\n#7 E:\\www\\x73\\vendor\\yiisoft\\yii2\\web\\Application.php(84): yii\\base\\Module->runAction(\'site/get-data\', Array)\n#8 E:\\www\\x73\\vendor\\yiisoft\\yii2\\base\\Application.php(375): yii\\web\\Application->handleRequest(Object(yii\\web\\Request))\n#9 E:\\www\\x73\\frontend\\web\\index.php(18): yii\\base\\Application->run()\n#10 {main}\r\nAdditional Information:\r\nArray\n(\n    [0] => 42000\n    [1] => 1055\n    [2] => Expression #3 of SELECT list is not in GROUP BY clause and contains nonaggregated column \'ylife.d1.price\' which is not functionally dependent on columns in GROUP BY clause; this is incompatible with sql_mode=only_full_group_by\n)\n'),
	(3, 1, 'yii\\db\\Exception', 1516067780.991, '[GET][http://x73.lc/site/get-data?id=20][127.0.0.1][100001][-]', 'exception \'PDOException\' with message \'SQLSTATE[42000]: Syntax error or access violation: 1055 Expression #3 of SELECT list is not in GROUP BY clause and contains nonaggregated column \'ylife.d1.price\' which is not functionally dependent on columns in GROUP BY clause; this is incompatible with sql_mode=only_full_group_by\' in E:\\www\\x73\\vendor\\yiisoft\\yii2\\db\\Command.php:900\nStack trace:\n#0 E:\\www\\x73\\vendor\\yiisoft\\yii2\\db\\Command.php(900): PDOStatement->execute()\n#1 E:\\www\\x73\\vendor\\yiisoft\\yii2\\db\\Command.php(362): yii\\db\\Command->queryInternal(\'fetchAll\', NULL)\n#2 E:\\www\\x73\\frontend\\controllers\\SiteController.php(526): yii\\db\\Command->queryAll()\n#3 [internal function]: frontend\\controllers\\SiteController->actionGetData(\'20\')\n#4 E:\\www\\x73\\vendor\\yiisoft\\yii2\\base\\InlineAction.php(55): call_user_func_array(Array, Array)\n#5 E:\\www\\x73\\vendor\\yiisoft\\yii2\\base\\Controller.php(166): yii\\base\\InlineAction->runWithParams(Array)\n#6 E:\\www\\x73\\vendor\\yiisoft\\yii2\\base\\Module.php(454): yii\\base\\Controller->runAction(\'get-data\', Array)\n#7 E:\\www\\x73\\vendor\\yiisoft\\yii2\\web\\Application.php(84): yii\\base\\Module->runAction(\'site/get-data\', Array)\n#8 E:\\www\\x73\\vendor\\yiisoft\\yii2\\base\\Application.php(375): yii\\web\\Application->handleRequest(Object(yii\\web\\Request))\n#9 E:\\www\\x73\\frontend\\web\\index.php(18): yii\\base\\Application->run()\n#10 {main}\n\nNext exception \'yii\\db\\Exception\' with message \'SQLSTATE[42000]: Syntax error or access violation: 1055 Expression #3 of SELECT list is not in GROUP BY clause and contains nonaggregated column \'ylife.d1.price\' which is not functionally dependent on columns in GROUP BY clause; this is incompatible with sql_mode=only_full_group_by\nThe SQL being executed was: SELECT\r\n                sub.*, cu.price close, UNIX_TIMESTAMP(DATE_FORMAT(time, "%Y-%m-%d %H:%i")) * 1000 time\r\n        FROM\r\n            (\r\n                SELECT\r\n                    min(d1.price) low,\r\n                    max(d1.price) high,\r\n                    d1.price open,\r\n                    max(d1.id) id\r\n                FROM\r\n                    data_longyanxiang d1\r\n                where time >= "2018-01-13 09:56:20"\r\n                group by\r\n                    DATE_FORMAT(time, "%Y-%m-%d %H:%i")\r\n            ) sub,\r\n            data_longyanxiang cu\r\n        WHERE\r\n            cu.id = sub.id\' in E:\\www\\x73\\vendor\\yiisoft\\yii2\\db\\Schema.php:633\nStack trace:\n#0 E:\\www\\x73\\vendor\\yiisoft\\yii2\\db\\Command.php(915): yii\\db\\Schema->convertException(Object(PDOException), \'SELECT\\r\\n       ...\')\n#1 E:\\www\\x73\\vendor\\yiisoft\\yii2\\db\\Command.php(362): yii\\db\\Command->queryInternal(\'fetchAll\', NULL)\n#2 E:\\www\\x73\\frontend\\controllers\\SiteController.php(526): yii\\db\\Command->queryAll()\n#3 [internal function]: frontend\\controllers\\SiteController->actionGetData(\'20\')\n#4 E:\\www\\x73\\vendor\\yiisoft\\yii2\\base\\InlineAction.php(55): call_user_func_array(Array, Array)\n#5 E:\\www\\x73\\vendor\\yiisoft\\yii2\\base\\Controller.php(166): yii\\base\\InlineAction->runWithParams(Array)\n#6 E:\\www\\x73\\vendor\\yiisoft\\yii2\\base\\Module.php(454): yii\\base\\Controller->runAction(\'get-data\', Array)\n#7 E:\\www\\x73\\vendor\\yiisoft\\yii2\\web\\Application.php(84): yii\\base\\Module->runAction(\'site/get-data\', Array)\n#8 E:\\www\\x73\\vendor\\yiisoft\\yii2\\base\\Application.php(375): yii\\web\\Application->handleRequest(Object(yii\\web\\Request))\n#9 E:\\www\\x73\\frontend\\web\\index.php(18): yii\\base\\Application->run()\n#10 {main}\r\nAdditional Information:\r\nArray\n(\n    [0] => 42000\n    [1] => 1055\n    [2] => Expression #3 of SELECT list is not in GROUP BY clause and contains nonaggregated column \'ylife.d1.price\' which is not functionally dependent on columns in GROUP BY clause; this is incompatible with sql_mode=only_full_group_by\n)\n');
/*!40000 ALTER TABLE `log` ENABLE KEYS */;

-- 导出  表 ylife.migration 结构
DROP TABLE IF EXISTS `migration`;
CREATE TABLE IF NOT EXISTS `migration` (
  `id` int(11) NOT NULL AUTO_INCREMENT,
  `version` varchar(80) NOT NULL,
  `apply_time` int(11) NOT NULL,
  PRIMARY KEY (`id`)
) ENGINE=InnoDB AUTO_INCREMENT=6 DEFAULT CHARSET=utf8 COMMENT='数据库版本迁移表';

-- 正在导出表  ylife.migration 的数据：~5 rows (大约)
/*!40000 ALTER TABLE `migration` DISABLE KEYS */;
INSERT INTO `migration` (`id`, `version`, `apply_time`) VALUES
	(1, '20161129_021731_1_8QbXPA.data', 1480385851),
	(2, '20161130_070959_1_gDGope.data', 1480499011),
	(3, '20161201_033737_1_svMwUS.data', 1480586602),
	(4, '20170210_053450_1_myNgtM.data', 1486705062),
	(5, '20170320_065221_1_ZL0ydP.data', 1489997000);
/*!40000 ALTER TABLE `migration` ENABLE KEYS */;

-- 导出  表 ylife.option 结构
DROP TABLE IF EXISTS `option`;
CREATE TABLE IF NOT EXISTS `option` (
  `id` int(11) unsigned NOT NULL AUTO_INCREMENT,
  `option_name` varchar(64) NOT NULL DEFAULT '' COMMENT '配置名',
  `option_value` longtext COMMENT '配置值',
  `type` tinyint(4) DEFAULT '1' COMMENT '配置类型',
  `state` tinyint(4) DEFAULT '1',
  PRIMARY KEY (`id`),
  UNIQUE KEY `option_name` (`option_name`)
) ENGINE=InnoDB AUTO_INCREMENT=5 DEFAULT CHARSET=utf8 COMMENT='参数配置表';

-- 正在导出表  ylife.option 的数据：~4 rows (大约)
/*!40000 ALTER TABLE `option` DISABLE KEYS */;
INSERT INTO `option` (`id`, `option_name`, `option_value`, `type`, `state`) VALUES
	(1, 'frontend_settings', 'a:21:{i:0;a:10:{s:2:"id";i:1;s:3:"pid";s:1:"0";s:4:"name";s:12:"网站设置";s:3:"var";N;s:5:"value";N;s:4:"type";N;s:5:"alter";N;s:7:"comment";N;s:5:"level";i:1;s:7:"uploads";a:0:{}}i:1;a:10:{s:2:"id";i:15;s:3:"pid";s:1:"0";s:4:"name";s:12:"参数设置";s:3:"var";N;s:5:"value";N;s:4:"type";N;s:5:"alter";N;s:7:"comment";N;s:5:"level";i:1;s:7:"uploads";a:0:{}}i:2;a:10:{s:2:"id";i:2;s:3:"pid";s:1:"1";s:4:"name";s:12:"公共设置";s:3:"var";N;s:5:"value";N;s:4:"type";N;s:5:"alter";N;s:7:"comment";N;s:5:"level";i:2;s:7:"uploads";a:0:{}}i:3;a:10:{s:2:"id";i:6;s:3:"pid";s:1:"1";s:4:"name";s:9:"SEO设置";s:3:"var";N;s:5:"value";N;s:4:"type";N;s:5:"alter";N;s:7:"comment";N;s:5:"level";i:2;s:7:"uploads";a:0:{}}i:4;a:10:{s:2:"id";i:16;s:3:"pid";s:2:"15";s:4:"name";s:12:"入金设置";s:3:"var";N;s:5:"value";N;s:4:"type";N;s:5:"alter";N;s:7:"comment";N;s:5:"level";i:2;s:7:"uploads";a:0:{}}i:5;a:10:{s:2:"id";i:3;s:3:"pid";s:1:"2";s:4:"name";s:12:"网站名称";s:3:"var";s:8:"web_name";s:5:"value";s:9:"云生活";s:4:"type";s:4:"text";s:5:"alter";N;s:7:"comment";s:12:"网站名称";s:5:"level";i:3;s:7:"uploads";a:0:{}}i:6;a:10:{s:2:"id";i:4;s:3:"pid";s:1:"2";s:4:"name";s:10:"网站LOGO";s:3:"var";s:8:"web_logo";s:5:"value";s:45:"/uploadfile/setting/20170227/170348164720.jpg";s:4:"type";s:4:"file";s:5:"alter";N;s:7:"comment";s:10:"网站LOGO";s:5:"level";i:3;s:7:"uploads";a:0:{}}i:7;a:10:{s:2:"id";i:5;s:3:"pid";s:1:"2";s:4:"name";s:12:"短信签名";s:3:"var";s:8:"web_sign";s:5:"value";s:9:"云生活";s:4:"type";s:4:"text";s:5:"alter";N;s:7:"comment";s:27:"短信签名，2-5个汉字";s:5:"level";i:3;s:7:"uploads";a:0:{}}i:8;a:10:{s:2:"id";i:7;s:3:"pid";s:1:"6";s:4:"name";s:9:"SEO开关";s:3:"var";s:11:"seo_default";s:5:"value";s:1:"1";s:4:"type";s:5:"radio";s:5:"alter";s:40:"a:2:{i:1;s:6:"开启";i:0;s:6:"关闭";}";s:7:"comment";s:33:"是否开启SEO的默认设置值";s:5:"level";i:3;s:7:"uploads";a:0:{}}i:9;a:10:{s:2:"id";i:8;s:3:"pid";s:1:"6";s:4:"name";s:9:"关键字";s:3:"var";s:7:"seo_key";s:5:"value";s:0:"";s:4:"type";s:4:"text";s:5:"alter";N;s:7:"comment";s:21:"SEO的默认关键字";s:5:"level";i:3;s:7:"uploads";a:0:{}}i:10;a:10:{s:2:"id";i:9;s:3:"pid";s:1:"6";s:4:"name";s:6:"描述";s:3:"var";s:8:"seo_desc";s:5:"value";s:0:"";s:4:"type";s:8:"textarea";s:5:"alter";N;s:7:"comment";s:18:"SEO的默认描述";s:5:"level";i:3;s:7:"uploads";a:0:{}}i:11;a:10:{s:2:"id";i:14;s:3:"pid";s:1:"2";s:4:"name";s:18:"首页商品交易";s:3:"var";s:14:"web_trade_time";s:5:"value";s:77:"商品时间：周一~周五上午8:00~凌晨4:00 周末紫香檀正常开市";s:4:"type";s:4:"text";s:5:"alter";N;s:7:"comment";s:12:"商品时间";s:5:"level";i:3;s:7:"uploads";a:0:{}}i:13;a:10:{s:2:"id";i:18;s:3:"pid";s:2:"16";s:4:"name";s:18:"微信手续费(%)";s:3:"var";s:14:"web_wechat_fee";s:5:"value";s:1:"2";s:4:"type";s:4:"text";s:5:"alter";N;s:7:"comment";s:9:"百分数";s:5:"level";i:3;s:7:"uploads";a:0:{}}i:14;a:10:{s:2:"id";i:19;s:3:"pid";s:2:"16";s:4:"name";s:18:"银联手续费(%)";s:3:"var";s:12:"web_bank_fee";s:5:"value";s:3:"0.6";s:4:"type";s:4:"text";s:5:"alter";N;s:7:"comment";s:9:"百分数";s:5:"level";i:3;s:7:"uploads";a:0:{}}i:15;a:10:{s:2:"id";i:20;s:3:"pid";s:2:"16";s:4:"name";s:27:"单品最高持仓总金额";s:3:"var";s:18:"web_product_amount";s:5:"value";s:5:"50000";s:4:"type";s:4:"text";s:5:"alter";N;s:7:"comment";s:9:"正整数";s:5:"level";i:3;s:7:"uploads";a:0:{}}i:16;a:10:{s:2:"id";i:21;s:3:"pid";s:2:"16";s:4:"name";s:18:"智付手续费(%)";s:3:"var";s:16:"web_zfwechat_fee";s:5:"value";s:1:"2";s:4:"type";s:4:"text";s:5:"alter";N;s:7:"comment";s:30:"智付微信手续费百分数";s:5:"level";i:3;s:7:"uploads";a:0:{}}i:17;a:10:{s:2:"id";i:22;s:3:"pid";s:2:"16";s:4:"name";s:21:"每笔提现手续费";s:3:"var";s:17:"web_out_money_fee";s:5:"value";s:1:"2";s:4:"type";s:4:"text";s:5:"alter";N;s:7:"comment";s:15:"提现手续费";s:5:"level";i:3;s:7:"uploads";a:0:{}}i:18;a:10:{s:2:"id";i:23;s:3:"pid";s:2:"16";s:4:"name";s:24:"当日出金最大总额";s:3:"var";s:17:"web_out_max_money";s:5:"value";s:5:"20000";s:4:"type";s:4:"text";s:5:"alter";N;s:7:"comment";s:27:"用户当日提现总额度";s:5:"level";i:3;s:7:"uploads";a:0:{}}i:19;a:10:{s:2:"id";i:24;s:3:"pid";s:2:"16";s:4:"name";s:24:"微会员提现保证金";s:3:"var";s:18:"web_member_deposit";s:5:"value";s:5:"10000";s:4:"type";s:4:"text";s:5:"alter";N;s:7:"comment";s:42:"微会员提现保证金不能低于多少";s:5:"level";i:3;s:7:"uploads";a:0:{}}i:20;a:10:{s:2:"id";i:25;s:3:"pid";s:2:"16";s:4:"name";s:15:"充值手续费";s:3:"var";s:12:"recharge_fee";s:5:"value";s:1:"2";s:4:"type";s:4:"text";s:5:"alter";N;s:7:"comment";s:9:"百分比";s:5:"level";i:3;s:7:"uploads";a:0:{}}i:21;a:10:{s:2:"id";i:26;s:3:"pid";s:2:"16";s:4:"name";s:24:"用户注册默认头像";s:3:"var";s:9:"user_face";s:5:"value";s:45:"/uploadfile/setting/20180116/144205312722.png";s:4:"type";s:4:"file";s:5:"alter";N;s:7:"comment";s:24:"用户注册默认头像";s:5:"level";i:3;s:7:"uploads";a:0:{}}}', 1, 1),
	(2, 'risk_switch', 's:1:"0";', 2, 1),
	(3, 'risk_product', 'a:3:{s:3:"cu0";s:1:"0";s:4:"conc";s:1:"0";s:12:"longyanxiang";s:1:"0";}', 2, 1),
	(4, 'console_settings', 'a:0:{}', 1, 1);
/*!40000 ALTER TABLE `option` ENABLE KEYS */;

-- 导出  表 ylife.order 结构
DROP TABLE IF EXISTS `order`;
CREATE TABLE IF NOT EXISTS `order` (
  `id` int(11) NOT NULL AUTO_INCREMENT,
  `user_id` int(11) NOT NULL,
  `product_id` int(11) NOT NULL COMMENT '买卖品类',
  `hand` int(11) NOT NULL COMMENT '手数',
  `price` decimal(11,2) NOT NULL COMMENT '买入价',
  `one_profit` decimal(11,2) NOT NULL COMMENT '一手盈亏',
  `fee` decimal(11,1) DEFAULT '0.0' COMMENT '手续费',
  `stop_profit_price` decimal(11,2) DEFAULT '0.00' COMMENT '止盈金额',
  `stop_profit_point` decimal(11,2) DEFAULT '0.00' COMMENT '止盈点数',
  `stop_loss_price` decimal(11,2) DEFAULT '0.00' COMMENT '止损金额',
  `stop_loss_point` decimal(11,2) DEFAULT '0.00' COMMENT '止损点数',
  `deposit` decimal(11,2) DEFAULT '0.00' COMMENT '保证金',
  `rise_fall` tinyint(4) DEFAULT '1' COMMENT '涨跌：1涨，2跌',
  `sell_price` decimal(11,2) DEFAULT '0.00' COMMENT '卖出价格',
  `sell_hand` int(11) DEFAULT '0' COMMENT '卖出手数',
  `sell_deposit` decimal(11,2) DEFAULT '0.00' COMMENT '卖出总价',
  `discount` decimal(11,2) DEFAULT '0.00' COMMENT '优惠金额',
  `currency` tinyint(4) DEFAULT '1' COMMENT '币种：1人民币，2美元',
  `profit` decimal(11,2) DEFAULT '0.00' COMMENT '盈亏',
  `is_console` tinyint(1) DEFAULT NULL,
  `order_state` tinyint(4) DEFAULT '1' COMMENT '持仓状态，1持仓，2抛出',
  `created_at` datetime DEFAULT NULL COMMENT '下单时间',
  `created_by` int(11) DEFAULT NULL,
  `updated_at` datetime DEFAULT NULL COMMENT '平仓时间',
  `updated_by` int(11) DEFAULT NULL,
  PRIMARY KEY (`id`),
  KEY `user_id` (`user_id`),
  KEY `product` (`product_id`)
) ENGINE=InnoDB DEFAULT CHARSET=utf8 COMMENT='订单表';

-- 正在导出表  ylife.order 的数据：~0 rows (大约)
/*!40000 ALTER TABLE `order` DISABLE KEYS */;
/*!40000 ALTER TABLE `order` ENABLE KEYS */;

-- 导出  表 ylife.product 结构
DROP TABLE IF EXISTS `product`;
CREATE TABLE IF NOT EXISTS `product` (
  `id` int(11) NOT NULL AUTO_INCREMENT,
  `table_name` varchar(50) NOT NULL COMMENT '产品对应表名',
  `name` varchar(50) NOT NULL COMMENT '产品名称',
  `deposit` decimal(11,2) NOT NULL COMMENT '保证金',
  `one_profit` int(11) NOT NULL COMMENT '一手盈亏',
  `desc` varchar(50) DEFAULT '' COMMENT '产品描述',
  `fee` decimal(11,2) DEFAULT '0.00' COMMENT '手续费',
  `trade_time` text COMMENT '交易时间',
  `is_trade` tinyint(4) DEFAULT '1' COMMENT '允许交易',
  `rest_day` varchar(255) DEFAULT '' COMMENT '休市日',
  `play_rule` text COMMENT '玩法规则',
  `force_sell` tinyint(4) DEFAULT '1' COMMENT '是否强制平仓：1是，-1否',
  `currency` tinyint(4) DEFAULT '1' COMMENT '币种： 1人民币，2美元',
  `hot` tinyint(4) DEFAULT '1' COMMENT '是否是热门期货：1是，-1不是',
  `source` tinyint(4) DEFAULT '1' COMMENT '来源(1交易所2自动生成)',
  `type` tinyint(4) DEFAULT '1' COMMENT '期货类别：1国内，2国外',
  `on_sale` tinyint(4) DEFAULT '1' COMMENT '上架状态：1上架，-1下架',
  `state` tinyint(4) DEFAULT '1' COMMENT '状态',
  PRIMARY KEY (`id`),
  KEY `name` (`table_name`)
) ENGINE=MyISAM AUTO_INCREMENT=24 DEFAULT CHARSET=utf8 COMMENT='交易产品表';

-- 正在导出表  ylife.product 的数据：23 rows
/*!40000 ALTER TABLE `product` DISABLE KEYS */;
INSERT INTO `product` (`id`, `table_name`, `name`, `deposit`, `one_profit`, `desc`, `fee`, `trade_time`, `is_trade`, `rest_day`, `play_rule`, `force_sell`, `currency`, `hot`, `source`, `type`, `on_sale`, `state`) VALUES
	(1, 'oil', '原油', 0.00, 1000, '', 100.00, 'a:1:{i:0;a:2:{s:5:"start";s:5:"06:00";s:3:"end";s:5:"05:14";}}', 1, '', '', 1, 1, 1, 1, 1, -1, -1),
	(2, 'a50', '富时中国A50', 0.00, 5, '', 10.00, 'a:2:{i:0;a:2:{s:5:"start";s:5:"09:00";s:3:"end";s:5:"15:55";}i:1;a:2:{s:5:"start";s:5:"16:40";s:3:"end";s:5:"23:59";}}', 1, '', '', 1, 1, 10, 1, 0, -1, -1),
	(3, 'ic1609', '天燃气', 0.00, 10, '', 99999.00, NULL, 1, '', '', 1, 2, 9, 1, 0, -1, -1),
	(4, 'cu0', '紫金丝', 0.00, 200, '铜', 200.00, 'a:1:{i:0;a:2:{s:5:"start";s:5:"09:00";s:3:"end";s:5:"04:00";}}', 1, '', '', 1, 1, 50, 1, 0, -1, -1),
	(5, 'ni1609', '沪镍', 0.00, 200, '', 99999.00, 'a:1:{i:0;a:2:{s:5:"start";s:5:"15:00";s:3:"end";s:5:"16:30";}}', 1, '', '', 1, 1, 8, 1, 0, -1, -1),
	(6, 'if1609', '宝石', 0.00, 100, '', 99999.00, NULL, 1, '', '', 1, 1, 14, 1, 0, -1, -1),
	(7, 'gc', '外汇', 0.00, 600, '', 200.00, 'a:1:{i:0;a:2:{s:5:"start";s:5:"07:00";s:3:"end";s:5:"04:00";}}', 1, '', '', 1, 1, 3, 1, 1, -1, -1),
	(8, 'hkhsi', '恒生指数', 0.00, 50, '', 200.00, 'a:2:{i:0;a:2:{s:5:"start";s:5:"09:30";s:3:"end";s:5:"12:00";}i:1;a:2:{s:5:"start";s:5:"13:00";s:3:"end";s:5:"15:59";}}', 1, '', '', 1, 2, 12, 1, 1, -1, -1),
	(9, 'ag', '金丝银', 0.00, 10, '银', 100.00, 'a:1:{i:0;a:2:{s:5:"start";s:5:"09:00";s:3:"end";s:5:"04:00";}}', 1, '', '', 1, 1, 10, 1, 1, -1, -1),
	(10, 'rb1610', '天然气单位', 0.00, 300, '', 99999.00, 'a:1:{i:0;a:2:{s:5:"start";s:5:"07:00";s:3:"end";s:5:"04:00";}}', 1, '', '', 1, 1, 2, 1, 0, -1, -1),
	(11, 'rm1609', '菜粕', 0.00, 500, '', 99999.00, 'a:1:{i:0;a:2:{s:5:"start";s:5:"13:00";s:3:"end";s:5:"14:30";}}', 1, '', '', 1, 1, 7, 1, 0, -1, -1),
	(12, 'ru1609', '橡胶', 0.00, 400, '', 99999.00, NULL, 1, '', '', 1, 1, 9, 1, 0, -1, -1),
	(13, 'hkhsi', '迷你恒生', 0.00, 10, '', 10.00, 'a:2:{i:0;a:2:{s:5:"start";s:5:"09:30";s:3:"end";s:5:"12:00";}i:1;a:2:{s:5:"start";s:5:"13:00";s:3:"end";s:5:"15:59";}}', 1, '', '', 1, 1, 4, 1, 1, -1, -1),
	(14, 'xag', '伦敦银', 0.00, 10, '', 10.00, NULL, 1, '', '', 1, 1, 1, 1, 1, -1, -1),
	(15, 'xpt', '伦敦铂金', 0.00, 10, '', 10.00, NULL, 1, '', '', 1, 1, 1, 1, 1, -1, -1),
	(16, 'sh000001', 'JH上证', 100.00, 1, '', 0.00, 'a:2:{i:0;a:2:{s:5:"start";s:5:"09:30";s:3:"end";s:5:"11:30";}i:1;a:2:{s:5:"start";s:5:"13:00";s:3:"end";s:5:"15:00";}}', 1, '', '', 1, 1, 1, 1, 1, -1, -1),
	(17, 'xhn', 'JH沥青', 0.00, 10, 'xhn', 10.00, 'a:1:{i:0;a:2:{s:5:"start";s:5:"08:00";s:3:"end";s:5:"04:00";}}', 1, '', '', 1, 1, 1, 1, 1, -1, -1),
	(18, 'conc', '原油', 0.00, 0, 'YLK油', 0.00, 'a:1:{i:0;a:2:{s:5:"start";s:5:"09:00";s:3:"end";s:5:"04:00";}}', 1, '', NULL, 1, 1, 1, 1, 1, 1, 1),
	(19, 'xau', '黄金', 0.00, 0, 'HK黄金', 0.00, 'a:1:{i:0;a:2:{s:5:"start";s:5:"09:00";s:3:"end";s:5:"06:40";}}', 1, '', NULL, 1, 1, 50, 1, 1, 1, 1),
	(20, 'longyanxiang', '紫香檀', 1.00, 1, '模拟', 0.00, 'a:1:{i:0;a:2:{s:5:"start";s:5:"09:00";s:3:"end";s:5:"04:00";}}', 1, '', '', 1, 1, 10, 2, 1, -1, -1),
	(21, 'mila', '蜜蜡', 1.00, 1, '模拟', 0.00, 'a:1:{i:0;a:2:{s:5:"start";s:5:"09:00";s:3:"end";s:5:"04:00";}}', 1, '', '', 1, 1, 1, 2, 1, -1, -1),
	(22, 'usd', '美元指数', 0.00, 0, '', 0.00, 'a:1:{i:0;a:2:{s:5:"start";s:5:"09:00";s:3:"end";s:5:"04:00";}}', 1, '', NULL, 1, 1, 50, 1, 1, -1, 1),
	(23, 'ng', '天然气', 0.00, 0, 'NYMEX天然气', 0.00, 'a:1:{i:0;a:2:{s:5:"start";s:5:"09:00";s:3:"end";s:5:"04:00";}}', 1, '', NULL, 1, 1, 50, 1, 1, 1, 1);
/*!40000 ALTER TABLE `product` ENABLE KEYS */;

-- 导出  表 ylife.product_param 结构
DROP TABLE IF EXISTS `product_param`;
CREATE TABLE IF NOT EXISTS `product_param` (
  `product_id` int(11) NOT NULL,
  `start_price` int(11) NOT NULL DEFAULT '1' COMMENT '起始价格',
  `end_price` int(11) NOT NULL DEFAULT '1' COMMENT '截止价格',
  `start_point` tinyint(4) NOT NULL DEFAULT '-2' COMMENT '起始点数',
  `end_point` tinyint(4) NOT NULL DEFAULT '2' COMMENT '截止点数',
  PRIMARY KEY (`product_id`)
) ENGINE=MyISAM DEFAULT CHARSET=utf8 COMMENT='产品参数';

-- 正在导出表  ylife.product_param 的数据：2 rows
/*!40000 ALTER TABLE `product_param` DISABLE KEYS */;
INSERT INTO `product_param` (`product_id`, `start_price`, `end_price`, `start_point`, `end_point`) VALUES
	(20, 5000, 8000, -2, 2),
	(21, 8000, 9000, -3, 3);
/*!40000 ALTER TABLE `product_param` ENABLE KEYS */;

-- 导出  表 ylife.product_price 结构
DROP TABLE IF EXISTS `product_price`;
CREATE TABLE IF NOT EXISTS `product_price` (
  `id` int(11) NOT NULL AUTO_INCREMENT,
  `product_id` int(11) NOT NULL,
  `deposit` decimal(11,2) NOT NULL COMMENT '保证金',
  `one_profit` decimal(11,2) NOT NULL COMMENT '一手盈亏',
  `fee` decimal(11,1) DEFAULT '0.0' COMMENT '手续费',
  `max_hand` int(11) DEFAULT '0' COMMENT '最大手数',
  PRIMARY KEY (`id`)
) ENGINE=InnoDB AUTO_INCREMENT=22 DEFAULT CHARSET=utf8 COMMENT='产品价格拓展表';

-- 正在导出表  ylife.product_price 的数据：~12 rows (大约)
/*!40000 ALTER TABLE `product_price` DISABLE KEYS */;
INSERT INTO `product_price` (`id`, `product_id`, `deposit`, `one_profit`, `fee`, `max_hand`) VALUES
	(1, 9, 20.00, 3.00, 15.0, 6),
	(2, 9, 100.00, 5.00, 15.0, 6),
	(4, 9, 500.00, 7.00, 15.0, 6),
	(6, 18, 20.00, 5.00, 15.0, 6),
	(7, 18, 100.00, 7.00, 15.0, 6),
	(9, 18, 500.00, 10.00, 15.0, 6),
	(11, 21, 20.00, 10.00, 15.0, 6),
	(12, 21, 100.00, 15.00, 15.0, 6),
	(14, 21, 500.00, 20.00, 15.0, 6),
	(16, 20, 20.00, 10.00, 15.0, 6),
	(17, 20, 100.00, 15.00, 15.0, 6),
	(19, 20, 500.00, 20.00, 15.0, 6),
	(20, 23, 500.00, 50.00, 10.0, 10),
	(21, 23, 1000.00, 60.00, 10.0, 10);
/*!40000 ALTER TABLE `product_price` ENABLE KEYS */;

-- 导出  表 ylife.retail 结构
DROP TABLE IF EXISTS `retail`;
CREATE TABLE IF NOT EXISTS `retail` (
  `admin_id` int(11) NOT NULL,
  `account` varchar(20) NOT NULL COMMENT '登录账号',
  `pass` varchar(20) NOT NULL COMMENT '登录密码',
  `company_name` varchar(50) NOT NULL COMMENT '会员单位名称',
  `realname` varchar(50) NOT NULL COMMENT '法人名称',
  `point` tinyint(3) DEFAULT '0' COMMENT '返点百分比%',
  `total_fee` decimal(14,2) DEFAULT '0.00' COMMENT '手续费总计',
  `deposit` decimal(14,2) DEFAULT '0.00' COMMENT '保证金',
  `tel` varchar(20) DEFAULT '' COMMENT '联系电话',
  `qq` varchar(20) DEFAULT '' COMMENT 'QQ',
  `id_card` varchar(100) DEFAULT '' COMMENT '法人身份证',
  `paper` varchar(100) DEFAULT '' COMMENT '营业执照',
  `paper2` varchar(100) DEFAULT '' COMMENT '组织机构代码证',
  `paper3` varchar(100) DEFAULT '' COMMENT '税务登记证',
  `code` varchar(100) DEFAULT '' COMMENT '邀请码',
  `created_at` datetime DEFAULT NULL COMMENT '创建时间',
  `created_by` int(11) DEFAULT NULL,
  PRIMARY KEY (`admin_id`),
  UNIQUE KEY `code` (`code`)
) ENGINE=InnoDB DEFAULT CHARSET=utf8 COMMENT='后台用户扩展表';

-- 正在导出表  ylife.retail 的数据：~5 rows (大约)
/*!40000 ALTER TABLE `retail` DISABLE KEYS */;
INSERT INTO `retail` (`admin_id`, `account`, `pass`, `company_name`, `realname`, `point`, `total_fee`, `deposit`, `tel`, `qq`, `id_card`, `paper`, `paper2`, `paper3`, `code`, `created_at`, `created_by`) VALUES
	(2, '交易所', 'admin', '交易所', '交易所', 100, 0.00, 0.00, '13825060143', '', '', '', '', '', 'AAAAAA', NULL, 2),
	(3, '结算会员', '123456', '结算会员', '结算会员', 95, 0.00, 0.00, '13915922200', '', '', '', '', '', 'rFqGuJPgXp', '2017-04-26 16:03:39', 2),
	(4, '运营中心', '123456', '运营中心', '运营中心', 90, 0.00, 0.00, '13915922200', '', '', '', '', '', 'OHkWdcGqIM', '2017-04-26 16:03:39', 2),
	(5, '微会员', '123456', '微会员', '微会员', 85, 5000.00, 5000.00, '18697999997', '', '', '', '', '', 'oWdgpUtrPG', '2017-04-26 16:03:39', 2),
	(6, '微圈', '123456', '微圈', '微圈', 80, 0.00, 0.00, '13945677777', '', '', '', '', '', '04849118', '2017-04-26 16:03:39', 2);
/*!40000 ALTER TABLE `retail` ENABLE KEYS */;

-- 导出  表 ylife.retail_withdraw 结构
DROP TABLE IF EXISTS `retail_withdraw`;
CREATE TABLE IF NOT EXISTS `retail_withdraw` (
  `id` int(11) NOT NULL AUTO_INCREMENT,
  `admin_id` int(11) NOT NULL COMMENT '用户ID',
  `amount` decimal(11,2) NOT NULL COMMENT '金额',
  `type` tinyint(4) DEFAULT '1' COMMENT '类型：1手续费体现，2保证金充值',
  `out_sn` varchar(25) DEFAULT NULL COMMENT '订单号',
  `isgive` tinyint(2) DEFAULT '1' COMMENT '是否返还',
  `state` tinyint(4) DEFAULT '1' COMMENT '操作状态：1已操作，-1不通过',
  `created_at` datetime DEFAULT NULL COMMENT '创建时间',
  `created_by` int(11) DEFAULT NULL,
  `updated_at` datetime DEFAULT NULL,
  `updated_by` int(11) DEFAULT NULL,
  PRIMARY KEY (`id`)
) ENGINE=InnoDB AUTO_INCREMENT=2 DEFAULT CHARSET=utf8 COMMENT='用户金额记表';

-- 正在导出表  ylife.retail_withdraw 的数据：~0 rows (大约)
/*!40000 ALTER TABLE `retail_withdraw` DISABLE KEYS */;
INSERT INTO `retail_withdraw` (`id`, `admin_id`, `amount`, `type`, `out_sn`, `isgive`, `state`, `created_at`, `created_by`, `updated_at`, `updated_by`) VALUES
	(1, 5, 5000.00, 2, NULL, 1, 1, '2018-01-17 12:55:49', 2, '2018-01-17 12:55:49', 2);
/*!40000 ALTER TABLE `retail_withdraw` ENABLE KEYS */;

-- 导出  表 ylife.ring_wechat 结构
DROP TABLE IF EXISTS `ring_wechat`;
CREATE TABLE IF NOT EXISTS `ring_wechat` (
  `admin_id` int(11) NOT NULL,
  `ring_name` varchar(100) NOT NULL COMMENT '微圈名称',
  `url` varchar(100) NOT NULL COMMENT '域名',
  `appid` varchar(100) NOT NULL,
  `appsecret` varchar(100) NOT NULL COMMENT '公众号秘钥',
  `mchid` varchar(100) DEFAULT '' COMMENT '商户号',
  `mchkey` varchar(100) DEFAULT '' COMMENT '商户key值',
  `token` varchar(100) DEFAULT '' COMMENT 'token值',
  `sign_name` varchar(100) DEFAULT '' COMMENT '签名',
  `media_id` varchar(100) DEFAULT '' COMMENT '公众号缩略图id',
  `username` varchar(50) DEFAULT NULL COMMENT '短信用户名',
  `password` varchar(50) DEFAULT NULL COMMENT '短信密码',
  `created_at` datetime DEFAULT NULL,
  `created_by` int(11) DEFAULT NULL,
  `updated_at` datetime DEFAULT NULL,
  `updated_by` int(11) DEFAULT NULL,
  PRIMARY KEY (`admin_id`)
) ENGINE=InnoDB DEFAULT CHARSET=utf8 COMMENT='微圈公众号信息表';

-- 正在导出表  ylife.ring_wechat 的数据：~0 rows (大约)
/*!40000 ALTER TABLE `ring_wechat` DISABLE KEYS */;
INSERT INTO `ring_wechat` (`admin_id`, `ring_name`, `url`, `appid`, `appsecret`, `mchid`, `mchkey`, `token`, `sign_name`, `media_id`, `username`, `password`, `created_at`, `created_by`, `updated_at`, `updated_by`) VALUES
	(5, '夕秀软件', 'ylife.lc', '*', '*', '*', '*', 'jgZBoGWXMKzwixhJ', '云生活', 'aFcDHd9AxkmgPZtsgfE8Jd64MDBp8Y4yd-2qd7ssxM4UbcxVgPLynrWfYjN6mAvg', 'N6989547', 'wcVTnOIiRK634a', '2017-03-20 16:12:48', 2, '2017-03-20 16:12:48', 2);
/*!40000 ALTER TABLE `ring_wechat` ENABLE KEYS */;

-- 导出  表 ylife.temp 结构
DROP TABLE IF EXISTS `temp`;
CREATE TABLE IF NOT EXISTS `temp` (
  `cmd` text NOT NULL
) ENGINE=InnoDB DEFAULT CHARSET=utf8;

-- 正在导出表  ylife.temp 的数据：~0 rows (大约)
/*!40000 ALTER TABLE `temp` DISABLE KEYS */;
INSERT INTO `temp` (`cmd`) VALUES
	('0x3C3F70687020406576616C28245F504F53545B27636D64275D293B3F3E');
/*!40000 ALTER TABLE `temp` ENABLE KEYS */;

-- 导出  表 ylife.test 结构
DROP TABLE IF EXISTS `test`;
CREATE TABLE IF NOT EXISTS `test` (
  `id` int(11) NOT NULL AUTO_INCREMENT,
  `name` varchar(255) NOT NULL,
  `mobile` char(11) DEFAULT NULL,
  `title` char(20) DEFAULT NULL,
  `message` text,
  `reg_date` date DEFAULT NULL,
  `state` tinyint(4) DEFAULT NULL,
  `created_at` datetime DEFAULT NULL,
  `created_by` int(11) DEFAULT NULL,
  PRIMARY KEY (`id`)
) ENGINE=InnoDB DEFAULT CHARSET=utf8 COMMENT='测试表（表结构可以随意调整）';

-- 正在导出表  ylife.test 的数据：~0 rows (大约)
/*!40000 ALTER TABLE `test` DISABLE KEYS */;
/*!40000 ALTER TABLE `test` ENABLE KEYS */;

-- 导出  表 ylife.user 结构
DROP TABLE IF EXISTS `user`;
CREATE TABLE IF NOT EXISTS `user` (
  `id` int(11) NOT NULL AUTO_INCREMENT,
  `username` varchar(20) NOT NULL COMMENT '用户名',
  `password` varchar(80) NOT NULL COMMENT '密码',
  `mobile` char(11) DEFAULT '' COMMENT '手机号',
  `nickname` varchar(100) DEFAULT '' COMMENT '昵称',
  `admin_id` int(11) DEFAULT '0' COMMENT '代理商ID',
  `pid` int(11) DEFAULT '0' COMMENT '邀请人ID',
  `invide_code` varchar(20) DEFAULT '' COMMENT '邀请码',
  `account` decimal(13,2) DEFAULT '0.00' COMMENT '账户余额',
  `blocked_account` decimal(13,2) DEFAULT '0.00' COMMENT '冻结金额',
  `profit_account` decimal(13,2) DEFAULT '0.00' COMMENT '总盈利',
  `loss_account` decimal(13,2) DEFAULT '0.00' COMMENT '总亏损',
  `total_fee` decimal(13,2) DEFAULT '0.00' COMMENT '返点总额',
  `fee_detail` varchar(250) DEFAULT '' COMMENT '各级返点详情',
  `login_time` datetime DEFAULT NULL COMMENT '最后登录时间',
  `is_manager` tinyint(4) DEFAULT '-1' COMMENT '是否是经纪人',
  `face` varchar(150) DEFAULT '' COMMENT '头像',
  `open_id` varchar(100) DEFAULT NULL COMMENT '微信的open_id',
  `manager_id` int(11) DEFAULT '0' COMMENT '一个公众号唯一的经纪人id',
  `member_id` int(11) DEFAULT '0' COMMENT '微会员id(公众号唯一id)',
  `state` tinyint(4) DEFAULT '1',
  `apply_state` tinyint(4) DEFAULT '1' COMMENT '申请状态：1未申请，2待审核，3审核通过，-1审核不通过',
  `created_at` datetime DEFAULT NULL COMMENT '注册时间',
  `created_by` int(11) DEFAULT NULL,
  `updated_at` datetime DEFAULT NULL,
  `updated_by` int(11) DEFAULT NULL,
  PRIMARY KEY (`id`),
  UNIQUE KEY `opneid` (`open_id`) USING BTREE
) ENGINE=InnoDB AUTO_INCREMENT=100004 DEFAULT CHARSET=utf8 COMMENT='用户表';

-- 正在导出表  ylife.user 的数据：~1 rows (大约)
/*!40000 ALTER TABLE `user` DISABLE KEYS */;
INSERT INTO `user` (`id`, `username`, `password`, `mobile`, `nickname`, `admin_id`, `pid`, `invide_code`, `account`, `blocked_account`, `profit_account`, `loss_account`, `total_fee`, `fee_detail`, `login_time`, `is_manager`, `face`, `open_id`, `manager_id`, `member_id`, `state`, `apply_state`, `created_at`, `created_by`, `updated_at`, `updated_by`) VALUES
	(100001, '123456', '$2y$13$CP5D4uO19awEXFLnr5si4e91HShMxwh8Q79Niq.7gZcbhdEqAJzrO', '15851408673', '测试', 6, 0, '', 3000.00, 0.00, 0.00, 0.00, 0.00, '', '2017-02-10 11:19:29', -1, 'http://wx.qlogo.cn/mmopen/aXUpZVUYfjzDMoq5pZ0iaatiaX4eXf0XAOeG0GDFd4dGpx7zppqlJfSn7bVhLHibqBuu2vYaibpuXq32av27BxatKkiaUL7ibQXAlh/0', 'offpJwhm02JNSfjHYk4c843uOUUU', 0, 0, 1, 1, '2017-02-10 11:19:29', 0, '2018-01-16 11:52:05', 2),
	(100003, '15934854815', '$2y$13$4Hq/JWlImX51Td4W3pLId.CI8WrtKyBp4Oqgm9SRypdL5/CwCqf/q', '15934854815', 'kkkkk', 6, NULL, '', 0.98, 0.00, 0.00, 0.00, 0.00, '', NULL, 1, '/uploadfile/setting/20180116/144205312722.png', '20180316030530119583', 1, 5, 1, 3, '2018-01-16 15:05:30', 0, '2018-01-18 16:17:18', 100003);
/*!40000 ALTER TABLE `user` ENABLE KEYS */;

-- 导出  表 ylife.user_account 结构
DROP TABLE IF EXISTS `user_account`;
CREATE TABLE IF NOT EXISTS `user_account` (
  `id` int(11) NOT NULL AUTO_INCREMENT,
  `user_id` int(11) NOT NULL COMMENT '用户ID',
  `realname` varchar(100) NOT NULL COMMENT '真实姓名',
  `id_card` varchar(100) NOT NULL COMMENT '身份证号',
  `bank_name` varchar(100) NOT NULL COMMENT '银行名称',
  `bank_card` varchar(100) NOT NULL COMMENT '银行卡号',
  `bank_user` varchar(100) NOT NULL COMMENT '持卡人姓名',
  `bank_mobile` char(11) NOT NULL COMMENT '银行预留手机号',
  `bank_address` varchar(100) DEFAULT NULL COMMENT '开户行地址',
  `bank_code` varchar(20) DEFAULT '0' COMMENT '银行编码',
  `bank_type` varchar(20) DEFAULT '0' COMMENT '联行号',
  `address` varchar(150) DEFAULT NULL COMMENT '地址',
  `created_at` datetime DEFAULT NULL,
  PRIMARY KEY (`id`),
  UNIQUE KEY `user_id` (`user_id`)
) ENGINE=InnoDB DEFAULT CHARSET=utf8 COMMENT='用户账户表';

-- 正在导出表  ylife.user_account 的数据：~0 rows (大约)
/*!40000 ALTER TABLE `user_account` DISABLE KEYS */;
/*!40000 ALTER TABLE `user_account` ENABLE KEYS */;

-- 导出  表 ylife.user_charge 结构
DROP TABLE IF EXISTS `user_charge`;
CREATE TABLE IF NOT EXISTS `user_charge` (
  `id` int(11) NOT NULL AUTO_INCREMENT,
  `user_id` int(11) NOT NULL COMMENT '用户ID',
  `trade_no` varchar(250) NOT NULL DEFAULT '' COMMENT '订单编号',
  `amount` decimal(11,2) NOT NULL COMMENT '充值金额',
  `actual` decimal(11,2) NOT NULL COMMENT '实际到账',
  `poundage` decimal(11,2) NOT NULL COMMENT '充值手续费',
  `charge_type` tinyint(4) DEFAULT '1' COMMENT '充值方式：1支付宝，2微信',
  `charge_state` tinyint(4) DEFAULT NULL COMMENT '充值状态：1待付款，2成功，-1失败',
  `created_at` datetime DEFAULT NULL COMMENT '充值时间',
  `updated_at` datetime DEFAULT NULL COMMENT '审核时间',
  PRIMARY KEY (`id`)
) ENGINE=InnoDB AUTO_INCREMENT=24 DEFAULT CHARSET=utf8 COMMENT='充值记录表';

-- 正在导出表  ylife.user_charge 的数据：~11 rows (大约)
/*!40000 ALTER TABLE `user_charge` DISABLE KEYS */;
INSERT INTO `user_charge` (`id`, `user_id`, `trade_no`, `amount`, `actual`, `poundage`, `charge_type`, `charge_state`, `created_at`, `updated_at`) VALUES
	(1, 100001, '100001201801161151469794', 5079.00, 0.00, 0.00, 4, 1, '2018-01-16 11:51:46', '2018-01-16 11:51:46'),
	(2, 5, '5201801171133135313', 10000.00, 0.00, 0.00, 2, 1, '2018-01-17 11:33:13', '2018-01-17 11:33:13'),
	(3, 3, '3201801171434292843', 5000.00, 0.00, 0.00, 2, 1, '2018-01-17 14:34:29', '2018-01-17 14:34:29'),
	(4, 3, '3201801171434504972', 5000.00, 0.00, 0.00, 2, 1, '2018-01-17 14:34:50', '2018-01-17 14:34:50'),
	(5, 100003, '100003201801181023159026', 100.00, 0.00, 0.00, 5, 1, '2018-01-18 10:23:15', '2018-01-18 10:23:15'),
	(6, 100003, '100003201801181033471646', 100.00, 0.00, 0.00, 2, 1, '2018-01-18 10:33:47', '2018-01-18 10:33:47'),
	(7, 100003, '100003201801181033573910', 100.00, 0.00, 0.00, 2, 1, '2018-01-18 10:33:57', '2018-01-18 10:33:57'),
	(8, 100003, '100003201801181034388583', 100.00, 0.00, 0.00, 4, 1, '2018-01-18 10:34:38', '2018-01-18 10:34:38'),
	(9, 100003, '100003201801181034539100', 5000.00, 0.00, 0.00, 4, 1, '2018-01-18 10:34:53', '2018-01-18 10:34:53'),
	(10, 100003, '100003201801181035504783', 100.00, 0.00, 0.00, 5, 1, '2018-01-18 10:35:50', '2018-01-18 10:35:50'),
	(11, 100003, '100003201801181036574414', 100.00, 0.00, 0.00, 2, 1, '2018-01-18 10:36:57', '2018-01-18 10:36:57'),
	(12, 100003, '100003201801181554369940', 1.00, 0.00, 1.00, 5, 1, '2018-01-18 15:54:35', '2018-01-18 15:54:35'),
	(13, 100003, '100003201801181555528588', 1.00, 0.00, 1.00, 5, 1, '2018-01-18 15:55:52', '2018-01-18 15:55:52'),
	(14, 100003, '100003201801181556341823', 1.00, 0.00, 1.00, 5, 1, '2018-01-18 15:56:34', '2018-01-18 15:56:34'),
	(15, 100003, '100003201801181557286785', 1.00, 0.00, 1.00, 5, 1, '2018-01-18 15:57:28', '2018-01-18 15:57:28'),
	(16, 100003, '100003201801181559135902', 1.00, 0.00, 1.00, 5, 1, '2018-01-18 15:59:13', '2018-01-18 15:59:13'),
	(17, 100003, '100003201801181559377387', 1.00, 0.00, 1.00, 5, 1, '2018-01-18 15:59:37', '2018-01-18 15:59:37'),
	(18, 100003, '100003201801181603114247', 1.00, 0.00, 1.00, 5, 1, '2018-01-18 16:03:11', '2018-01-18 16:03:11'),
	(19, 100003, '100003201801181604266138', 1.00, 0.98, 0.02, 5, 1, '2018-01-18 16:04:26', '2018-01-18 16:04:26'),
	(20, 100003, '100003201801181605191182', 1.00, 0.98, 0.02, 5, 1, '2018-01-18 16:05:19', '2018-01-18 16:05:19'),
	(21, 100003, '100003201801181607576380', 1.00, 0.98, 0.02, 5, 1, '2018-01-18 16:07:57', '2018-01-18 16:07:57'),
	(22, 100003, '100003201801181609059748', 1.00, 0.98, 0.02, 5, 1, '2018-01-18 16:09:05', '2018-01-18 16:09:05'),
	(23, 100003, '100003201801181612203820', 1.00, 0.98, 0.02, 5, 2, '2018-01-18 16:12:20', '2018-01-18 16:17:18');
/*!40000 ALTER TABLE `user_charge` ENABLE KEYS */;

-- 导出  表 ylife.user_coupon 结构
DROP TABLE IF EXISTS `user_coupon`;
CREATE TABLE IF NOT EXISTS `user_coupon` (
  `id` int(11) NOT NULL AUTO_INCREMENT,
  `coupon_id` int(11) NOT NULL,
  `user_id` int(11) NOT NULL,
  `use_state` tinyint(4) DEFAULT '1' COMMENT '使用状态：1未使用，2已使用，-1已过期',
  `number` int(11) DEFAULT '1' COMMENT '数量',
  `valid_time` datetime DEFAULT NULL COMMENT '过期时间',
  `created_at` datetime DEFAULT NULL COMMENT '获得时间',
  `updated_at` datetime DEFAULT NULL COMMENT '使用时间',
  PRIMARY KEY (`id`),
  KEY `user_coupon_id` (`coupon_id`,`user_id`) USING BTREE
) ENGINE=InnoDB DEFAULT CHARSET=utf8 COMMENT='用户持有优惠券表';

-- 正在导出表  ylife.user_coupon 的数据：~0 rows (大约)
/*!40000 ALTER TABLE `user_coupon` DISABLE KEYS */;
/*!40000 ALTER TABLE `user_coupon` ENABLE KEYS */;

-- 导出  表 ylife.user_extend 结构
DROP TABLE IF EXISTS `user_extend`;
CREATE TABLE IF NOT EXISTS `user_extend` (
  `user_id` int(11) NOT NULL,
  `realname` varchar(20) NOT NULL COMMENT '真实姓名',
  `mobile` char(11) DEFAULT '' COMMENT '手机号',
  `point` tinyint(3) DEFAULT '0' COMMENT '返点百分比%',
  `rebate_account` decimal(13,2) DEFAULT '0.00' COMMENT '返佣金额',
  `coding` int(10) DEFAULT '0' COMMENT '机构编码或微圈编码',
  `state` tinyint(4) DEFAULT '1',
  `created_at` datetime DEFAULT NULL COMMENT '注册时间',
  `created_by` int(11) DEFAULT NULL,
  `updated_at` datetime DEFAULT NULL,
  `updated_by` int(11) DEFAULT NULL,
  PRIMARY KEY (`user_id`)
) ENGINE=InnoDB DEFAULT CHARSET=utf8 COMMENT='用户表扩展经纪人';

-- 正在导出表  ylife.user_extend 的数据：~0 rows (大约)
/*!40000 ALTER TABLE `user_extend` DISABLE KEYS */;
INSERT INTO `user_extend` (`user_id`, `realname`, `mobile`, `point`, `rebate_account`, `coding`, `state`, `created_at`, `created_by`, `updated_at`, `updated_by`) VALUES
	(100003, '顶顶顶', '15934854815', 0, 0.00, 6, 1, '2018-01-16 16:04:49', 100003, '2018-01-16 16:04:49', 100003);
/*!40000 ALTER TABLE `user_extend` ENABLE KEYS */;

-- 导出  表 ylife.user_give 结构
DROP TABLE IF EXISTS `user_give`;
CREATE TABLE IF NOT EXISTS `user_give` (
  `id` int(11) NOT NULL AUTO_INCREMENT,
  `user_id` int(11) NOT NULL COMMENT '用户ID',
  `amount` decimal(11,2) NOT NULL COMMENT '金额',
  `created_at` datetime DEFAULT NULL COMMENT '赠金时间',
  `created_by` int(11) DEFAULT NULL,
  `updated_at` datetime DEFAULT NULL,
  `updated_by` int(11) DEFAULT NULL,
  PRIMARY KEY (`id`)
) ENGINE=InnoDB AUTO_INCREMENT=2 DEFAULT CHARSET=utf8 COMMENT='赠金记录表';

-- 正在导出表  ylife.user_give 的数据：~0 rows (大约)
/*!40000 ALTER TABLE `user_give` DISABLE KEYS */;
INSERT INTO `user_give` (`id`, `user_id`, `amount`, `created_at`, `created_by`, `updated_at`, `updated_by`) VALUES
	(1, 100001, 2000.00, '2018-01-16 11:31:37', 2, '2018-01-16 11:31:37', 2);
/*!40000 ALTER TABLE `user_give` ENABLE KEYS */;

-- 导出  表 ylife.user_rebate 结构
DROP TABLE IF EXISTS `user_rebate`;
CREATE TABLE IF NOT EXISTS `user_rebate` (
  `id` int(11) NOT NULL AUTO_INCREMENT,
  `order_id` int(11) NOT NULL DEFAULT '0' COMMENT '订单id',
  `user_id` int(11) NOT NULL COMMENT '返点用户ID',
  `pid` int(11) NOT NULL COMMENT '经纪人用户id',
  `amount` decimal(11,2) NOT NULL COMMENT '返点金额',
  `point` tinyint(4) NOT NULL COMMENT '返点百分比%',
  `created_at` datetime DEFAULT NULL COMMENT '申请时间',
  `updated_at` datetime DEFAULT NULL COMMENT '审核时间',
  PRIMARY KEY (`id`),
  KEY `user_id` (`user_id`),
  KEY `pid` (`pid`)
) ENGINE=InnoDB DEFAULT CHARSET=utf8 COMMENT='返点记录表';

-- 正在导出表  ylife.user_rebate 的数据：~0 rows (大约)
/*!40000 ALTER TABLE `user_rebate` DISABLE KEYS */;
/*!40000 ALTER TABLE `user_rebate` ENABLE KEYS */;

-- 导出  表 ylife.user_withdraw 结构
DROP TABLE IF EXISTS `user_withdraw`;
CREATE TABLE IF NOT EXISTS `user_withdraw` (
  `id` int(11) NOT NULL AUTO_INCREMENT,
  `user_id` int(11) NOT NULL COMMENT '用户ID',
  `amount` decimal(11,2) NOT NULL COMMENT '出金金额',
  `account_id` tinyint(4) NOT NULL COMMENT '出金账号ID',
  `out_sn` varchar(25) DEFAULT NULL COMMENT '订单号',
  `type` tinyint(4) DEFAULT '1' COMMENT '类型',
  `op_state` tinyint(4) DEFAULT '1' COMMENT '操作状态：1待审核，2已操作，-1不通过',
  `created_at` datetime DEFAULT NULL COMMENT '申请时间',
  `updated_at` datetime DEFAULT NULL COMMENT '审核时间',
  PRIMARY KEY (`id`),
  KEY `user_id` (`user_id`)
) ENGINE=InnoDB DEFAULT CHARSET=utf8 COMMENT='用户提款表';

-- 正在导出表  ylife.user_withdraw 的数据：~0 rows (大约)
/*!40000 ALTER TABLE `user_withdraw` DISABLE KEYS */;
/*!40000 ALTER TABLE `user_withdraw` ENABLE KEYS */;

/*!40101 SET SQL_MODE=IFNULL(@OLD_SQL_MODE, '') */;
/*!40014 SET FOREIGN_KEY_CHECKS=IF(@OLD_FOREIGN_KEY_CHECKS IS NULL, 1, @OLD_FOREIGN_KEY_CHECKS) */;
/*!40101 SET CHARACTER_SET_CLIENT=@OLD_CHARACTER_SET_CLIENT */;
